tf	target	direction	knockdown_z	evidence
KDM1A	LYZ	represses	3.79	K562 CRISPRi + K562 ChIP; not in OmniPath or bank
KDM1A	VIM	represses	3.72	K562 CRISPRi + K562 ChIP; not in OmniPath or bank
KDM1A	TYROBP	represses	3.59	K562 CRISPRi + K562 ChIP; not in OmniPath or bank
KDM1A	PLAUR	represses	3.15	K562 CRISPRi + K562 ChIP; not in OmniPath or bank
NELFE	FTL	represses	3.14	K562 CRISPRi + K562 ChIP; not in OmniPath or bank
MAX	BLVRB	represses	2.93	K562 CRISPRi + K562 ChIP; not in OmniPath or bank
KDM1A	BST2	represses	2.86	K562 CRISPRi + K562 ChIP; not in OmniPath or bank
CHD4	MDK	represses	2.61	K562 CRISPRi + K562 ChIP; not in OmniPath or bank
RAD21	GP1BB	represses	2.52	K562 CRISPRi + K562 ChIP; not in OmniPath or bank
KDM1A	LGALS1	represses	2.48	K562 CRISPRi + K562 ChIP; not in OmniPath or bank
TAF1	CTSC	represses	2.39	K562 CRISPRi + K562 ChIP; not in OmniPath or bank
KDM1A	ACOX1	represses	2.24	K562 CRISPRi + K562 ChIP; not in OmniPath or bank
SMC3	UBE2H	represses	2.23	K562 CRISPRi + K562 ChIP; not in OmniPath or bank
SMC3	ASAH1	represses	2.12	K562 CRISPRi + K562 ChIP; not in OmniPath or bank
SETDB1	MS4A3	represses	2.03	K562 CRISPRi + K562 ChIP; not in OmniPath or bank
SMC3	CREG1	represses	1.93	K562 CRISPRi + K562 ChIP; not in OmniPath or bank
SMC3	ERP29	represses	1.84	K562 CRISPRi + K562 ChIP; not in OmniPath or bank
TAF1	RPL18A	activates	-1.82	K562 CRISPRi + K562 ChIP; not in OmniPath or bank
TAF1	SAT1	represses	1.67	K562 CRISPRi + K562 ChIP; not in OmniPath or bank
GATA1	YPEL3	represses	1.65	K562 CRISPRi + K562 ChIP; not in OmniPath or bank
KDM1A	TUBA1A	represses	1.64	K562 CRISPRi + K562 ChIP; not in OmniPath or bank
KDM1A	CREG1	represses	1.62	K562 CRISPRi + K562 ChIP; not in OmniPath or bank
GATA1	ATM	represses	1.59	K562 CRISPRi + K562 ChIP; not in OmniPath or bank
KDM1A	IQGAP1	represses	1.58	K562 CRISPRi + K562 ChIP; not in OmniPath or bank
TAF1	RPL23A	activates	-1.58	K562 CRISPRi + K562 ChIP; not in OmniPath or bank
SMC3	TXNIP	represses	1.58	K562 CRISPRi + K562 ChIP; not in OmniPath or bank
E2F6	PLCG2	represses	1.58	K562 CRISPRi + K562 ChIP; not in OmniPath or bank
RBBP5	CITED2	represses	1.53	K562 CRISPRi + K562 ChIP; not in OmniPath or bank
SMC3	PRCP	represses	1.53	K562 CRISPRi + K562 ChIP; not in OmniPath or bank
SMC3	ACP2	represses	1.52	K562 CRISPRi + K562 ChIP; not in OmniPath or bank
SMC3	ERV3-1	represses	1.51	K562 CRISPRi + K562 ChIP; not in OmniPath or bank
RAD21	SDF2L1	represses	1.50	K562 CRISPRi + K562 ChIP; not in OmniPath or bank
MAX	GSTP1	represses	1.48	K562 CRISPRi + K562 ChIP; not in OmniPath or bank
GATA1	PSAP	represses	1.48	K562 CRISPRi + K562 ChIP; not in OmniPath or bank
SMC3	HSP90B1	represses	1.47	K562 CRISPRi + K562 ChIP; not in OmniPath or bank
GATA1	CYTH1	represses	1.46	K562 CRISPRi + K562 ChIP; not in OmniPath or bank
NELFE	RPS2	activates	-1.45	K562 CRISPRi + K562 ChIP; not in OmniPath or bank
GATA1	MR1	represses	1.45	K562 CRISPRi + K562 ChIP; not in OmniPath or bank
CHD4	CD63	represses	1.44	K562 CRISPRi + K562 ChIP; not in OmniPath or bank
TAF1	MKNK2	represses	1.44	K562 CRISPRi + K562 ChIP; not in OmniPath or bank
TAF7	SNHG3	represses	1.44	K562 CRISPRi + K562 ChIP; not in OmniPath or bank
SMC3	MAN1B1	represses	1.43	K562 CRISPRi + K562 ChIP; not in OmniPath or bank
KDM1A	NCKAP1L	represses	1.42	K562 CRISPRi + K562 ChIP; not in OmniPath or bank
SMC3	NUCB1	represses	1.39	K562 CRISPRi + K562 ChIP; not in OmniPath or bank
RBBP5	RNASET2	represses	1.37	K562 CRISPRi + K562 ChIP; not in OmniPath or bank
GATA1	TNFSF9	represses	1.34	K562 CRISPRi + K562 ChIP; not in OmniPath or bank
GATA1	LNPEP	represses	1.33	K562 CRISPRi + K562 ChIP; not in OmniPath or bank
POLR3A	RPS29	represses	1.32	K562 CRISPRi + K562 ChIP; not in OmniPath or bank
SMC3	NUCB2	represses	1.32	K562 CRISPRi + K562 ChIP; not in OmniPath or bank
KDM1A	HLA-E	represses	1.32	K562 CRISPRi + K562 ChIP; not in OmniPath or bank
KDM1A	STMN1	represses	1.31	K562 CRISPRi + K562 ChIP; not in OmniPath or bank
SMC3	MAN2A1	represses	1.31	K562 CRISPRi + K562 ChIP; not in OmniPath or bank
SMC3	DSCR8	represses	1.31	K562 CRISPRi + K562 ChIP; not in OmniPath or bank
TAF1	RPS16	activates	-1.29	K562 CRISPRi + K562 ChIP; not in OmniPath or bank
KDM1A	CRYM	represses	1.28	K562 CRISPRi + K562 ChIP; not in OmniPath or bank
SMC3	MOB1B	represses	1.27	K562 CRISPRi + K562 ChIP; not in OmniPath or bank
NELFE	RPL41	activates	-1.27	K562 CRISPRi + K562 ChIP; not in OmniPath or bank
KDM1A	SDCCAG8	represses	1.25	K562 CRISPRi + K562 ChIP; not in OmniPath or bank
TAF1	RPLP0	activates	-1.25	K562 CRISPRi + K562 ChIP; not in OmniPath or bank
NRF1	HINT1	activates	-1.24	K562 CRISPRi + K562 ChIP; not in OmniPath or bank
SMC3	S100A13	represses	1.24	K562 CRISPRi + K562 ChIP; not in OmniPath or bank
GATA1	ABCA7	represses	1.23	K562 CRISPRi + K562 ChIP; not in OmniPath or bank
TAF7	COMT	activates	-1.23	K562 CRISPRi + K562 ChIP; not in OmniPath or bank
KDM1A	NFKBIA	represses	1.22	K562 CRISPRi + K562 ChIP; not in OmniPath or bank
SMC3	ATAD2B	represses	1.21	K562 CRISPRi + K562 ChIP; not in OmniPath or bank
KDM1A	FUCA1	represses	1.20	K562 CRISPRi + K562 ChIP; not in OmniPath or bank
TAF7	HIST1H2BH	represses	1.20	K562 CRISPRi + K562 ChIP; not in OmniPath or bank
KDM1A	PYGL	represses	1.20	K562 CRISPRi + K562 ChIP; not in OmniPath or bank
GATA1	RAC2	represses	1.19	K562 CRISPRi + K562 ChIP; not in OmniPath or bank
KDM1A	FCGR2A	represses	1.19	K562 CRISPRi + K562 ChIP; not in OmniPath or bank
GATA1	POLM	represses	1.19	K562 CRISPRi + K562 ChIP; not in OmniPath or bank
SMC3	SSR2	represses	1.17	K562 CRISPRi + K562 ChIP; not in OmniPath or bank
SMC3	BNIP3L	represses	1.17	K562 CRISPRi + K562 ChIP; not in OmniPath or bank
GATA1	RCSD1	represses	1.17	K562 CRISPRi + K562 ChIP; not in OmniPath or bank
SMC3	ZMAT3	represses	1.16	K562 CRISPRi + K562 ChIP; not in OmniPath or bank
MAX	UBAC1	represses	1.14	K562 CRISPRi + K562 ChIP; not in OmniPath or bank
GATA1	RHOH	represses	1.14	K562 CRISPRi + K562 ChIP; not in OmniPath or bank
SMC3	NECAP2	represses	1.14	K562 CRISPRi + K562 ChIP; not in OmniPath or bank
RAD21	PPIB	represses	1.13	K562 CRISPRi + K562 ChIP; not in OmniPath or bank
SMC3	GSTP1	activates	-1.12	K562 CRISPRi + K562 ChIP; not in OmniPath or bank
KDM1A	VPS13C	represses	1.11	K562 CRISPRi + K562 ChIP; not in OmniPath or bank
SMC3	RPL21	activates	-1.11	K562 CRISPRi + K562 ChIP; not in OmniPath or bank
GATA1	CISH	represses	1.11	K562 CRISPRi + K562 ChIP; not in OmniPath or bank
SMC3	OGT	represses	1.10	K562 CRISPRi + K562 ChIP; not in OmniPath or bank
NELFE	RPL12	activates	-1.10	K562 CRISPRi + K562 ChIP; not in OmniPath or bank
SMC3	ACSF3	represses	1.09	K562 CRISPRi + K562 ChIP; not in OmniPath or bank
SMC3	SMYD3	represses	1.08	K562 CRISPRi + K562 ChIP; not in OmniPath or bank
SMC3	KDELR1	represses	1.07	K562 CRISPRi + K562 ChIP; not in OmniPath or bank
TAF1	KLHL21	represses	1.06	K562 CRISPRi + K562 ChIP; not in OmniPath or bank
TAF7	HIST1H1C	represses	1.06	K562 CRISPRi + K562 ChIP; not in OmniPath or bank
RBBP5	DCTN3	represses	1.05	K562 CRISPRi + K562 ChIP; not in OmniPath or bank
SMC3	B2M	represses	1.05	K562 CRISPRi + K562 ChIP; not in OmniPath or bank
GATA1	PIP5K1C	represses	1.05	K562 CRISPRi + K562 ChIP; not in OmniPath or bank
TAF1	PNRC1	represses	1.05	K562 CRISPRi + K562 ChIP; not in OmniPath or bank
SMC3	AKAP9	represses	1.05	K562 CRISPRi + K562 ChIP; not in OmniPath or bank
KDM1A	RNASE1	represses	1.05	K562 CRISPRi + K562 ChIP; not in OmniPath or bank
GATA1	ANXA4	represses	1.05	K562 CRISPRi + K562 ChIP; not in OmniPath or bank
TAF1	RAN	activates	-1.05	K562 CRISPRi + K562 ChIP; not in OmniPath or bank
SMC3	NIPAL3	represses	1.04	K562 CRISPRi + K562 ChIP; not in OmniPath or bank
TAF1	RPL10	activates	-1.04	K562 CRISPRi + K562 ChIP; not in OmniPath or bank
SMC3	RPL37	activates	-1.04	K562 CRISPRi + K562 ChIP; not in OmniPath or bank
TAF1	OAZ1	represses	1.03	K562 CRISPRi + K562 ChIP; not in OmniPath or bank
SMC3	KAT2B	represses	1.03	K562 CRISPRi + K562 ChIP; not in OmniPath or bank
SMC3	PRDX5	represses	1.02	K562 CRISPRi + K562 ChIP; not in OmniPath or bank
SMC3	GOLGA2	represses	1.01	K562 CRISPRi + K562 ChIP; not in OmniPath or bank
SMC3	RPS15	activates	-1.01	K562 CRISPRi + K562 ChIP; not in OmniPath or bank
SMC3	RPS2	activates	-1.00	K562 CRISPRi + K562 ChIP; not in OmniPath or bank
KDM1A	BNIP3L	represses	1.00	K562 CRISPRi + K562 ChIP; not in OmniPath or bank
SMC3	ZNF283	represses	1.00	K562 CRISPRi + K562 ChIP; not in OmniPath or bank
GATA1	SH3D21	represses	0.99	K562 CRISPRi + K562 ChIP; not in OmniPath or bank
KDM1A	VCL	represses	0.99	K562 CRISPRi + K562 ChIP; not in OmniPath or bank
SMC3	LAMP1	represses	0.99	K562 CRISPRi + K562 ChIP; not in OmniPath or bank
MYC	HBG2	represses	0.99	K562 CRISPRi + K562 ChIP; not in OmniPath or bank
SMC3	RPS16	activates	-0.98	K562 CRISPRi + K562 ChIP; not in OmniPath or bank
TAF1	RPL37A	activates	-0.98	K562 CRISPRi + K562 ChIP; not in OmniPath or bank
POLR3A	DPP9	represses	0.98	K562 CRISPRi + K562 ChIP; not in OmniPath or bank
GTF2B	NEK7	represses	0.98	K562 CRISPRi + K562 ChIP; not in OmniPath or bank
RBBP5	HIST1H3H	represses	0.98	K562 CRISPRi + K562 ChIP; not in OmniPath or bank
SMC3	KDM5B	represses	0.98	K562 CRISPRi + K562 ChIP; not in OmniPath or bank
SMC3	RPL14	activates	-0.97	K562 CRISPRi + K562 ChIP; not in OmniPath or bank
KDM1A	TRIM38	represses	0.97	K562 CRISPRi + K562 ChIP; not in OmniPath or bank
TAF7	MRPL40	represses	0.97	K562 CRISPRi + K562 ChIP; not in OmniPath or bank
GATA1	RPL18	activates	-0.96	K562 CRISPRi + K562 ChIP; not in OmniPath or bank
SMC3	SECISBP2L	represses	0.96	K562 CRISPRi + K562 ChIP; not in OmniPath or bank
KDM1A	UBE2L6	represses	0.96	K562 CRISPRi + K562 ChIP; not in OmniPath or bank
SMC3	LZTFL1	represses	0.96	K562 CRISPRi + K562 ChIP; not in OmniPath or bank
KDM1A	UBC	represses	0.95	K562 CRISPRi + K562 ChIP; not in OmniPath or bank
SMC3	PPM1K	represses	0.95	K562 CRISPRi + K562 ChIP; not in OmniPath or bank
SIN3A	SAMSN1	represses	0.95	K562 CRISPRi + K562 ChIP; not in OmniPath or bank
RAD21	BNIP3L	represses	0.95	K562 CRISPRi + K562 ChIP; not in OmniPath or bank
MAX	GDF15	represses	0.94	K562 CRISPRi + K562 ChIP; not in OmniPath or bank
TAF1	RB1CC1	represses	0.94	K562 CRISPRi + K562 ChIP; not in OmniPath or bank
TAF1	NME1	activates	-0.94	K562 CRISPRi + K562 ChIP; not in OmniPath or bank
SMC3	ANP32B	activates	-0.94	K562 CRISPRi + K562 ChIP; not in OmniPath or bank
KDM1A	APOBR	represses	0.94	K562 CRISPRi + K562 ChIP; not in OmniPath or bank
GATA1	ALKBH7	represses	0.94	K562 CRISPRi + K562 ChIP; not in OmniPath or bank
NELFE	RPLP0	activates	-0.93	K562 CRISPRi + K562 ChIP; not in OmniPath or bank
MAX	PRDX1	activates	-0.93	K562 CRISPRi + K562 ChIP; not in OmniPath or bank
SMC3	SLC30A6	represses	0.93	K562 CRISPRi + K562 ChIP; not in OmniPath or bank
SMC3	EXT2	represses	0.93	K562 CRISPRi + K562 ChIP; not in OmniPath or bank
KDM1A	ACSM3	represses	0.93	K562 CRISPRi + K562 ChIP; not in OmniPath or bank
GTF2B	ARFIP2	represses	0.92	K562 CRISPRi + K562 ChIP; not in OmniPath or bank
GTF2B	COPS7B	represses	0.92	K562 CRISPRi + K562 ChIP; not in OmniPath or bank
SMC3	LRP10	represses	0.92	K562 CRISPRi + K562 ChIP; not in OmniPath or bank
KDM1A	CAMSAP2	represses	0.92	K562 CRISPRi + K562 ChIP; not in OmniPath or bank
MAX	TPT1	represses	0.92	K562 CRISPRi + K562 ChIP; not in OmniPath or bank
KDM1A	HSPE1	activates	-0.91	K562 CRISPRi + K562 ChIP; not in OmniPath or bank
SMC3	RPSA	activates	-0.91	K562 CRISPRi + K562 ChIP; not in OmniPath or bank
KDM1A	RCSD1	represses	0.91	K562 CRISPRi + K562 ChIP; not in OmniPath or bank
TAF7	HIST1H3H	represses	0.90	K562 CRISPRi + K562 ChIP; not in OmniPath or bank
TAF1	C1QBP	activates	-0.90	K562 CRISPRi + K562 ChIP; not in OmniPath or bank
CBX3	MS4A3	represses	0.90	K562 CRISPRi + K562 ChIP; not in OmniPath or bank
SMC3	POGLUT1	represses	0.90	K562 CRISPRi + K562 ChIP; not in OmniPath or bank
TAF7	RPL28	activates	-0.90	K562 CRISPRi + K562 ChIP; not in OmniPath or bank
GATA1	ITSN2	represses	0.90	K562 CRISPRi + K562 ChIP; not in OmniPath or bank
KDM1A	SERPINB1	represses	0.89	K562 CRISPRi + K562 ChIP; not in OmniPath or bank
SMC3	VPS13C	represses	0.89	K562 CRISPRi + K562 ChIP; not in OmniPath or bank
SMC3	RPS8	activates	-0.89	K562 CRISPRi + K562 ChIP; not in OmniPath or bank
SMC3	PHKB	represses	0.88	K562 CRISPRi + K562 ChIP; not in OmniPath or bank
MAX	TXNIP	represses	0.88	K562 CRISPRi + K562 ChIP; not in OmniPath or bank
MAX	ARL4A	represses	0.88	K562 CRISPRi + K562 ChIP; not in OmniPath or bank
GTF3C2	SDF2L1	represses	0.88	K562 CRISPRi + K562 ChIP; not in OmniPath or bank
SMC3	TMEM106C	represses	0.87	K562 CRISPRi + K562 ChIP; not in OmniPath or bank
TRIM28	ACSM3	represses	0.87	K562 CRISPRi + K562 ChIP; not in OmniPath or bank
KDM1A	HPS3	represses	0.87	K562 CRISPRi + K562 ChIP; not in OmniPath or bank
KDM1A	TKT	represses	0.87	K562 CRISPRi + K562 ChIP; not in OmniPath or bank
SRF	EEF1B2	activates	-0.87	K562 CRISPRi + K562 ChIP; not in OmniPath or bank
RAD21	P4HA1	represses	0.86	K562 CRISPRi + K562 ChIP; not in OmniPath or bank
TAF7	RPSA	activates	-0.86	K562 CRISPRi + K562 ChIP; not in OmniPath or bank
KDM1A	TRIM56	represses	0.86	K562 CRISPRi + K562 ChIP; not in OmniPath or bank
RAD21	ICAM1	represses	0.86	K562 CRISPRi + K562 ChIP; not in OmniPath or bank
SMC3	RPS19	activates	-0.85	K562 CRISPRi + K562 ChIP; not in OmniPath or bank
THAP1	UBA52	represses	0.85	K562 CRISPRi + K562 ChIP; not in OmniPath or bank
TAF7	PCF11	represses	0.85	K562 CRISPRi + K562 ChIP; not in OmniPath or bank
SAP30	CSNK1G3	represses	0.85	K562 CRISPRi + K562 ChIP; not in OmniPath or bank
GATA1	ATP6V1F	represses	0.85	K562 CRISPRi + K562 ChIP; not in OmniPath or bank
KDM1A	GP1BB	activates	-0.85	K562 CRISPRi + K562 ChIP; not in OmniPath or bank
SMC3	CTSF	represses	0.84	K562 CRISPRi + K562 ChIP; not in OmniPath or bank
TRIM28	RPL13A	activates	-0.84	K562 CRISPRi + K562 ChIP; not in OmniPath or bank
RBBP5	KCTD13	represses	0.84	K562 CRISPRi + K562 ChIP; not in OmniPath or bank
SMC3	THAP6	represses	0.84	K562 CRISPRi + K562 ChIP; not in OmniPath or bank
KDM1A	ASAH1	represses	0.84	K562 CRISPRi + K562 ChIP; not in OmniPath or bank
NELFE	RPSA	activates	-0.83	K562 CRISPRi + K562 ChIP; not in OmniPath or bank
TAF7	RPL10	activates	-0.83	K562 CRISPRi + K562 ChIP; not in OmniPath or bank
MAX	KLF1	represses	0.83	K562 CRISPRi + K562 ChIP; not in OmniPath or bank
SMC3	RPS3A	activates	-0.83	K562 CRISPRi + K562 ChIP; not in OmniPath or bank
POLR3A	RMI1	represses	0.83	K562 CRISPRi + K562 ChIP; not in OmniPath or bank
SMC3	CHD2	represses	0.83	K562 CRISPRi + K562 ChIP; not in OmniPath or bank
SMC3	FBXO34	represses	0.83	K562 CRISPRi + K562 ChIP; not in OmniPath or bank
HCFC1	EEF1A1	represses	0.83	K562 CRISPRi + K562 ChIP; not in OmniPath or bank
SPI1	KRT8	represses	0.82	K562 CRISPRi + K562 ChIP; not in OmniPath or bank
TAF7	RPS12	activates	-0.82	K562 CRISPRi + K562 ChIP; not in OmniPath or bank
MAFK	HSP90AB1	represses	0.82	K562 CRISPRi + K562 ChIP; not in OmniPath or bank
THAP1	AKT1S1	represses	0.82	K562 CRISPRi + K562 ChIP; not in OmniPath or bank
TAF1	PRKAR2B	activates	-0.82	K562 CRISPRi + K562 ChIP; not in OmniPath or bank
SMC3	CTSZ	represses	0.82	K562 CRISPRi + K562 ChIP; not in OmniPath or bank
CHD4	TMEM54	represses	0.81	K562 CRISPRi + K562 ChIP; not in OmniPath or bank
SMC3	SNRPE	activates	-0.81	K562 CRISPRi + K562 ChIP; not in OmniPath or bank
TAF1	RPL35	activates	-0.81	K562 CRISPRi + K562 ChIP; not in OmniPath or bank
GATA1	SNAP23	represses	0.81	K562 CRISPRi + K562 ChIP; not in OmniPath or bank
GATA1	USP9X	represses	0.81	K562 CRISPRi + K562 ChIP; not in OmniPath or bank
GATA1	ZNF107	represses	0.81	K562 CRISPRi + K562 ChIP; not in OmniPath or bank
KDM1A	SLC20A1	represses	0.81	K562 CRISPRi + K562 ChIP; not in OmniPath or bank
ZNF143	BLVRB	represses	0.81	K562 CRISPRi + K562 ChIP; not in OmniPath or bank
KDM1A	ORAI3	represses	0.80	K562 CRISPRi + K562 ChIP; not in OmniPath or bank
RAD21	APOE	activates	-0.80	K562 CRISPRi + K562 ChIP; not in OmniPath or bank
SMC3	CPD	represses	0.80	K562 CRISPRi + K562 ChIP; not in OmniPath or bank
TAF1	AK1	represses	0.80	K562 CRISPRi + K562 ChIP; not in OmniPath or bank
GTF3C2	SEC61G	represses	0.80	K562 CRISPRi + K562 ChIP; not in OmniPath or bank
SMC3	IFNAR2	represses	0.80	K562 CRISPRi + K562 ChIP; not in OmniPath or bank
GATA1	IER5	represses	0.80	K562 CRISPRi + K562 ChIP; not in OmniPath or bank
KDM1A	RILPL2	represses	0.80	K562 CRISPRi + K562 ChIP; not in OmniPath or bank
THAP1	RPS19	represses	0.80	K562 CRISPRi + K562 ChIP; not in OmniPath or bank
GATA1	CD59	represses	0.80	K562 CRISPRi + K562 ChIP; not in OmniPath or bank
KDM1A	MIF	activates	-0.80	K562 CRISPRi + K562 ChIP; not in OmniPath or bank
KDM1A	CAST	represses	0.80	K562 CRISPRi + K562 ChIP; not in OmniPath or bank
POLR3A	ANGEL2	represses	0.80	K562 CRISPRi + K562 ChIP; not in OmniPath or bank
TRIM28	RPL18	activates	-0.79	K562 CRISPRi + K562 ChIP; not in OmniPath or bank
SMC3	ZNF281	represses	0.79	K562 CRISPRi + K562 ChIP; not in OmniPath or bank
MAX	ASH2L	represses	0.79	K562 CRISPRi + K562 ChIP; not in OmniPath or bank
CBX3	NKAP	represses	0.78	K562 CRISPRi + K562 ChIP; not in OmniPath or bank
GATA1	DAB2	represses	0.78	K562 CRISPRi + K562 ChIP; not in OmniPath or bank
MAX	RFESD	represses	0.78	K562 CRISPRi + K562 ChIP; not in OmniPath or bank
THAP1	MRPL36	represses	0.78	K562 CRISPRi + K562 ChIP; not in OmniPath or bank
TAF1	SLC25A4	represses	0.78	K562 CRISPRi + K562 ChIP; not in OmniPath or bank
MXI1	MT2A	represses	0.78	K562 CRISPRi + K562 ChIP; not in OmniPath or bank
GTF3C2	HAX1	represses	0.78	K562 CRISPRi + K562 ChIP; not in OmniPath or bank
SMC3	RPL36	activates	-0.78	K562 CRISPRi + K562 ChIP; not in OmniPath or bank
SMC3	LRCH3	represses	0.77	K562 CRISPRi + K562 ChIP; not in OmniPath or bank
TAF1	CCT5	activates	-0.77	K562 CRISPRi + K562 ChIP; not in OmniPath or bank
TRIM28	ATF7IP2	represses	0.77	K562 CRISPRi + K562 ChIP; not in OmniPath or bank
TAF1	EPB41	represses	0.77	K562 CRISPRi + K562 ChIP; not in OmniPath or bank
SMC3	FIS1	represses	0.77	K562 CRISPRi + K562 ChIP; not in OmniPath or bank
KDM1A	STAT6	represses	0.77	K562 CRISPRi + K562 ChIP; not in OmniPath or bank
SMC3	USP25	represses	0.77	K562 CRISPRi + K562 ChIP; not in OmniPath or bank
SMC3	ZNF205	represses	0.77	K562 CRISPRi + K562 ChIP; not in OmniPath or bank
NRF1	RPS4X	activates	-0.77	K562 CRISPRi + K562 ChIP; not in OmniPath or bank
SMC3	RPS21	activates	-0.76	K562 CRISPRi + K562 ChIP; not in OmniPath or bank
POLR3A	PSMB3	represses	0.76	K562 CRISPRi + K562 ChIP; not in OmniPath or bank
KDM1A	PIGX	represses	0.76	K562 CRISPRi + K562 ChIP; not in OmniPath or bank
SMC3	DUT	activates	-0.76	K562 CRISPRi + K562 ChIP; not in OmniPath or bank
ZNF143	RNF7	activates	-0.76	K562 CRISPRi + K562 ChIP; not in OmniPath or bank
MAX	MIF	activates	-0.76	K562 CRISPRi + K562 ChIP; not in OmniPath or bank
KDM1A	EIF5A	activates	-0.76	K562 CRISPRi + K562 ChIP; not in OmniPath or bank
RBBP5	MYO6	represses	0.76	K562 CRISPRi + K562 ChIP; not in OmniPath or bank
CHD4	CPXM1	represses	0.75	K562 CRISPRi + K562 ChIP; not in OmniPath or bank
SMC3	RPS23	activates	-0.75	K562 CRISPRi + K562 ChIP; not in OmniPath or bank
TAF7	INTS6	represses	0.75	K562 CRISPRi + K562 ChIP; not in OmniPath or bank
TAF1	TMEM30A	represses	0.75	K562 CRISPRi + K562 ChIP; not in OmniPath or bank
SMC3	KRTCAP2	represses	0.75	K562 CRISPRi + K562 ChIP; not in OmniPath or bank
KDM1A	ANXA2	represses	0.75	K562 CRISPRi + K562 ChIP; not in OmniPath or bank
POLR3A	RAB11A	represses	0.75	K562 CRISPRi + K562 ChIP; not in OmniPath or bank
SMC3	PHB	activates	-0.75	K562 CRISPRi + K562 ChIP; not in OmniPath or bank
SMC3	ITGB1	represses	0.75	K562 CRISPRi + K562 ChIP; not in OmniPath or bank
SMC3	RPLP0	activates	-0.75	K562 CRISPRi + K562 ChIP; not in OmniPath or bank
SMC3	RPL29	activates	-0.74	K562 CRISPRi + K562 ChIP; not in OmniPath or bank
KDM1A	GCSH	activates	-0.74	K562 CRISPRi + K562 ChIP; not in OmniPath or bank
SMC3	GLG1	represses	0.74	K562 CRISPRi + K562 ChIP; not in OmniPath or bank
KDM1A	COMMD7	represses	0.74	K562 CRISPRi + K562 ChIP; not in OmniPath or bank
SMC3	CDC45	activates	-0.74	K562 CRISPRi + K562 ChIP; not in OmniPath or bank
SMC3	ATF7IP2	represses	0.74	K562 CRISPRi + K562 ChIP; not in OmniPath or bank
NELFE	RPLP1	activates	-0.74	K562 CRISPRi + K562 ChIP; not in OmniPath or bank
NELFE	RPS9	activates	-0.74	K562 CRISPRi + K562 ChIP; not in OmniPath or bank
RAD21	GNAS	represses	0.74	K562 CRISPRi + K562 ChIP; not in OmniPath or bank
THAP1	PSMB5	activates	-0.74	K562 CRISPRi + K562 ChIP; not in OmniPath or bank
NR2F2	JUNB	represses	0.74	K562 CRISPRi + K562 ChIP; not in OmniPath or bank
TAF7	RPL6	activates	-0.74	K562 CRISPRi + K562 ChIP; not in OmniPath or bank
RBBP5	LSS	represses	0.74	K562 CRISPRi + K562 ChIP; not in OmniPath or bank
POLR3A	SORD	represses	0.74	K562 CRISPRi + K562 ChIP; not in OmniPath or bank
SMC3	STRN	represses	0.73	K562 CRISPRi + K562 ChIP; not in OmniPath or bank
GATA1	APOBEC3C	represses	0.73	K562 CRISPRi + K562 ChIP; not in OmniPath or bank
GATA1	CCNDBP1	represses	0.73	K562 CRISPRi + K562 ChIP; not in OmniPath or bank
RCOR1	BST2	represses	0.73	K562 CRISPRi + K562 ChIP; not in OmniPath or bank
SMC3	DDX21	activates	-0.73	K562 CRISPRi + K562 ChIP; not in OmniPath or bank
MAX	EIF5A	activates	-0.73	K562 CRISPRi + K562 ChIP; not in OmniPath or bank
RAD21	TBPL1	represses	0.73	K562 CRISPRi + K562 ChIP; not in OmniPath or bank
KDM1A	LAPTM4A	represses	0.73	K562 CRISPRi + K562 ChIP; not in OmniPath or bank
SMC3	PRKCSH	represses	0.73	K562 CRISPRi + K562 ChIP; not in OmniPath or bank
GATA1	MYO1C	represses	0.73	K562 CRISPRi + K562 ChIP; not in OmniPath or bank
MAX	NME2	activates	-0.73	K562 CRISPRi + K562 ChIP; not in OmniPath or bank
KDM1A	IFNAR1	represses	0.72	K562 CRISPRi + K562 ChIP; not in OmniPath or bank
TAF1	PIP4K2C	represses	0.72	K562 CRISPRi + K562 ChIP; not in OmniPath or bank
TAF7	CCNL1	represses	0.72	K562 CRISPRi + K562 ChIP; not in OmniPath or bank
ZNF274	NDE1	represses	0.72	K562 CRISPRi + K562 ChIP; not in OmniPath or bank
SMC3	MYO18A	represses	0.72	K562 CRISPRi + K562 ChIP; not in OmniPath or bank
MYC	FADS1	represses	0.72	K562 CRISPRi + K562 ChIP; not in OmniPath or bank
NELFE	BTG1	represses	0.72	K562 CRISPRi + K562 ChIP; not in OmniPath or bank
SMC3	TNFRSF10B	represses	0.72	K562 CRISPRi + K562 ChIP; not in OmniPath or bank
KDM1A	MFGE8	represses	0.72	K562 CRISPRi + K562 ChIP; not in OmniPath or bank
MAX	UCP2	represses	0.72	K562 CRISPRi + K562 ChIP; not in OmniPath or bank
GATA1	CHCHD2	activates	-0.71	K562 CRISPRi + K562 ChIP; not in OmniPath or bank
SP2	RPL18A	activates	-0.71	K562 CRISPRi + K562 ChIP; not in OmniPath or bank
SMC3	TMBIM6	represses	0.71	K562 CRISPRi + K562 ChIP; not in OmniPath or bank
KDM1A	DBI	represses	0.71	K562 CRISPRi + K562 ChIP; not in OmniPath or bank
SMC3	UGDH	represses	0.71	K562 CRISPRi + K562 ChIP; not in OmniPath or bank
GATA1	MYL12A	represses	0.71	K562 CRISPRi + K562 ChIP; not in OmniPath or bank
SMC3	STK4	represses	0.71	K562 CRISPRi + K562 ChIP; not in OmniPath or bank
MAX	PPA1	activates	-0.71	K562 CRISPRi + K562 ChIP; not in OmniPath or bank
SMC3	NASP	activates	-0.71	K562 CRISPRi + K562 ChIP; not in OmniPath or bank
TAF1	DHRS1	represses	0.70	K562 CRISPRi + K562 ChIP; not in OmniPath or bank
NELFE	SNHG5	activates	-0.70	K562 CRISPRi + K562 ChIP; not in OmniPath or bank
KDM1A	PSAP	represses	0.70	K562 CRISPRi + K562 ChIP; not in OmniPath or bank
HCFC1	RPS23	represses	0.70	K562 CRISPRi + K562 ChIP; not in OmniPath or bank
CBX3	CDC25B	represses	0.70	K562 CRISPRi + K562 ChIP; not in OmniPath or bank
GATA1	RNF145	represses	0.70	K562 CRISPRi + K562 ChIP; not in OmniPath or bank
CHD4	RNASET2	represses	0.70	K562 CRISPRi + K562 ChIP; not in OmniPath or bank
SMC3	RNF144A	represses	0.70	K562 CRISPRi + K562 ChIP; not in OmniPath or bank
EP300	APOC1	activates	-0.70	K562 CRISPRi + K562 ChIP; not in OmniPath or bank
TAF7	HIST1H2AG	represses	0.70	K562 CRISPRi + K562 ChIP; not in OmniPath or bank
GTF2B	ZNF700	represses	0.70	K562 CRISPRi + K562 ChIP; not in OmniPath or bank
SMC3	CCNC	activates	-0.70	K562 CRISPRi + K562 ChIP; not in OmniPath or bank
MEF2A	HBD	represses	0.70	K562 CRISPRi + K562 ChIP; not in OmniPath or bank
SMC3	SYNGR2	represses	0.70	K562 CRISPRi + K562 ChIP; not in OmniPath or bank
SMC3	ACSL3	represses	0.70	K562 CRISPRi + K562 ChIP; not in OmniPath or bank
TAF1	SLC39A3	activates	-0.70	K562 CRISPRi + K562 ChIP; not in OmniPath or bank
SMC3	CD59	represses	0.70	K562 CRISPRi + K562 ChIP; not in OmniPath or bank
TBP	HIST1H1C	represses	0.70	K562 CRISPRi + K562 ChIP; not in OmniPath or bank
MAX	ANKRD10	represses	0.70	K562 CRISPRi + K562 ChIP; not in OmniPath or bank
RBBP5	LRRC28	represses	0.69	K562 CRISPRi + K562 ChIP; not in OmniPath or bank
TAF1	MTHFD2L	represses	0.69	K562 CRISPRi + K562 ChIP; not in OmniPath or bank
RAD21	GNPTAB	represses	0.69	K562 CRISPRi + K562 ChIP; not in OmniPath or bank
GATA1	PNPLA6	represses	0.69	K562 CRISPRi + K562 ChIP; not in OmniPath or bank
MYC	PVT1	represses	0.69	K562 CRISPRi + K562 ChIP; not in OmniPath or bank
SMC3	GNB2	represses	0.68	K562 CRISPRi + K562 ChIP; not in OmniPath or bank
TAF1	ANXA2	represses	0.68	K562 CRISPRi + K562 ChIP; not in OmniPath or bank
SMC3	RPS7	activates	-0.68	K562 CRISPRi + K562 ChIP; not in OmniPath or bank
SMC3	SNRPD1	activates	-0.68	K562 CRISPRi + K562 ChIP; not in OmniPath or bank
SMC3	RPL22	activates	-0.68	K562 CRISPRi + K562 ChIP; not in OmniPath or bank
SMC3	ZNF746	represses	0.68	K562 CRISPRi + K562 ChIP; not in OmniPath or bank
GATA1	UNC13D	represses	0.68	K562 CRISPRi + K562 ChIP; not in OmniPath or bank
MYC	MYL6	represses	0.68	K562 CRISPRi + K562 ChIP; not in OmniPath or bank
GATA1	NUDT3	represses	0.67	K562 CRISPRi + K562 ChIP; not in OmniPath or bank
SMC3	R3HCC1	represses	0.67	K562 CRISPRi + K562 ChIP; not in OmniPath or bank
TAF1	TMEM134	represses	0.67	K562 CRISPRi + K562 ChIP; not in OmniPath or bank
MAX	TIMP1	represses	0.67	K562 CRISPRi + K562 ChIP; not in OmniPath or bank
NFYA	NFYB	represses	0.67	K562 CRISPRi + K562 ChIP; not in OmniPath or bank
KDM1A	TSC22D4	represses	0.67	K562 CRISPRi + K562 ChIP; not in OmniPath or bank
GATA1	HINT1	activates	-0.67	K562 CRISPRi + K562 ChIP; not in OmniPath or bank
KDM1A	SNX3	represses	0.67	K562 CRISPRi + K562 ChIP; not in OmniPath or bank
MEF2A	HMGA1	activates	-0.67	K562 CRISPRi + K562 ChIP; not in OmniPath or bank
SP1	TRAPPC6A	represses	0.67	K562 CRISPRi + K562 ChIP; not in OmniPath or bank
CHD4	COMT	activates	-0.67	K562 CRISPRi + K562 ChIP; not in OmniPath or bank
TBP	RPS8	activates	-0.67	K562 CRISPRi + K562 ChIP; not in OmniPath or bank
SMC3	DAPK3	represses	0.67	K562 CRISPRi + K562 ChIP; not in OmniPath or bank
RAD21	SOCS1	represses	0.67	K562 CRISPRi + K562 ChIP; not in OmniPath or bank
SAP30	CPSF7	represses	0.66	K562 CRISPRi + K562 ChIP; not in OmniPath or bank
MAX	RAN	activates	-0.66	K562 CRISPRi + K562 ChIP; not in OmniPath or bank
KDM1A	TRAPPC6A	represses	0.66	K562 CRISPRi + K562 ChIP; not in OmniPath or bank
MAX	NARF	represses	0.66	K562 CRISPRi + K562 ChIP; not in OmniPath or bank
TAF1	MRPS15	activates	-0.66	K562 CRISPRi + K562 ChIP; not in OmniPath or bank
NELFE	NXF1	represses	0.66	K562 CRISPRi + K562 ChIP; not in OmniPath or bank
ARID3A	ANXA2	represses	0.66	K562 CRISPRi + K562 ChIP; not in OmniPath or bank
SMC3	RPL35	activates	-0.66	K562 CRISPRi + K562 ChIP; not in OmniPath or bank
SMC3	DMAP1	represses	0.66	K562 CRISPRi + K562 ChIP; not in OmniPath or bank
SMC3	PLEKHA3	represses	0.66	K562 CRISPRi + K562 ChIP; not in OmniPath or bank
POLR3A	SEC63	activates	-0.66	K562 CRISPRi + K562 ChIP; not in OmniPath or bank
NRF1	ANTXR2	represses	0.66	K562 CRISPRi + K562 ChIP; not in OmniPath or bank
KDM1A	RABGAP1L	represses	0.66	K562 CRISPRi + K562 ChIP; not in OmniPath or bank
GTF3C2	RANBP1	activates	-0.66	K562 CRISPRi + K562 ChIP; not in OmniPath or bank
TAF1	ISG15	represses	0.66	K562 CRISPRi + K562 ChIP; not in OmniPath or bank
RAD21	GSTP1	activates	-0.66	K562 CRISPRi + K562 ChIP; not in OmniPath or bank
SAP30	EIF5A2	represses	0.66	K562 CRISPRi + K562 ChIP; not in OmniPath or bank
SMC3	YKT6	represses	0.66	K562 CRISPRi + K562 ChIP; not in OmniPath or bank
MYC	UBAC1	represses	0.66	K562 CRISPRi + K562 ChIP; not in OmniPath or bank
SMC3	BRF2	represses	0.66	K562 CRISPRi + K562 ChIP; not in OmniPath or bank
MAX	RAB11FIP1	represses	0.66	K562 CRISPRi + K562 ChIP; not in OmniPath or bank
RBBP5	TFIP11	represses	0.65	K562 CRISPRi + K562 ChIP; not in OmniPath or bank
GATA1	FTH1	represses	0.65	K562 CRISPRi + K562 ChIP; not in OmniPath or bank
GATA1	MYO18A	represses	0.65	K562 CRISPRi + K562 ChIP; not in OmniPath or bank
KDM1A	HEPH	represses	0.65	K562 CRISPRi + K562 ChIP; not in OmniPath or bank
MYC	HIST1H1C	represses	0.65	K562 CRISPRi + K562 ChIP; not in OmniPath or bank
GATA1	UROD	activates	-0.65	K562 CRISPRi + K562 ChIP; not in OmniPath or bank
SMC3	CTNNB1	represses	0.65	K562 CRISPRi + K562 ChIP; not in OmniPath or bank
TAF7	SNHG9	represses	0.65	K562 CRISPRi + K562 ChIP; not in OmniPath or bank
RAD21	RABAC1	represses	0.65	K562 CRISPRi + K562 ChIP; not in OmniPath or bank
TAF1	CES2	represses	0.65	K562 CRISPRi + K562 ChIP; not in OmniPath or bank
SMC3	TRPC4AP	represses	0.65	K562 CRISPRi + K562 ChIP; not in OmniPath or bank
TAF1	CHCHD2	activates	-0.65	K562 CRISPRi + K562 ChIP; not in OmniPath or bank
MAX	HSPD1	activates	-0.65	K562 CRISPRi + K562 ChIP; not in OmniPath or bank
MAX	RANBP1	activates	-0.65	K562 CRISPRi + K562 ChIP; not in OmniPath or bank
SMC3	EIF3G	activates	-0.65	K562 CRISPRi + K562 ChIP; not in OmniPath or bank
TAF1	IL13RA1	represses	0.65	K562 CRISPRi + K562 ChIP; not in OmniPath or bank
SMC3	STYXL1	represses	0.65	K562 CRISPRi + K562 ChIP; not in OmniPath or bank
TAF7	RPS6	activates	-0.64	K562 CRISPRi + K562 ChIP; not in OmniPath or bank
TAF7	H1FX	represses	0.64	K562 CRISPRi + K562 ChIP; not in OmniPath or bank
KDM1A	CCNL1	represses	0.64	K562 CRISPRi + K562 ChIP; not in OmniPath or bank
GTF2B	NDUFA7	represses	0.64	K562 CRISPRi + K562 ChIP; not in OmniPath or bank
THAP1	ALG12	represses	0.64	K562 CRISPRi + K562 ChIP; not in OmniPath or bank
NELFE	RPL13	activates	-0.64	K562 CRISPRi + K562 ChIP; not in OmniPath or bank
SMC3	TERF2IP	represses	0.64	K562 CRISPRi + K562 ChIP; not in OmniPath or bank
SMC3	SF3A3	activates	-0.64	K562 CRISPRi + K562 ChIP; not in OmniPath or bank
ARID3A	CSTB	represses	0.64	K562 CRISPRi + K562 ChIP; not in OmniPath or bank
TAF1	RPL18	activates	-0.64	K562 CRISPRi + K562 ChIP; not in OmniPath or bank
SMC3	KDM4A	represses	0.64	K562 CRISPRi + K562 ChIP; not in OmniPath or bank
GATA1	RABEP2	represses	0.64	K562 CRISPRi + K562 ChIP; not in OmniPath or bank
ZC3H11A	BRCA2	represses	0.64	K562 CRISPRi + K562 ChIP; not in OmniPath or bank
SMC3	POLR3K	activates	-0.64	K562 CRISPRi + K562 ChIP; not in OmniPath or bank
TAF7	RPL15	activates	-0.64	K562 CRISPRi + K562 ChIP; not in OmniPath or bank
KDM1A	MRPS15	activates	-0.64	K562 CRISPRi + K562 ChIP; not in OmniPath or bank
TAF7	ENO1	activates	-0.64	K562 CRISPRi + K562 ChIP; not in OmniPath or bank
SETDB1	ZNF75A	represses	0.64	K562 CRISPRi + K562 ChIP; not in OmniPath or bank
SMC3	APPBP2	represses	0.63	K562 CRISPRi + K562 ChIP; not in OmniPath or bank
SMC3	RNF7	represses	0.63	K562 CRISPRi + K562 ChIP; not in OmniPath or bank
RBBP5	TRADD	represses	0.63	K562 CRISPRi + K562 ChIP; not in OmniPath or bank
SETDB1	RPL21	activates	-0.63	K562 CRISPRi + K562 ChIP; not in OmniPath or bank
GTF2B	RPL36A	represses	0.63	K562 CRISPRi + K562 ChIP; not in OmniPath or bank
SMC3	TXNRD2	represses	0.63	K562 CRISPRi + K562 ChIP; not in OmniPath or bank
SMC3	WRNIP1	represses	0.63	K562 CRISPRi + K562 ChIP; not in OmniPath or bank
SAP30	TRIAP1	represses	0.63	K562 CRISPRi + K562 ChIP; not in OmniPath or bank
MEF2A	KLHL24	represses	0.63	K562 CRISPRi + K562 ChIP; not in OmniPath or bank
SMC3	PDSS2	represses	0.63	K562 CRISPRi + K562 ChIP; not in OmniPath or bank
TBP	RPL13	activates	-0.63	K562 CRISPRi + K562 ChIP; not in OmniPath or bank
SMC3	POLB	represses	0.63	K562 CRISPRi + K562 ChIP; not in OmniPath or bank
SP2	PGD	represses	0.63	K562 CRISPRi + K562 ChIP; not in OmniPath or bank
GTF2B	QPRT	represses	0.63	K562 CRISPRi + K562 ChIP; not in OmniPath or bank
RBBP5	TBCB	represses	0.62	K562 CRISPRi + K562 ChIP; not in OmniPath or bank
RBBP5	ATP6AP2	represses	0.62	K562 CRISPRi + K562 ChIP; not in OmniPath or bank
GATA1	HMG20B	represses	0.62	K562 CRISPRi + K562 ChIP; not in OmniPath or bank
ZNF143	HIST1H4H	represses	0.62	K562 CRISPRi + K562 ChIP; not in OmniPath or bank
NELFE	HIST1H3H	represses	0.62	K562 CRISPRi + K562 ChIP; not in OmniPath or bank
SMC3	TSC22D4	represses	0.62	K562 CRISPRi + K562 ChIP; not in OmniPath or bank
TAF1	ID1	represses	0.62	K562 CRISPRi + K562 ChIP; not in OmniPath or bank
SMC3	MRPL37	activates	-0.62	K562 CRISPRi + K562 ChIP; not in OmniPath or bank
TAF1	ESD	activates	-0.62	K562 CRISPRi + K562 ChIP; not in OmniPath or bank
CHD4	ADAM15	represses	0.62	K562 CRISPRi + K562 ChIP; not in OmniPath or bank
TAF1	SMS	activates	-0.62	K562 CRISPRi + K562 ChIP; not in OmniPath or bank
RAD21	MALAT1	represses	0.62	K562 CRISPRi + K562 ChIP; not in OmniPath or bank
KDM1A	RPL35	activates	-0.62	K562 CRISPRi + K562 ChIP; not in OmniPath or bank
SMC3	WDR60	represses	0.62	K562 CRISPRi + K562 ChIP; not in OmniPath or bank
MAX	SERBP1	activates	-0.62	K562 CRISPRi + K562 ChIP; not in OmniPath or bank
SP2	LSM4	represses	0.62	K562 CRISPRi + K562 ChIP; not in OmniPath or bank
SP1	HSPD1	activates	-0.62	K562 CRISPRi + K562 ChIP; not in OmniPath or bank
SMC3	RHBDD3	represses	0.62	K562 CRISPRi + K562 ChIP; not in OmniPath or bank
MEF2A	TMEM14B	represses	0.62	K562 CRISPRi + K562 ChIP; not in OmniPath or bank
RAD21	RPL10A	activates	-0.62	K562 CRISPRi + K562 ChIP; not in OmniPath or bank
TAF1	SUPT5H	represses	0.62	K562 CRISPRi + K562 ChIP; not in OmniPath or bank
CHD4	CXXC5	represses	0.61	K562 CRISPRi + K562 ChIP; not in OmniPath or bank
SAP30	NR2F2	represses	0.61	K562 CRISPRi + K562 ChIP; not in OmniPath or bank
SETDB1	AKAP11	represses	0.61	K562 CRISPRi + K562 ChIP; not in OmniPath or bank
TAF1	COPS6	represses	0.61	K562 CRISPRi + K562 ChIP; not in OmniPath or bank
NRF1	RPL10	activates	-0.61	K562 CRISPRi + K562 ChIP; not in OmniPath or bank
CHD4	NPC2	represses	0.61	K562 CRISPRi + K562 ChIP; not in OmniPath or bank
GATA1	RBM39	represses	0.61	K562 CRISPRi + K562 ChIP; not in OmniPath or bank
EP300	GMPPA	represses	0.61	K562 CRISPRi + K562 ChIP; not in OmniPath or bank
KDM1A	ATP6V0E1	represses	0.61	K562 CRISPRi + K562 ChIP; not in OmniPath or bank
GATA1	DEDD2	represses	0.61	K562 CRISPRi + K562 ChIP; not in OmniPath or bank
GTF2B	MRPL3	activates	-0.61	K562 CRISPRi + K562 ChIP; not in OmniPath or bank
RBBP5	RELA	represses	0.61	K562 CRISPRi + K562 ChIP; not in OmniPath or bank
MYC	GP1BB	represses	0.61	K562 CRISPRi + K562 ChIP; not in OmniPath or bank
MAX	ENO1	activates	-0.61	K562 CRISPRi + K562 ChIP; not in OmniPath or bank
CBX3	FGD6	represses	0.61	K562 CRISPRi + K562 ChIP; not in OmniPath or bank
SAP30	ZNF283	represses	0.61	K562 CRISPRi + K562 ChIP; not in OmniPath or bank
TRIM28	CHCHD2	represses	0.61	K562 CRISPRi + K562 ChIP; not in OmniPath or bank
TAF1	NUB1	represses	0.61	K562 CRISPRi + K562 ChIP; not in OmniPath or bank
KDM1A	TM7SF3	represses	0.61	K562 CRISPRi + K562 ChIP; not in OmniPath or bank
KDM1A	CD55	represses	0.60	K562 CRISPRi + K562 ChIP; not in OmniPath or bank
CBX3	RANBP10	represses	0.60	K562 CRISPRi + K562 ChIP; not in OmniPath or bank
SMC3	PRDX6	activates	-0.60	K562 CRISPRi + K562 ChIP; not in OmniPath or bank
SMC3	CNST	represses	0.60	K562 CRISPRi + K562 ChIP; not in OmniPath or bank
NRF1	PGLS	activates	-0.60	K562 CRISPRi + K562 ChIP; not in OmniPath or bank
TRIM28	NDUFA6	represses	0.60	K562 CRISPRi + K562 ChIP; not in OmniPath or bank
SMC3	PRKAB2	represses	0.60	K562 CRISPRi + K562 ChIP; not in OmniPath or bank
GATA1	SLC39A3	activates	-0.60	K562 CRISPRi + K562 ChIP; not in OmniPath or bank
TAF1	CCNL2	represses	0.60	K562 CRISPRi + K562 ChIP; not in OmniPath or bank
SMC3	PPIF	activates	-0.60	K562 CRISPRi + K562 ChIP; not in OmniPath or bank
SETDB1	SDF2L1	represses	0.60	K562 CRISPRi + K562 ChIP; not in OmniPath or bank
GATA1	GLG1	represses	0.60	K562 CRISPRi + K562 ChIP; not in OmniPath or bank
TRIM28	FAM192A	represses	0.60	K562 CRISPRi + K562 ChIP; not in OmniPath or bank
KDM1A	IFNGR1	represses	0.59	K562 CRISPRi + K562 ChIP; not in OmniPath or bank
GTF2B	SKAP2	represses	0.59	K562 CRISPRi + K562 ChIP; not in OmniPath or bank
RBBP5	ANKIB1	represses	0.59	K562 CRISPRi + K562 ChIP; not in OmniPath or bank
NRF1	GOLGA4	activates	-0.59	K562 CRISPRi + K562 ChIP; not in OmniPath or bank
GATA1	SLC43A3	activates	-0.59	K562 CRISPRi + K562 ChIP; not in OmniPath or bank
RBBP5	RHAG	represses	0.59	K562 CRISPRi + K562 ChIP; not in OmniPath or bank
SAP30	ATF3	represses	0.59	K562 CRISPRi + K562 ChIP; not in OmniPath or bank
CBX3	SIRT1	represses	0.59	K562 CRISPRi + K562 ChIP; not in OmniPath or bank
KDM1A	MRPS12	activates	-0.59	K562 CRISPRi + K562 ChIP; not in OmniPath or bank
GTF2F1	EEF1A1	activates	-0.59	K562 CRISPRi + K562 ChIP; not in OmniPath or bank
SMC3	CCDC167	represses	0.59	K562 CRISPRi + K562 ChIP; not in OmniPath or bank
SMC3	TFRC	activates	-0.59	K562 CRISPRi + K562 ChIP; not in OmniPath or bank
SMC3	ZBTB41	represses	0.59	K562 CRISPRi + K562 ChIP; not in OmniPath or bank
MAX	STMN1	represses	0.59	K562 CRISPRi + K562 ChIP; not in OmniPath or bank
TBP	RPL26	activates	-0.59	K562 CRISPRi + K562 ChIP; not in OmniPath or bank
SMC3	RRP1B	activates	-0.59	K562 CRISPRi + K562 ChIP; not in OmniPath or bank
SMC3	UTP23	represses	0.59	K562 CRISPRi + K562 ChIP; not in OmniPath or bank
RBBP5	FTH1	activates	-0.59	K562 CRISPRi + K562 ChIP; not in OmniPath or bank
SMC3	DYNLL1	represses	0.59	K562 CRISPRi + K562 ChIP; not in OmniPath or bank
KDM1A	ZNRF1	represses	0.59	K562 CRISPRi + K562 ChIP; not in OmniPath or bank
ARID3A	ACTR2	represses	0.59	K562 CRISPRi + K562 ChIP; not in OmniPath or bank
MAX	CCT3	activates	-0.59	K562 CRISPRi + K562 ChIP; not in OmniPath or bank
ARID3A	PHF6	represses	0.59	K562 CRISPRi + K562 ChIP; not in OmniPath or bank
CHD4	IFI30	represses	0.59	K562 CRISPRi + K562 ChIP; not in OmniPath or bank
CHD4	WIPF3	represses	0.58	K562 CRISPRi + K562 ChIP; not in OmniPath or bank
POLR2A	H3F3A	represses	0.58	K562 CRISPRi + K562 ChIP; not in OmniPath or bank
SMC3	PARL	represses	0.58	K562 CRISPRi + K562 ChIP; not in OmniPath or bank
NRF1	ARPC5	activates	-0.58	K562 CRISPRi + K562 ChIP; not in OmniPath or bank
ZC3H11A	CEP350	represses	0.58	K562 CRISPRi + K562 ChIP; not in OmniPath or bank
GATA1	SRSF1	activates	-0.58	K562 CRISPRi + K562 ChIP; not in OmniPath or bank
TAF7	EEF1A1	activates	-0.58	K562 CRISPRi + K562 ChIP; not in OmniPath or bank
GATA2	SUB1	represses	0.58	K562 CRISPRi + K562 ChIP; not in OmniPath or bank
MAX	HSPE1	activates	-0.58	K562 CRISPRi + K562 ChIP; not in OmniPath or bank
GATA1	JUN	represses	0.58	K562 CRISPRi + K562 ChIP; not in OmniPath or bank
KDM1A	MYL12A	represses	0.58	K562 CRISPRi + K562 ChIP; not in OmniPath or bank
SAP30	NUP107	represses	0.58	K562 CRISPRi + K562 ChIP; not in OmniPath or bank
TAF1	CKB	activates	-0.58	K562 CRISPRi + K562 ChIP; not in OmniPath or bank
TAF1	MRPS34	activates	-0.58	K562 CRISPRi + K562 ChIP; not in OmniPath or bank
KDM1A	CYB5B	represses	0.58	K562 CRISPRi + K562 ChIP; not in OmniPath or bank
GATA1	ALDH2	represses	0.58	K562 CRISPRi + K562 ChIP; not in OmniPath or bank
GATA1	SAP130	represses	0.58	K562 CRISPRi + K562 ChIP; not in OmniPath or bank
GATA1	TUBA1B	activates	-0.58	K562 CRISPRi + K562 ChIP; not in OmniPath or bank
SMC3	NDUFA10	activates	-0.58	K562 CRISPRi + K562 ChIP; not in OmniPath or bank
RAD21	PRKAR2B	activates	-0.58	K562 CRISPRi + K562 ChIP; not in OmniPath or bank
ARID3A	ENDOD1	represses	0.58	K562 CRISPRi + K562 ChIP; not in OmniPath or bank
NRF1	TMED3	activates	-0.57	K562 CRISPRi + K562 ChIP; not in OmniPath or bank
KDM1A	LTA4H	represses	0.57	K562 CRISPRi + K562 ChIP; not in OmniPath or bank
SAP30	DNAJC17	represses	0.57	K562 CRISPRi + K562 ChIP; not in OmniPath or bank
TAF7	PRDX1	activates	-0.57	K562 CRISPRi + K562 ChIP; not in OmniPath or bank
GTF2B	PEX7	represses	0.57	K562 CRISPRi + K562 ChIP; not in OmniPath or bank
SMC3	MGA	represses	0.57	K562 CRISPRi + K562 ChIP; not in OmniPath or bank
SMC3	DDX46	activates	-0.57	K562 CRISPRi + K562 ChIP; not in OmniPath or bank
CBX3	CISD2	represses	0.57	K562 CRISPRi + K562 ChIP; not in OmniPath or bank
RBBP5	TNRC6B	represses	0.57	K562 CRISPRi + K562 ChIP; not in OmniPath or bank
KDM1A	ATF6B	represses	0.57	K562 CRISPRi + K562 ChIP; not in OmniPath or bank
SMC3	EIF3I	activates	-0.57	K562 CRISPRi + K562 ChIP; not in OmniPath or bank
KDM1A	SFT2D2	represses	0.57	K562 CRISPRi + K562 ChIP; not in OmniPath or bank
TAF7	JUND	represses	0.57	K562 CRISPRi + K562 ChIP; not in OmniPath or bank
SMC3	ZNF292	represses	0.57	K562 CRISPRi + K562 ChIP; not in OmniPath or bank
KDM1A	JAK1	represses	0.57	K562 CRISPRi + K562 ChIP; not in OmniPath or bank
NELFE	HSPA5	represses	0.57	K562 CRISPRi + K562 ChIP; not in OmniPath or bank
RAD21	ANP32B	activates	-0.57	K562 CRISPRi + K562 ChIP; not in OmniPath or bank
MYC	COX17	represses	0.57	K562 CRISPRi + K562 ChIP; not in OmniPath or bank
GTF2B	RPSA	activates	-0.57	K562 CRISPRi + K562 ChIP; not in OmniPath or bank
CHD4	ST8SIA6	represses	0.57	K562 CRISPRi + K562 ChIP; not in OmniPath or bank
TAF7	EGR1	represses	0.57	K562 CRISPRi + K562 ChIP; not in OmniPath or bank
TAF1	MECR	represses	0.57	K562 CRISPRi + K562 ChIP; not in OmniPath or bank
HDAC2	MAT2A	activates	-0.57	K562 CRISPRi + K562 ChIP; not in OmniPath or bank
CHD4	CYBA	represses	0.56	K562 CRISPRi + K562 ChIP; not in OmniPath or bank
GATA1	FAM83A	activates	-0.56	K562 CRISPRi + K562 ChIP; not in OmniPath or bank
CHD4	PPDPF	represses	0.56	K562 CRISPRi + K562 ChIP; not in OmniPath or bank
KDM1A	RALB	represses	0.56	K562 CRISPRi + K562 ChIP; not in OmniPath or bank
SMC3	NEK9	represses	0.56	K562 CRISPRi + K562 ChIP; not in OmniPath or bank
SMC3	NDUFB11	represses	0.56	K562 CRISPRi + K562 ChIP; not in OmniPath or bank
SMC3	COQ10B	represses	0.56	K562 CRISPRi + K562 ChIP; not in OmniPath or bank
SMC3	LRRC59	activates	-0.56	K562 CRISPRi + K562 ChIP; not in OmniPath or bank
RBBP5	RPL4	activates	-0.56	K562 CRISPRi + K562 ChIP; not in OmniPath or bank
GATA1	LBR	activates	-0.56	K562 CRISPRi + K562 ChIP; not in OmniPath or bank
SAP30	DCTN5	represses	0.56	K562 CRISPRi + K562 ChIP; not in OmniPath or bank
TAF1	SNRPB	activates	-0.56	K562 CRISPRi + K562 ChIP; not in OmniPath or bank
NRF1	SLC25A6	represses	0.56	K562 CRISPRi + K562 ChIP; not in OmniPath or bank
KDM1A	HSD17B11	represses	0.56	K562 CRISPRi + K562 ChIP; not in OmniPath or bank
RBBP5	RPL14	activates	-0.56	K562 CRISPRi + K562 ChIP; not in OmniPath or bank
GTF2B	RPL13	represses	0.56	K562 CRISPRi + K562 ChIP; not in OmniPath or bank
SMC3	DCAF12	represses	0.56	K562 CRISPRi + K562 ChIP; not in OmniPath or bank
MAX	ZNF451	represses	0.56	K562 CRISPRi + K562 ChIP; not in OmniPath or bank
KDM1A	GMPR	represses	0.56	K562 CRISPRi + K562 ChIP; not in OmniPath or bank
RBBP5	NDUFC2	activates	-0.56	K562 CRISPRi + K562 ChIP; not in OmniPath or bank
TAF1	FNBP1L	represses	0.56	K562 CRISPRi + K562 ChIP; not in OmniPath or bank
SAP30	TFB1M	represses	0.56	K562 CRISPRi + K562 ChIP; not in OmniPath or bank
NR2F2	KIFAP3	represses	0.55	K562 CRISPRi + K562 ChIP; not in OmniPath or bank
MAX	NCL	activates	-0.55	K562 CRISPRi + K562 ChIP; not in OmniPath or bank
NRF1	TEX264	activates	-0.55	K562 CRISPRi + K562 ChIP; not in OmniPath or bank
RAD21	PRDX5	represses	0.55	K562 CRISPRi + K562 ChIP; not in OmniPath or bank
SMC3	EBPL	activates	-0.55	K562 CRISPRi + K562 ChIP; not in OmniPath or bank
TRIM28	GYPA	represses	0.55	K562 CRISPRi + K562 ChIP; not in OmniPath or bank
TAF1	TXN2	activates	-0.55	K562 CRISPRi + K562 ChIP; not in OmniPath or bank
MAX	ARFGAP3	represses	0.55	K562 CRISPRi + K562 ChIP; not in OmniPath or bank
GATA1	EXOG	represses	0.55	K562 CRISPRi + K562 ChIP; not in OmniPath or bank
SMC3	PPT1	represses	0.55	K562 CRISPRi + K562 ChIP; not in OmniPath or bank
SMC3	ZBTB33	represses	0.55	K562 CRISPRi + K562 ChIP; not in OmniPath or bank
CHD4	PXMP2	represses	0.55	K562 CRISPRi + K562 ChIP; not in OmniPath or bank
NELFE	RPL3	activates	-0.55	K562 CRISPRi + K562 ChIP; not in OmniPath or bank
NELFE	RPL15	activates	-0.55	K562 CRISPRi + K562 ChIP; not in OmniPath or bank
HCFC1	FTL	represses	0.55	K562 CRISPRi + K562 ChIP; not in OmniPath or bank
KDM1A	ESYT1	represses	0.55	K562 CRISPRi + K562 ChIP; not in OmniPath or bank
GTF2B	MICU1	represses	0.55	K562 CRISPRi + K562 ChIP; not in OmniPath or bank
POLR3A	SEC61G	represses	0.55	K562 CRISPRi + K562 ChIP; not in OmniPath or bank
SPI1	PYCARD	activates	-0.55	K562 CRISPRi + K562 ChIP; not in OmniPath or bank
TAF1	CCDC124	activates	-0.55	K562 CRISPRi + K562 ChIP; not in OmniPath or bank
SP2	AK2	activates	-0.55	K562 CRISPRi + K562 ChIP; not in OmniPath or bank
RBBP5	IFT81	represses	0.55	K562 CRISPRi + K562 ChIP; not in OmniPath or bank
TRIM28	RPS14	activates	-0.55	K562 CRISPRi + K562 ChIP; not in OmniPath or bank
KDM1A	HCG11	represses	0.55	K562 CRISPRi + K562 ChIP; not in OmniPath or bank
SMC3	NDUFS5	activates	-0.55	K562 CRISPRi + K562 ChIP; not in OmniPath or bank
SMC3	TRPT1	represses	0.55	K562 CRISPRi + K562 ChIP; not in OmniPath or bank
MAX	RPS24	activates	-0.55	K562 CRISPRi + K562 ChIP; not in OmniPath or bank
TAF1	TNFSF9	represses	0.55	K562 CRISPRi + K562 ChIP; not in OmniPath or bank
SMC3	ZNF668	represses	0.55	K562 CRISPRi + K562 ChIP; not in OmniPath or bank
TAF1	SETD6	represses	0.55	K562 CRISPRi + K562 ChIP; not in OmniPath or bank
SMC3	TSN	activates	-0.55	K562 CRISPRi + K562 ChIP; not in OmniPath or bank
TAF7	RPS8	activates	-0.54	K562 CRISPRi + K562 ChIP; not in OmniPath or bank
TAF7	RPS3	activates	-0.54	K562 CRISPRi + K562 ChIP; not in OmniPath or bank
RCOR1	MED19	represses	0.54	K562 CRISPRi + K562 ChIP; not in OmniPath or bank
ZNF274	ZNF280B	represses	0.54	K562 CRISPRi + K562 ChIP; not in OmniPath or bank
TRIM28	POLE4	represses	0.54	K562 CRISPRi + K562 ChIP; not in OmniPath or bank
GATA1	DCUN1D5	activates	-0.54	K562 CRISPRi + K562 ChIP; not in OmniPath or bank
MYC	NCOA4	represses	0.54	K562 CRISPRi + K562 ChIP; not in OmniPath or bank
SMC3	DLG1	represses	0.54	K562 CRISPRi + K562 ChIP; not in OmniPath or bank
NELFE	CIRBP	activates	-0.54	K562 CRISPRi + K562 ChIP; not in OmniPath or bank
TAF1	NDUFB6	activates	-0.54	K562 CRISPRi + K562 ChIP; not in OmniPath or bank
SAP30	SUPV3L1	represses	0.54	K562 CRISPRi + K562 ChIP; not in OmniPath or bank
CHD4	GNPDA1	activates	-0.54	K562 CRISPRi + K562 ChIP; not in OmniPath or bank
POLR2A	GAPDH	activates	-0.54	K562 CRISPRi + K562 ChIP; not in OmniPath or bank
GATA1	YIF1B	represses	0.54	K562 CRISPRi + K562 ChIP; not in OmniPath or bank
KDM1A	DNAJC4	represses	0.54	K562 CRISPRi + K562 ChIP; not in OmniPath or bank
SMC3	LRRC8C	represses	0.54	K562 CRISPRi + K562 ChIP; not in OmniPath or bank
MAX	PSME1	represses	0.54	K562 CRISPRi + K562 ChIP; not in OmniPath or bank
GTF2B	UTP14A	activates	-0.53	K562 CRISPRi + K562 ChIP; not in OmniPath or bank
POLR3A	MED16	represses	0.53	K562 CRISPRi + K562 ChIP; not in OmniPath or bank
TAF1	NUDC	activates	-0.53	K562 CRISPRi + K562 ChIP; not in OmniPath or bank
RBBP5	LCMT1	represses	0.53	K562 CRISPRi + K562 ChIP; not in OmniPath or bank
ELF1	DDX24	represses	0.53	K562 CRISPRi + K562 ChIP; not in OmniPath or bank
RBBP5	RPS6	activates	-0.53	K562 CRISPRi + K562 ChIP; not in OmniPath or bank
GTF2B	RPS6	activates	-0.53	K562 CRISPRi + K562 ChIP; not in OmniPath or bank
CBX3	DDX20	represses	0.53	K562 CRISPRi + K562 ChIP; not in OmniPath or bank
POLR2A	RPS8	activates	-0.53	K562 CRISPRi + K562 ChIP; not in OmniPath or bank
MAX	PGPEP1	represses	0.53	K562 CRISPRi + K562 ChIP; not in OmniPath or bank
TAF1	RPS27	activates	-0.53	K562 CRISPRi + K562 ChIP; not in OmniPath or bank
RAD21	TM7SF3	represses	0.53	K562 CRISPRi + K562 ChIP; not in OmniPath or bank
SMC3	PCNA	activates	-0.53	K562 CRISPRi + K562 ChIP; not in OmniPath or bank
KDM1A	PLIN3	represses	0.53	K562 CRISPRi + K562 ChIP; not in OmniPath or bank
CHD4	CIB2	represses	0.53	K562 CRISPRi + K562 ChIP; not in OmniPath or bank
SMC3	ACTR2	represses	0.53	K562 CRISPRi + K562 ChIP; not in OmniPath or bank
TAF1	CHD4	represses	0.53	K562 CRISPRi + K562 ChIP; not in OmniPath or bank
KDM1A	GAR1	activates	-0.53	K562 CRISPRi + K562 ChIP; not in OmniPath or bank
GTF2B	EGLN3	represses	0.53	K562 CRISPRi + K562 ChIP; not in OmniPath or bank
ARID3A	SPI1	represses	0.53	K562 CRISPRi + K562 ChIP; not in OmniPath or bank
CHD4	DEDD2	represses	0.53	K562 CRISPRi + K562 ChIP; not in OmniPath or bank
E2F6	HLTF	represses	0.53	K562 CRISPRi + K562 ChIP; not in OmniPath or bank
GTF2B	RPS29	activates	-0.53	K562 CRISPRi + K562 ChIP; not in OmniPath or bank
CTCF	NEAT1	represses	0.53	K562 CRISPRi + K562 ChIP; not in OmniPath or bank
SMC3	NCOA3	represses	0.53	K562 CRISPRi + K562 ChIP; not in OmniPath or bank
RAD21	RHOC	represses	0.53	K562 CRISPRi + K562 ChIP; not in OmniPath or bank
MAX	SRM	activates	-0.53	K562 CRISPRi + K562 ChIP; not in OmniPath or bank
TAF7	H2AFX	represses	0.53	K562 CRISPRi + K562 ChIP; not in OmniPath or bank
SMC3	IFI35	represses	0.53	K562 CRISPRi + K562 ChIP; not in OmniPath or bank
RCOR1	COMMD3	represses	0.53	K562 CRISPRi + K562 ChIP; not in OmniPath or bank
SMC3	NUFIP2	represses	0.53	K562 CRISPRi + K562 ChIP; not in OmniPath or bank
TAF7	GPCPD1	represses	0.53	K562 CRISPRi + K562 ChIP; not in OmniPath or bank
MYC	ICAM4	represses	0.53	K562 CRISPRi + K562 ChIP; not in OmniPath or bank
GTF2B	PSAP	represses	0.53	K562 CRISPRi + K562 ChIP; not in OmniPath or bank
TAF1	FBXO21	represses	0.52	K562 CRISPRi + K562 ChIP; not in OmniPath or bank
SMC3	NAE1	activates	-0.52	K562 CRISPRi + K562 ChIP; not in OmniPath or bank
SP1	PSME2	activates	-0.52	K562 CRISPRi + K562 ChIP; not in OmniPath or bank
RBBP5	UBN2	represses	0.52	K562 CRISPRi + K562 ChIP; not in OmniPath or bank
KDM1A	CLSTN1	represses	0.52	K562 CRISPRi + K562 ChIP; not in OmniPath or bank
SMC3	API5	activates	-0.52	K562 CRISPRi + K562 ChIP; not in OmniPath or bank
SMC3	NDUFA7	represses	0.52	K562 CRISPRi + K562 ChIP; not in OmniPath or bank
SIN3A	RHOBTB3	represses	0.52	K562 CRISPRi + K562 ChIP; not in OmniPath or bank
RBBP5	LRRC57	represses	0.52	K562 CRISPRi + K562 ChIP; not in OmniPath or bank
GTF2B	ZNF493	represses	0.52	K562 CRISPRi + K562 ChIP; not in OmniPath or bank
NRF1	CISD1	activates	-0.52	K562 CRISPRi + K562 ChIP; not in OmniPath or bank
SMC3	PHC3	represses	0.52	K562 CRISPRi + K562 ChIP; not in OmniPath or bank
CHD4	ROMO1	represses	0.52	K562 CRISPRi + K562 ChIP; not in OmniPath or bank
KDM1A	ACAA1	represses	0.52	K562 CRISPRi + K562 ChIP; not in OmniPath or bank
TAF7	HSPA8	activates	-0.52	K562 CRISPRi + K562 ChIP; not in OmniPath or bank
SMC3	RNF168	represses	0.52	K562 CRISPRi + K562 ChIP; not in OmniPath or bank
KDM1A	ANXA4	represses	0.52	K562 CRISPRi + K562 ChIP; not in OmniPath or bank
GATA1	PTMS	represses	0.52	K562 CRISPRi + K562 ChIP; not in OmniPath or bank
CBX3	METTL9	represses	0.52	K562 CRISPRi + K562 ChIP; not in OmniPath or bank
CBX3	MTHFD2L	represses	0.52	K562 CRISPRi + K562 ChIP; not in OmniPath or bank
TRIM28	RPL26	activates	-0.52	K562 CRISPRi + K562 ChIP; not in OmniPath or bank
MEF2A	GADD45A	represses	0.52	K562 CRISPRi + K562 ChIP; not in OmniPath or bank
TBP	RPL18	activates	-0.52	K562 CRISPRi + K562 ChIP; not in OmniPath or bank
RBBP5	CTSF	represses	0.52	K562 CRISPRi + K562 ChIP; not in OmniPath or bank
GTF2B	EXOC4	represses	0.52	K562 CRISPRi + K562 ChIP; not in OmniPath or bank
TRIM28	ISOC2	activates	-0.52	K562 CRISPRi + K562 ChIP; not in OmniPath or bank
KDM1A	PNP	represses	0.52	K562 CRISPRi + K562 ChIP; not in OmniPath or bank
TBL1XR1	RBM28	represses	0.52	K562 CRISPRi + K562 ChIP; not in OmniPath or bank
KDM1A	DDX21	activates	-0.52	K562 CRISPRi + K562 ChIP; not in OmniPath or bank
MYC	BTBD2	represses	0.52	K562 CRISPRi + K562 ChIP; not in OmniPath or bank
GATA1	EZH1	represses	0.52	K562 CRISPRi + K562 ChIP; not in OmniPath or bank
CBX3	TRNAU1AP	represses	0.52	K562 CRISPRi + K562 ChIP; not in OmniPath or bank
POLR2A	PRDX5	represses	0.52	K562 CRISPRi + K562 ChIP; not in OmniPath or bank
GATA2	CXXC5	represses	0.52	K562 CRISPRi + K562 ChIP; not in OmniPath or bank
TAF1	RSAD1	represses	0.52	K562 CRISPRi + K562 ChIP; not in OmniPath or bank
TAF1	SPI1	represses	0.52	K562 CRISPRi + K562 ChIP; not in OmniPath or bank
POLR3A	DCAF16	represses	0.52	K562 CRISPRi + K562 ChIP; not in OmniPath or bank
CBX3	ZNF544	represses	0.52	K562 CRISPRi + K562 ChIP; not in OmniPath or bank
TAF7	HNRNPA2B1	activates	-0.52	K562 CRISPRi + K562 ChIP; not in OmniPath or bank
NRF1	TATDN1	represses	0.52	K562 CRISPRi + K562 ChIP; not in OmniPath or bank
CHD4	SPC24	represses	0.52	K562 CRISPRi + K562 ChIP; not in OmniPath or bank
RAD21	SH3BGRL3	represses	0.51	K562 CRISPRi + K562 ChIP; not in OmniPath or bank
SMC3	CCT4	activates	-0.51	K562 CRISPRi + K562 ChIP; not in OmniPath or bank
SMC3	RPS10	activates	-0.51	K562 CRISPRi + K562 ChIP; not in OmniPath or bank
CBX3	RRS1	represses	0.51	K562 CRISPRi + K562 ChIP; not in OmniPath or bank
SMC3	TCTN1	represses	0.51	K562 CRISPRi + K562 ChIP; not in OmniPath or bank
CBX3	STK17A	represses	0.51	K562 CRISPRi + K562 ChIP; not in OmniPath or bank
EP300	CYBA	represses	0.51	K562 CRISPRi + K562 ChIP; not in OmniPath or bank
EP300	SAMSN1	represses	0.51	K562 CRISPRi + K562 ChIP; not in OmniPath or bank
TBP	RPS16	activates	-0.51	K562 CRISPRi + K562 ChIP; not in OmniPath or bank
TAF1	HADHB	represses	0.51	K562 CRISPRi + K562 ChIP; not in OmniPath or bank
RBBP5	COPE	represses	0.51	K562 CRISPRi + K562 ChIP; not in OmniPath or bank
TAF7	RPS20	activates	-0.51	K562 CRISPRi + K562 ChIP; not in OmniPath or bank
KDM1A	SLC2A3	represses	0.51	K562 CRISPRi + K562 ChIP; not in OmniPath or bank
POLR3A	HIRA	represses	0.51	K562 CRISPRi + K562 ChIP; not in OmniPath or bank
SMC3	IFRD2	activates	-0.51	K562 CRISPRi + K562 ChIP; not in OmniPath or bank
TAF7	ZEB2	represses	0.51	K562 CRISPRi + K562 ChIP; not in OmniPath or bank
TAF1	CAMLG	represses	0.51	K562 CRISPRi + K562 ChIP; not in OmniPath or bank
SMC3	HIP1	represses	0.51	K562 CRISPRi + K562 ChIP; not in OmniPath or bank
KDM1A	PARP4	represses	0.51	K562 CRISPRi + K562 ChIP; not in OmniPath or bank
KDM1A	ARL3	represses	0.51	K562 CRISPRi + K562 ChIP; not in OmniPath or bank
KDM1A	USO1	represses	0.51	K562 CRISPRi + K562 ChIP; not in OmniPath or bank
SMC3	S100A11	represses	0.51	K562 CRISPRi + K562 ChIP; not in OmniPath or bank
MAX	CSTB	represses	0.51	K562 CRISPRi + K562 ChIP; not in OmniPath or bank
SMC3	HM13	represses	0.51	K562 CRISPRi + K562 ChIP; not in OmniPath or bank
MAX	BLOC1S1	represses	0.51	K562 CRISPRi + K562 ChIP; not in OmniPath or bank
MYC	TMEM14C	represses	0.51	K562 CRISPRi + K562 ChIP; not in OmniPath or bank
SMC3	PMM2	represses	0.51	K562 CRISPRi + K562 ChIP; not in OmniPath or bank
MAX	TK1	represses	0.51	K562 CRISPRi + K562 ChIP; not in OmniPath or bank
SMC3	SRSF3	activates	-0.51	K562 CRISPRi + K562 ChIP; not in OmniPath or bank
NRF1	ACP1	activates	-0.51	K562 CRISPRi + K562 ChIP; not in OmniPath or bank
RCOR1	ABO	represses	0.51	K562 CRISPRi + K562 ChIP; not in OmniPath or bank
SMC3	DUSP11	represses	0.51	K562 CRISPRi + K562 ChIP; not in OmniPath or bank
SETDB1	DHRS4	represses	0.51	K562 CRISPRi + K562 ChIP; not in OmniPath or bank
MAX	RPS21	activates	-0.51	K562 CRISPRi + K562 ChIP; not in OmniPath or bank
RAD21	ITM2C	represses	0.51	K562 CRISPRi + K562 ChIP; not in OmniPath or bank
RBBP5	KDELR3	represses	0.51	K562 CRISPRi + K562 ChIP; not in OmniPath or bank
MEF2A	HIST1H2BN	represses	0.51	K562 CRISPRi + K562 ChIP; not in OmniPath or bank
SMC3	ARPC1A	represses	0.50	K562 CRISPRi + K562 ChIP; not in OmniPath or bank
MAX	TRAPPC6A	represses	0.50	K562 CRISPRi + K562 ChIP; not in OmniPath or bank
MAX	LAPTM4B	activates	-0.50	K562 CRISPRi + K562 ChIP; not in OmniPath or bank
SP1	PHPT1	represses	0.50	K562 CRISPRi + K562 ChIP; not in OmniPath or bank
MAX	NPM1	activates	-0.50	K562 CRISPRi + K562 ChIP; not in OmniPath or bank
KDM1A	RPS6	activates	-0.50	K562 CRISPRi + K562 ChIP; not in OmniPath or bank
KDM1A	PIAS1	represses	0.50	K562 CRISPRi + K562 ChIP; not in OmniPath or bank
TAF1	RPS28	activates	-0.50	K562 CRISPRi + K562 ChIP; not in OmniPath or bank
NRF1	PCCB	activates	-0.50	K562 CRISPRi + K562 ChIP; not in OmniPath or bank
MAX	C1QBP	activates	-0.50	K562 CRISPRi + K562 ChIP; not in OmniPath or bank
MAX	GLCE	represses	0.50	K562 CRISPRi + K562 ChIP; not in OmniPath or bank
CBX3	RPL9	activates	-0.50	K562 CRISPRi + K562 ChIP; not in OmniPath or bank
ARID3A	MS4A3	represses	0.50	K562 CRISPRi + K562 ChIP; not in OmniPath or bank
RAD21	RPL36	activates	-0.50	K562 CRISPRi + K562 ChIP; not in OmniPath or bank
TAF7	RPS21	activates	-0.50	K562 CRISPRi + K562 ChIP; not in OmniPath or bank
KDM1A	H3F3A	represses	0.50	K562 CRISPRi + K562 ChIP; not in OmniPath or bank
NRF1	COCH	activates	-0.50	K562 CRISPRi + K562 ChIP; not in OmniPath or bank
KDM1A	RAPGEF6	represses	0.50	K562 CRISPRi + K562 ChIP; not in OmniPath or bank
TAF1	NCOA3	represses	0.50	K562 CRISPRi + K562 ChIP; not in OmniPath or bank
RBBP5	ENDOV	represses	0.50	K562 CRISPRi + K562 ChIP; not in OmniPath or bank
GATA1	TYK2	represses	0.50	K562 CRISPRi + K562 ChIP; not in OmniPath or bank
RCOR1	CAPG	represses	0.50	K562 CRISPRi + K562 ChIP; not in OmniPath or bank
SMC3	CCDC88A	represses	0.50	K562 CRISPRi + K562 ChIP; not in OmniPath or bank
TRIM28	IWS1	represses	0.50	K562 CRISPRi + K562 ChIP; not in OmniPath or bank
KDM1A	NAP1L1	represses	0.50	K562 CRISPRi + K562 ChIP; not in OmniPath or bank
ARID3A	LAMP1	represses	0.50	K562 CRISPRi + K562 ChIP; not in OmniPath or bank
SMC3	MEST	represses	0.50	K562 CRISPRi + K562 ChIP; not in OmniPath or bank
MYC	PPA1	activates	-0.50	K562 CRISPRi + K562 ChIP; not in OmniPath or bank
SMC3	WASL	represses	0.50	K562 CRISPRi + K562 ChIP; not in OmniPath or bank
MAX	FAM83A	represses	0.50	K562 CRISPRi + K562 ChIP; not in OmniPath or bank
TRIM28	EEF1A1	activates	-0.50	K562 CRISPRi + K562 ChIP; not in OmniPath or bank
SMC3	RNF11	represses	0.50	K562 CRISPRi + K562 ChIP; not in OmniPath or bank
NRF1	UQCR11	activates	-0.50	K562 CRISPRi + K562 ChIP; not in OmniPath or bank
SMC3	FRMD8	represses	0.50	K562 CRISPRi + K562 ChIP; not in OmniPath or bank
TAF1	PACS1	represses	0.50	K562 CRISPRi + K562 ChIP; not in OmniPath or bank
MYC	RPS2	activates	-0.50	K562 CRISPRi + K562 ChIP; not in OmniPath or bank
KDM1A	ZEB1	represses	0.50	K562 CRISPRi + K562 ChIP; not in OmniPath or bank
CBX3	SECISBP2L	represses	0.50	K562 CRISPRi + K562 ChIP; not in OmniPath or bank
SIN3A	DUT	activates	-0.50	K562 CRISPRi + K562 ChIP; not in OmniPath or bank
KDM1A	LDHB	activates	-0.50	K562 CRISPRi + K562 ChIP; not in OmniPath or bank
CBX3	TOMM5	represses	0.50	K562 CRISPRi + K562 ChIP; not in OmniPath or bank
TAF7	EIF4A2	represses	0.49	K562 CRISPRi + K562 ChIP; not in OmniPath or bank
GATA2	CCT5	represses	0.49	K562 CRISPRi + K562 ChIP; not in OmniPath or bank
GTF2B	PARL	represses	0.49	K562 CRISPRi + K562 ChIP; not in OmniPath or bank
SMC3	KEL	represses	0.49	K562 CRISPRi + K562 ChIP; not in OmniPath or bank
RAD21	ERP29	represses	0.49	K562 CRISPRi + K562 ChIP; not in OmniPath or bank
GATA1	ATG4D	represses	0.49	K562 CRISPRi + K562 ChIP; not in OmniPath or bank
SMC3	GCHFR	activates	-0.49	K562 CRISPRi + K562 ChIP; not in OmniPath or bank
TAF7	POLR2A	represses	0.49	K562 CRISPRi + K562 ChIP; not in OmniPath or bank
GATA1	TMEM87B	represses	0.49	K562 CRISPRi + K562 ChIP; not in OmniPath or bank
TAF1	PSMA6	activates	-0.49	K562 CRISPRi + K562 ChIP; not in OmniPath or bank
THAP1	RPL32	represses	0.49	K562 CRISPRi + K562 ChIP; not in OmniPath or bank
TAF1	ARL6IP1	represses	0.49	K562 CRISPRi + K562 ChIP; not in OmniPath or bank
GATA1	KLHDC8B	represses	0.49	K562 CRISPRi + K562 ChIP; not in OmniPath or bank
SMC3	LMAN2	represses	0.49	K562 CRISPRi + K562 ChIP; not in OmniPath or bank
TBP	RPL17	activates	-0.49	K562 CRISPRi + K562 ChIP; not in OmniPath or bank
MAX	TRIM44	represses	0.49	K562 CRISPRi + K562 ChIP; not in OmniPath or bank
SMC3	HAT1	activates	-0.49	K562 CRISPRi + K562 ChIP; not in OmniPath or bank
GATA1	ST6GALNAC1	activates	-0.49	K562 CRISPRi + K562 ChIP; not in OmniPath or bank
GTF2F1	ATP13A2	represses	0.49	K562 CRISPRi + K562 ChIP; not in OmniPath or bank
CBX3	HNRNPF	activates	-0.49	K562 CRISPRi + K562 ChIP; not in OmniPath or bank
NRF1	LSM7	activates	-0.49	K562 CRISPRi + K562 ChIP; not in OmniPath or bank
HDAC6	RPLP1	represses	0.49	K562 CRISPRi + K562 ChIP; not in OmniPath or bank
ZNF274	PPCDC	represses	0.49	K562 CRISPRi + K562 ChIP; not in OmniPath or bank
SMC3	MRPS15	activates	-0.49	K562 CRISPRi + K562 ChIP; not in OmniPath or bank
TBL1XR1	NKIRAS2	represses	0.49	K562 CRISPRi + K562 ChIP; not in OmniPath or bank
NELFE	EEF1A1	activates	-0.49	K562 CRISPRi + K562 ChIP; not in OmniPath or bank
MAX	SLC39A8	represses	0.49	K562 CRISPRi + K562 ChIP; not in OmniPath or bank
KDM1A	HAUS4	represses	0.49	K562 CRISPRi + K562 ChIP; not in OmniPath or bank
MAX	RPL14	activates	-0.49	K562 CRISPRi + K562 ChIP; not in OmniPath or bank
POLR2A	ACTN4	represses	0.49	K562 CRISPRi + K562 ChIP; not in OmniPath or bank
CBX3	COG8	represses	0.49	K562 CRISPRi + K562 ChIP; not in OmniPath or bank
KDM1A	ARF6	represses	0.49	K562 CRISPRi + K562 ChIP; not in OmniPath or bank
NRF1	RPS15	activates	-0.49	K562 CRISPRi + K562 ChIP; not in OmniPath or bank
SP1	ALKBH7	represses	0.49	K562 CRISPRi + K562 ChIP; not in OmniPath or bank
POLR2A	RPL14	activates	-0.49	K562 CRISPRi + K562 ChIP; not in OmniPath or bank
SMC3	GIT2	represses	0.49	K562 CRISPRi + K562 ChIP; not in OmniPath or bank
GATA1	POLR2G	represses	0.49	K562 CRISPRi + K562 ChIP; not in OmniPath or bank
KDM1A	MYB	represses	0.49	K562 CRISPRi + K562 ChIP; not in OmniPath or bank
MYC	HBD	represses	0.49	K562 CRISPRi + K562 ChIP; not in OmniPath or bank
SMC3	KLHL24	represses	0.49	K562 CRISPRi + K562 ChIP; not in OmniPath or bank
KDM1A	FAM135A	represses	0.49	K562 CRISPRi + K562 ChIP; not in OmniPath or bank
SETDB1	GP1BB	represses	0.49	K562 CRISPRi + K562 ChIP; not in OmniPath or bank
KDM1A	SERTAD1	represses	0.49	K562 CRISPRi + K562 ChIP; not in OmniPath or bank
KDM1A	DRAM1	represses	0.49	K562 CRISPRi + K562 ChIP; not in OmniPath or bank
GATA1	FKBP8	represses	0.49	K562 CRISPRi + K562 ChIP; not in OmniPath or bank
TAF1	ABHD13	represses	0.49	K562 CRISPRi + K562 ChIP; not in OmniPath or bank
SMC3	MBTPS2	represses	0.48	K562 CRISPRi + K562 ChIP; not in OmniPath or bank
SMC3	MRPL15	activates	-0.48	K562 CRISPRi + K562 ChIP; not in OmniPath or bank
CBX3	ATF7IP2	represses	0.48	K562 CRISPRi + K562 ChIP; not in OmniPath or bank
KDM1A	BLCAP	represses	0.48	K562 CRISPRi + K562 ChIP; not in OmniPath or bank
SMC3	POLR2E	activates	-0.48	K562 CRISPRi + K562 ChIP; not in OmniPath or bank
GATA1	WDR74	activates	-0.48	K562 CRISPRi + K562 ChIP; not in OmniPath or bank
MAX	DNAJB9	represses	0.48	K562 CRISPRi + K562 ChIP; not in OmniPath or bank
TAF1	ITPR1	represses	0.48	K562 CRISPRi + K562 ChIP; not in OmniPath or bank
EP300	DSC2	represses	0.48	K562 CRISPRi + K562 ChIP; not in OmniPath or bank
RAD21	NUCB1	represses	0.48	K562 CRISPRi + K562 ChIP; not in OmniPath or bank
GTF2B	ZNF681	represses	0.48	K562 CRISPRi + K562 ChIP; not in OmniPath or bank
NRF1	FAM210B	represses	0.48	K562 CRISPRi + K562 ChIP; not in OmniPath or bank
TAF1	EI24	activates	-0.48	K562 CRISPRi + K562 ChIP; not in OmniPath or bank
THAP1	MLLT11	represses	0.48	K562 CRISPRi + K562 ChIP; not in OmniPath or bank
KDM1A	CALR	represses	0.48	K562 CRISPRi + K562 ChIP; not in OmniPath or bank
EP300	HLTF	represses	0.48	K562 CRISPRi + K562 ChIP; not in OmniPath or bank
SAP30	PICK1	represses	0.48	K562 CRISPRi + K562 ChIP; not in OmniPath or bank
POLR3A	ILF2	activates	-0.48	K562 CRISPRi + K562 ChIP; not in OmniPath or bank
SAP30	DDX23	represses	0.48	K562 CRISPRi + K562 ChIP; not in OmniPath or bank
TAF7	RPL11	activates	-0.48	K562 CRISPRi + K562 ChIP; not in OmniPath or bank
TRIM28	RPS8	activates	-0.48	K562 CRISPRi + K562 ChIP; not in OmniPath or bank
CHD4	TFRC	activates	-0.48	K562 CRISPRi + K562 ChIP; not in OmniPath or bank
POLR2A	RPLP1	activates	-0.48	K562 CRISPRi + K562 ChIP; not in OmniPath or bank
RBBP5	NOP56	activates	-0.48	K562 CRISPRi + K562 ChIP; not in OmniPath or bank
RCOR1	TRMT12	represses	0.48	K562 CRISPRi + K562 ChIP; not in OmniPath or bank
KDM1A	SNRPF	activates	-0.48	K562 CRISPRi + K562 ChIP; not in OmniPath or bank
RBBP5	TRAPPC2L	represses	0.48	K562 CRISPRi + K562 ChIP; not in OmniPath or bank
RBBP5	STARD4	represses	0.48	K562 CRISPRi + K562 ChIP; not in OmniPath or bank
SMC3	UBE3B	represses	0.48	K562 CRISPRi + K562 ChIP; not in OmniPath or bank
CBX3	CCR10	represses	0.48	K562 CRISPRi + K562 ChIP; not in OmniPath or bank
KDM1A	EFCAB2	represses	0.48	K562 CRISPRi + K562 ChIP; not in OmniPath or bank
KDM1A	RNF41	represses	0.48	K562 CRISPRi + K562 ChIP; not in OmniPath or bank
SMC3	CERCAM	represses	0.48	K562 CRISPRi + K562 ChIP; not in OmniPath or bank
POLR3A	FDPS	activates	-0.48	K562 CRISPRi + K562 ChIP; not in OmniPath or bank
GTF2B	RAD23A	activates	-0.48	K562 CRISPRi + K562 ChIP; not in OmniPath or bank
KDM1A	ARL2BP	represses	0.48	K562 CRISPRi + K562 ChIP; not in OmniPath or bank
GATA1	HEXIM1	represses	0.48	K562 CRISPRi + K562 ChIP; not in OmniPath or bank
MAFK	HSPH1	represses	0.48	K562 CRISPRi + K562 ChIP; not in OmniPath or bank
MAX	NME1	activates	-0.48	K562 CRISPRi + K562 ChIP; not in OmniPath or bank
TAF1	SNRPE	activates	-0.48	K562 CRISPRi + K562 ChIP; not in OmniPath or bank
SMC3	ACOT13	represses	0.48	K562 CRISPRi + K562 ChIP; not in OmniPath or bank
KDM1A	NEU1	represses	0.48	K562 CRISPRi + K562 ChIP; not in OmniPath or bank
CHD4	LPIN2	represses	0.48	K562 CRISPRi + K562 ChIP; not in OmniPath or bank
KDM1A	SETD7	represses	0.48	K562 CRISPRi + K562 ChIP; not in OmniPath or bank
GTF3C2	SNUPN	represses	0.48	K562 CRISPRi + K562 ChIP; not in OmniPath or bank
TAF1	NSMCE2	represses	0.48	K562 CRISPRi + K562 ChIP; not in OmniPath or bank
SMC3	SCFD1	represses	0.48	K562 CRISPRi + K562 ChIP; not in OmniPath or bank
SMC3	GTF2E2	represses	0.48	K562 CRISPRi + K562 ChIP; not in OmniPath or bank
CBX3	STAMBP	represses	0.48	K562 CRISPRi + K562 ChIP; not in OmniPath or bank
SMC3	THUMPD3	activates	-0.48	K562 CRISPRi + K562 ChIP; not in OmniPath or bank
KDM1A	ZBED5	represses	0.48	K562 CRISPRi + K562 ChIP; not in OmniPath or bank
POLR3A	ABT1	activates	-0.48	K562 CRISPRi + K562 ChIP; not in OmniPath or bank
SPI1	CRADD	represses	0.48	K562 CRISPRi + K562 ChIP; not in OmniPath or bank
CBX3	ZNF394	represses	0.47	K562 CRISPRi + K562 ChIP; not in OmniPath or bank
SMC3	CPSF1	represses	0.47	K562 CRISPRi + K562 ChIP; not in OmniPath or bank
MAX	CTSF	represses	0.47	K562 CRISPRi + K562 ChIP; not in OmniPath or bank
SAP30	TXNL4A	represses	0.47	K562 CRISPRi + K562 ChIP; not in OmniPath or bank
KDM1A	AFTPH	represses	0.47	K562 CRISPRi + K562 ChIP; not in OmniPath or bank
TAF1	CDK11B	represses	0.47	K562 CRISPRi + K562 ChIP; not in OmniPath or bank
KDM1A	VDAC2	activates	-0.47	K562 CRISPRi + K562 ChIP; not in OmniPath or bank
SMC3	ZNF593	activates	-0.47	K562 CRISPRi + K562 ChIP; not in OmniPath or bank
KDM1A	BTK	represses	0.47	K562 CRISPRi + K562 ChIP; not in OmniPath or bank
EP300	RABAC1	represses	0.47	K562 CRISPRi + K562 ChIP; not in OmniPath or bank
GATA2	DCAF8	represses	0.47	K562 CRISPRi + K562 ChIP; not in OmniPath or bank
KDM1A	BBS4	represses	0.47	K562 CRISPRi + K562 ChIP; not in OmniPath or bank
MAX	PICALM	represses	0.47	K562 CRISPRi + K562 ChIP; not in OmniPath or bank
GTF2F1	NPM1	activates	-0.47	K562 CRISPRi + K562 ChIP; not in OmniPath or bank
RBBP5	SPAG9	represses	0.47	K562 CRISPRi + K562 ChIP; not in OmniPath or bank
CHD1	THOC7	represses	0.47	K562 CRISPRi + K562 ChIP; not in OmniPath or bank
GTF2B	YTHDC1	represses	0.47	K562 CRISPRi + K562 ChIP; not in OmniPath or bank
RBBP5	SNW1	represses	0.47	K562 CRISPRi + K562 ChIP; not in OmniPath or bank
RAD21	NR2F2	represses	0.47	K562 CRISPRi + K562 ChIP; not in OmniPath or bank
CBX3	DNAH14	represses	0.47	K562 CRISPRi + K562 ChIP; not in OmniPath or bank
CHD4	TMEM14C	represses	0.47	K562 CRISPRi + K562 ChIP; not in OmniPath or bank
TAF1	KDM2A	represses	0.47	K562 CRISPRi + K562 ChIP; not in OmniPath or bank
KDM1A	ITSN1	represses	0.47	K562 CRISPRi + K562 ChIP; not in OmniPath or bank
NRF1	SUMF2	activates	-0.47	K562 CRISPRi + K562 ChIP; not in OmniPath or bank
TAF7	TXNRD2	activates	-0.47	K562 CRISPRi + K562 ChIP; not in OmniPath or bank
RBBP5	MFSD12	represses	0.47	K562 CRISPRi + K562 ChIP; not in OmniPath or bank
KDM1A	PGLS	represses	0.47	K562 CRISPRi + K562 ChIP; not in OmniPath or bank
THAP1	PSMD14	represses	0.47	K562 CRISPRi + K562 ChIP; not in OmniPath or bank
SMC3	AGL	represses	0.47	K562 CRISPRi + K562 ChIP; not in OmniPath or bank
SMC3	SAAL1	activates	-0.47	K562 CRISPRi + K562 ChIP; not in OmniPath or bank
SMC3	FASN	activates	-0.47	K562 CRISPRi + K562 ChIP; not in OmniPath or bank
KDM1A	LARS	activates	-0.47	K562 CRISPRi + K562 ChIP; not in OmniPath or bank
MAX	RAD23A	represses	0.47	K562 CRISPRi + K562 ChIP; not in OmniPath or bank
TAF1	DBF4B	represses	0.47	K562 CRISPRi + K562 ChIP; not in OmniPath or bank
SMC3	IGF2BP3	represses	0.47	K562 CRISPRi + K562 ChIP; not in OmniPath or bank
RBBP5	XRN1	represses	0.47	K562 CRISPRi + K562 ChIP; not in OmniPath or bank
CBX3	HAUS2	represses	0.47	K562 CRISPRi + K562 ChIP; not in OmniPath or bank
MAX	OAZ1	represses	0.47	K562 CRISPRi + K562 ChIP; not in OmniPath or bank
NRF1	TMEM106C	activates	-0.47	K562 CRISPRi + K562 ChIP; not in OmniPath or bank
TAF1	TMEM97	activates	-0.47	K562 CRISPRi + K562 ChIP; not in OmniPath or bank
NRF1	PGAM1	activates	-0.47	K562 CRISPRi + K562 ChIP; not in OmniPath or bank
ELF1	DCAF5	represses	0.47	K562 CRISPRi + K562 ChIP; not in OmniPath or bank
CBX3	CD2AP	activates	-0.47	K562 CRISPRi + K562 ChIP; not in OmniPath or bank
TAF1	TBRG4	activates	-0.47	K562 CRISPRi + K562 ChIP; not in OmniPath or bank
SMC3	EXO1	activates	-0.47	K562 CRISPRi + K562 ChIP; not in OmniPath or bank
NELFE	GAL	represses	0.47	K562 CRISPRi + K562 ChIP; not in OmniPath or bank
CBX3	EXOSC6	represses	0.46	K562 CRISPRi + K562 ChIP; not in OmniPath or bank
MAX	SERPINB1	represses	0.46	K562 CRISPRi + K562 ChIP; not in OmniPath or bank
MYC	RPSA	activates	-0.46	K562 CRISPRi + K562 ChIP; not in OmniPath or bank
GTF2B	NPM1	activates	-0.46	K562 CRISPRi + K562 ChIP; not in OmniPath or bank
MEF2A	DSTYK	represses	0.46	K562 CRISPRi + K562 ChIP; not in OmniPath or bank
ARID3A	GSTP1	represses	0.46	K562 CRISPRi + K562 ChIP; not in OmniPath or bank
TAF1	UBE4A	represses	0.46	K562 CRISPRi + K562 ChIP; not in OmniPath or bank
SMC3	FAM120B	represses	0.46	K562 CRISPRi + K562 ChIP; not in OmniPath or bank
EP300	NDUFA4	represses	0.46	K562 CRISPRi + K562 ChIP; not in OmniPath or bank
CBX3	EIF4G2	represses	0.46	K562 CRISPRi + K562 ChIP; not in OmniPath or bank
GTF2B	TMEM39B	represses	0.46	K562 CRISPRi + K562 ChIP; not in OmniPath or bank
RCOR1	RBM33	represses	0.46	K562 CRISPRi + K562 ChIP; not in OmniPath or bank
GATA1	GSTO1	activates	-0.46	K562 CRISPRi + K562 ChIP; not in OmniPath or bank
KDM1A	SNHG12	represses	0.46	K562 CRISPRi + K562 ChIP; not in OmniPath or bank
GATA1	MRPL34	represses	0.46	K562 CRISPRi + K562 ChIP; not in OmniPath or bank
POLR2A	SNRPA1	represses	0.46	K562 CRISPRi + K562 ChIP; not in OmniPath or bank
NFYB	ROGDI	represses	0.46	K562 CRISPRi + K562 ChIP; not in OmniPath or bank
ARID3A	HCG11	represses	0.46	K562 CRISPRi + K562 ChIP; not in OmniPath or bank
GTF2B	SIAH2	represses	0.46	K562 CRISPRi + K562 ChIP; not in OmniPath or bank
RBBP5	UBL5	represses	0.46	K562 CRISPRi + K562 ChIP; not in OmniPath or bank
SMC3	SEC22B	represses	0.46	K562 CRISPRi + K562 ChIP; not in OmniPath or bank
TAF1	PARK7	activates	-0.46	K562 CRISPRi + K562 ChIP; not in OmniPath or bank
POLR3A	HCG11	activates	-0.46	K562 CRISPRi + K562 ChIP; not in OmniPath or bank
GATA1	TMEM9	represses	0.46	K562 CRISPRi + K562 ChIP; not in OmniPath or bank
SAP30	MPHOSPH10	activates	-0.46	K562 CRISPRi + K562 ChIP; not in OmniPath or bank
RBBP5	CYP51A1	activates	-0.46	K562 CRISPRi + K562 ChIP; not in OmniPath or bank
KDM1A	MDN1	activates	-0.46	K562 CRISPRi + K562 ChIP; not in OmniPath or bank
SPI1	LCP1	activates	-0.46	K562 CRISPRi + K562 ChIP; not in OmniPath or bank
KDM1A	GARS	activates	-0.46	K562 CRISPRi + K562 ChIP; not in OmniPath or bank
HDAC2	YIF1B	represses	0.46	K562 CRISPRi + K562 ChIP; not in OmniPath or bank
GATA1	NAA20	activates	-0.46	K562 CRISPRi + K562 ChIP; not in OmniPath or bank
MEF2A	PCNP	represses	0.46	K562 CRISPRi + K562 ChIP; not in OmniPath or bank
CBX3	GTPBP4	activates	-0.46	K562 CRISPRi + K562 ChIP; not in OmniPath or bank
KDM1A	TXN	activates	-0.46	K562 CRISPRi + K562 ChIP; not in OmniPath or bank
EP300	TMSB4X	represses	0.46	K562 CRISPRi + K562 ChIP; not in OmniPath or bank
KDM1A	STRADA	represses	0.46	K562 CRISPRi + K562 ChIP; not in OmniPath or bank
SAP30	MANEAL	represses	0.46	K562 CRISPRi + K562 ChIP; not in OmniPath or bank
TAF7	RPS4X	activates	-0.46	K562 CRISPRi + K562 ChIP; not in OmniPath or bank
NRF1	CD320	activates	-0.46	K562 CRISPRi + K562 ChIP; not in OmniPath or bank
MAX	PPP1R15A	represses	0.46	K562 CRISPRi + K562 ChIP; not in OmniPath or bank
KDM1A	FH	activates	-0.46	K562 CRISPRi + K562 ChIP; not in OmniPath or bank
TAF1	ITGB3BP	activates	-0.46	K562 CRISPRi + K562 ChIP; not in OmniPath or bank
REST	GDAP1	represses	0.46	K562 CRISPRi + K562 ChIP; not in OmniPath or bank
POLR2A	CFL1	represses	0.46	K562 CRISPRi + K562 ChIP; not in OmniPath or bank
TAF1	CLK2	represses	0.46	K562 CRISPRi + K562 ChIP; not in OmniPath or bank
NRF1	MYCBP	activates	-0.46	K562 CRISPRi + K562 ChIP; not in OmniPath or bank
MAX	ACADVL	represses	0.46	K562 CRISPRi + K562 ChIP; not in OmniPath or bank
BCLAF1	GP1BB	represses	0.46	K562 CRISPRi + K562 ChIP; not in OmniPath or bank
NFYB	ACTG1	represses	0.46	K562 CRISPRi + K562 ChIP; not in OmniPath or bank
RBBP5	NCBP2	represses	0.46	K562 CRISPRi + K562 ChIP; not in OmniPath or bank
GATA1	CD58	represses	0.46	K562 CRISPRi + K562 ChIP; not in OmniPath or bank
GTF2F1	FAHD2A	represses	0.46	K562 CRISPRi + K562 ChIP; not in OmniPath or bank
THAP1	EEF1A1	represses	0.46	K562 CRISPRi + K562 ChIP; not in OmniPath or bank
TAF1	UBE2T	activates	-0.46	K562 CRISPRi + K562 ChIP; not in OmniPath or bank
CTCF	FAM162A	represses	0.46	K562 CRISPRi + K562 ChIP; not in OmniPath or bank
TAF1	TIMM10	activates	-0.46	K562 CRISPRi + K562 ChIP; not in OmniPath or bank
CBX3	MED4	represses	0.46	K562 CRISPRi + K562 ChIP; not in OmniPath or bank
SAP30	STT3A	represses	0.46	K562 CRISPRi + K562 ChIP; not in OmniPath or bank
KDM1A	SCNM1	represses	0.46	K562 CRISPRi + K562 ChIP; not in OmniPath or bank
CHD4	SLC10A4	activates	-0.46	K562 CRISPRi + K562 ChIP; not in OmniPath or bank
SMC3	ZNF638	represses	0.46	K562 CRISPRi + K562 ChIP; not in OmniPath or bank
TBP	HIST1H4H	represses	0.46	K562 CRISPRi + K562 ChIP; not in OmniPath or bank
EP300	RPS3	activates	-0.46	K562 CRISPRi + K562 ChIP; not in OmniPath or bank
POLR2A	PPA1	activates	-0.46	K562 CRISPRi + K562 ChIP; not in OmniPath or bank
KDM1A	PARK7	activates	-0.46	K562 CRISPRi + K562 ChIP; not in OmniPath or bank
ARID3A	TDP1	represses	0.46	K562 CRISPRi + K562 ChIP; not in OmniPath or bank
RAD21	OS9	represses	0.46	K562 CRISPRi + K562 ChIP; not in OmniPath or bank
MAFK	HSPE1	represses	0.46	K562 CRISPRi + K562 ChIP; not in OmniPath or bank
TAF1	NENF	activates	-0.45	K562 CRISPRi + K562 ChIP; not in OmniPath or bank
GTF2B	TMEM59	represses	0.45	K562 CRISPRi + K562 ChIP; not in OmniPath or bank
SMC3	PGPEP1	represses	0.45	K562 CRISPRi + K562 ChIP; not in OmniPath or bank
CBX3	DDX41	activates	-0.45	K562 CRISPRi + K562 ChIP; not in OmniPath or bank
TAF1	TESC	activates	-0.45	K562 CRISPRi + K562 ChIP; not in OmniPath or bank
TAF1	SLC7A6OS	represses	0.45	K562 CRISPRi + K562 ChIP; not in OmniPath or bank
MYC	EIF2AK1	represses	0.45	K562 CRISPRi + K562 ChIP; not in OmniPath or bank
KDM1A	GADD45GIP1	activates	-0.45	K562 CRISPRi + K562 ChIP; not in OmniPath or bank
GTF2B	TOMM20	activates	-0.45	K562 CRISPRi + K562 ChIP; not in OmniPath or bank
GTF2B	TAF13	represses	0.45	K562 CRISPRi + K562 ChIP; not in OmniPath or bank
MEF2A	FKBP8	represses	0.45	K562 CRISPRi + K562 ChIP; not in OmniPath or bank
KDM1A	NAA50	activates	-0.45	K562 CRISPRi + K562 ChIP; not in OmniPath or bank
NRF1	SKA1	represses	0.45	K562 CRISPRi + K562 ChIP; not in OmniPath or bank
RBBP5	CCDC84	represses	0.45	K562 CRISPRi + K562 ChIP; not in OmniPath or bank
NR2F2	DDIT3	represses	0.45	K562 CRISPRi + K562 ChIP; not in OmniPath or bank
KDM1A	JMJD1C	represses	0.45	K562 CRISPRi + K562 ChIP; not in OmniPath or bank
RCOR1	IFT43	represses	0.45	K562 CRISPRi + K562 ChIP; not in OmniPath or bank
RBBP5	MFSD10	represses	0.45	K562 CRISPRi + K562 ChIP; not in OmniPath or bank
SP1	MALAT1	represses	0.45	K562 CRISPRi + K562 ChIP; not in OmniPath or bank
CHD4	RPS14	activates	-0.45	K562 CRISPRi + K562 ChIP; not in OmniPath or bank
CBX3	ORC1	activates	-0.45	K562 CRISPRi + K562 ChIP; not in OmniPath or bank
GATA1	ZNF276	represses	0.45	K562 CRISPRi + K562 ChIP; not in OmniPath or bank
NRF1	PHB2	activates	-0.45	K562 CRISPRi + K562 ChIP; not in OmniPath or bank
TAF1	PGBD1	represses	0.45	K562 CRISPRi + K562 ChIP; not in OmniPath or bank
SMC3	TUFM	activates	-0.45	K562 CRISPRi + K562 ChIP; not in OmniPath or bank
POLR3A	MRPL40	represses	0.45	K562 CRISPRi + K562 ChIP; not in OmniPath or bank
HCFC1	NDUFB5	represses	0.45	K562 CRISPRi + K562 ChIP; not in OmniPath or bank
CHD4	ABCC10	represses	0.45	K562 CRISPRi + K562 ChIP; not in OmniPath or bank
SMC3	UTP6	activates	-0.45	K562 CRISPRi + K562 ChIP; not in OmniPath or bank
CHD4	CMBL	activates	-0.45	K562 CRISPRi + K562 ChIP; not in OmniPath or bank
SMC3	GMPR2	represses	0.45	K562 CRISPRi + K562 ChIP; not in OmniPath or bank
MYC	ESCO1	represses	0.45	K562 CRISPRi + K562 ChIP; not in OmniPath or bank
GTF2B	POLR3GL	represses	0.45	K562 CRISPRi + K562 ChIP; not in OmniPath or bank
RAD21	NEU1	represses	0.45	K562 CRISPRi + K562 ChIP; not in OmniPath or bank
SMC3	NSMCE4A	activates	-0.45	K562 CRISPRi + K562 ChIP; not in OmniPath or bank
GATA2	GSTM4	represses	0.45	K562 CRISPRi + K562 ChIP; not in OmniPath or bank
SMC3	CDC6	activates	-0.45	K562 CRISPRi + K562 ChIP; not in OmniPath or bank
SP2	PGK1	activates	-0.45	K562 CRISPRi + K562 ChIP; not in OmniPath or bank
KDM1A	PRELID2	represses	0.45	K562 CRISPRi + K562 ChIP; not in OmniPath or bank
ARID3A	DHRS13	represses	0.45	K562 CRISPRi + K562 ChIP; not in OmniPath or bank
RBBP5	GAPDH	activates	-0.45	K562 CRISPRi + K562 ChIP; not in OmniPath or bank
SMC3	TAF11	activates	-0.45	K562 CRISPRi + K562 ChIP; not in OmniPath or bank
KDM1A	M6PR	represses	0.45	K562 CRISPRi + K562 ChIP; not in OmniPath or bank
CHD4	NDUFB9	represses	0.45	K562 CRISPRi + K562 ChIP; not in OmniPath or bank
RBBP5	GNPTG	represses	0.45	K562 CRISPRi + K562 ChIP; not in OmniPath or bank
TRIM28	COX7A2	represses	0.45	K562 CRISPRi + K562 ChIP; not in OmniPath or bank
RCOR1	ZNF280D	represses	0.45	K562 CRISPRi + K562 ChIP; not in OmniPath or bank
TAF1	MRPS12	activates	-0.45	K562 CRISPRi + K562 ChIP; not in OmniPath or bank
CBX3	SETD7	represses	0.45	K562 CRISPRi + K562 ChIP; not in OmniPath or bank
THAP1	NDUFC2	activates	-0.45	K562 CRISPRi + K562 ChIP; not in OmniPath or bank
MYC	RPS24	activates	-0.45	K562 CRISPRi + K562 ChIP; not in OmniPath or bank
GTF2B	CDC26	represses	0.45	K562 CRISPRi + K562 ChIP; not in OmniPath or bank
TAF7	SNHG5	activates	-0.45	K562 CRISPRi + K562 ChIP; not in OmniPath or bank
CHD2	MOSPD3	represses	0.45	K562 CRISPRi + K562 ChIP; not in OmniPath or bank
HDAC1	PDCD2	activates	-0.45	K562 CRISPRi + K562 ChIP; not in OmniPath or bank
GTF2B	MND1	activates	-0.45	K562 CRISPRi + K562 ChIP; not in OmniPath or bank
RBBP5	FAU	represses	0.45	K562 CRISPRi + K562 ChIP; not in OmniPath or bank
KDM1A	CREM	represses	0.45	K562 CRISPRi + K562 ChIP; not in OmniPath or bank
SMC3	FUT10	represses	0.45	K562 CRISPRi + K562 ChIP; not in OmniPath or bank
BHLHE40	RPS27	represses	0.44	K562 CRISPRi + K562 ChIP; not in OmniPath or bank
MAX	PTGES3	activates	-0.44	K562 CRISPRi + K562 ChIP; not in OmniPath or bank
GTF2F1	RICTOR	represses	0.44	K562 CRISPRi + K562 ChIP; not in OmniPath or bank
GTF2F1	EXOC4	represses	0.44	K562 CRISPRi + K562 ChIP; not in OmniPath or bank
HDAC2	SPCS2	represses	0.44	K562 CRISPRi + K562 ChIP; not in OmniPath or bank
SMC3	PHB2	activates	-0.44	K562 CRISPRi + K562 ChIP; not in OmniPath or bank
POLR2A	HIST3H2A	represses	0.44	K562 CRISPRi + K562 ChIP; not in OmniPath or bank
SMC3	EZH2	activates	-0.44	K562 CRISPRi + K562 ChIP; not in OmniPath or bank
GTF2B	SOCS1	represses	0.44	K562 CRISPRi + K562 ChIP; not in OmniPath or bank
NCOR1	RPL37	represses	0.44	K562 CRISPRi + K562 ChIP; not in OmniPath or bank
GATA1	RHOT1	represses	0.44	K562 CRISPRi + K562 ChIP; not in OmniPath or bank
SMC3	LMNB1	activates	-0.44	K562 CRISPRi + K562 ChIP; not in OmniPath or bank
CBX3	HMGN3	represses	0.44	K562 CRISPRi + K562 ChIP; not in OmniPath or bank
EP300	CTSC	represses	0.44	K562 CRISPRi + K562 ChIP; not in OmniPath or bank
SETDB1	TAF7	represses	0.44	K562 CRISPRi + K562 ChIP; not in OmniPath or bank
KDM1A	CTNNA1	represses	0.44	K562 CRISPRi + K562 ChIP; not in OmniPath or bank
RCOR1	CLU	represses	0.44	K562 CRISPRi + K562 ChIP; not in OmniPath or bank
TAF7	ANKHD1	represses	0.44	K562 CRISPRi + K562 ChIP; not in OmniPath or bank
CREBBP	FTL	activates	-0.44	K562 CRISPRi + K562 ChIP; not in OmniPath or bank
SMC3	MRPS21	activates	-0.44	K562 CRISPRi + K562 ChIP; not in OmniPath or bank
SMC3	RSAD1	represses	0.44	K562 CRISPRi + K562 ChIP; not in OmniPath or bank
GTF2B	NSA2	represses	0.44	K562 CRISPRi + K562 ChIP; not in OmniPath or bank
GTF2B	GEMIN6	represses	0.44	K562 CRISPRi + K562 ChIP; not in OmniPath or bank
USF1	BLOC1S1	activates	-0.44	K562 CRISPRi + K562 ChIP; not in OmniPath or bank
TAF1	B4GALT7	represses	0.44	K562 CRISPRi + K562 ChIP; not in OmniPath or bank
RBBP5	USE1	represses	0.44	K562 CRISPRi + K562 ChIP; not in OmniPath or bank
KDM1A	UBE2W	represses	0.44	K562 CRISPRi + K562 ChIP; not in OmniPath or bank
GATA1	RAB21	represses	0.44	K562 CRISPRi + K562 ChIP; not in OmniPath or bank
CBX3	HARS	activates	-0.44	K562 CRISPRi + K562 ChIP; not in OmniPath or bank
RAD21	SOCS2	represses	0.44	K562 CRISPRi + K562 ChIP; not in OmniPath or bank
TAF7	UBC	represses	0.44	K562 CRISPRi + K562 ChIP; not in OmniPath or bank
TBP	RPL19	activates	-0.44	K562 CRISPRi + K562 ChIP; not in OmniPath or bank
SMC3	OGFOD2	represses	0.44	K562 CRISPRi + K562 ChIP; not in OmniPath or bank
RAD21	CNPY2	represses	0.44	K562 CRISPRi + K562 ChIP; not in OmniPath or bank
NR2F2	SNHG1	represses	0.44	K562 CRISPRi + K562 ChIP; not in OmniPath or bank
RBBP5	WBP1	represses	0.44	K562 CRISPRi + K562 ChIP; not in OmniPath or bank
RCOR1	STX12	represses	0.44	K562 CRISPRi + K562 ChIP; not in OmniPath or bank
GATA2	AGBL5	represses	0.44	K562 CRISPRi + K562 ChIP; not in OmniPath or bank
GATA1	MYH10	activates	-0.44	K562 CRISPRi + K562 ChIP; not in OmniPath or bank
KDM1A	TOR2A	represses	0.44	K562 CRISPRi + K562 ChIP; not in OmniPath or bank
MYC	FYN	represses	0.44	K562 CRISPRi + K562 ChIP; not in OmniPath or bank
CHD2	RFC4	represses	0.44	K562 CRISPRi + K562 ChIP; not in OmniPath or bank
SPI1	EMP3	represses	0.44	K562 CRISPRi + K562 ChIP; not in OmniPath or bank
GATA1	RHBDD2	represses	0.44	K562 CRISPRi + K562 ChIP; not in OmniPath or bank
GTF2F1	RFC5	represses	0.44	K562 CRISPRi + K562 ChIP; not in OmniPath or bank
GTF2B	C1QBP	activates	-0.44	K562 CRISPRi + K562 ChIP; not in OmniPath or bank
SMC3	PSMG4	activates	-0.44	K562 CRISPRi + K562 ChIP; not in OmniPath or bank
POLR3A	SUZ12	activates	-0.44	K562 CRISPRi + K562 ChIP; not in OmniPath or bank
GATA2	ANXA4	represses	0.44	K562 CRISPRi + K562 ChIP; not in OmniPath or bank
NELFE	TUBA1B	activates	-0.44	K562 CRISPRi + K562 ChIP; not in OmniPath or bank
SMC3	MRPL27	represses	0.44	K562 CRISPRi + K562 ChIP; not in OmniPath or bank
