source	target	literature	curation_effort	knockdown_z	chip_bound
GATA1	FCER1G	activates	6	4.71	False
GATA1	FCGRT	activates	8	2.92	False
GATA1	HLA-E	activates	2	2.77	False
GATA1	DPYSL2	activates	4	2.32	False
GATA1	BST2	activates	4	2.18	False
ETV4	TIMP1	activates	6	1.55	False
GATA1	YBX1	represses	3	-1.43	False
ETV4	TGFB1	activates	2	1.22	False
TAF1	GTF2A1	activates	1	1.13	False
PTTG1	S100A4	activates	2	1.10	False
PTTG1	LGALS1	activates	2	1.04	False
NRF1	ALAS2	activates	1	1.00	False
GATA1	TIMP1	activates	2	0.99	False
SIN3A	HSP90AB1	represses	1	-0.95	False
SP1	GYPB	activates	1	0.89	False
GATA1	HDAC1	activates	2	0.87	False
ETV4	CCND2	activates	5	0.86	False
RARA	MYC	activates	9	0.86	False
GATA1	CPEB4	activates	1	0.79	False
MAX	GADD45A	activates	4	0.78	True
MEF2A	CLCA1	activates	1	0.75	False
GATA1	BTG2	activates	0	0.74	True
MYC	GSTP1	activates	4	0.72	True
GATA1	MYC	represses	11	-0.71	False
CTNNB1	REST	activates	3	0.70	False
SP1	CDKN2D	activates	1	0.69	False
ESR1	CDKN1C	activates	2	0.67	False
TCF3	APOE	activates	1	0.67	False
CLOCK	ATF4	activates	2	0.66	False
SREBF2	ACAT2	represses	3	-0.65	False
SPI1	TNFSF10	activates	4	0.65	False
SP1	EEF1A1	activates	2	0.64	True
ESR1	STX18	activates	1	0.62	False
STAT6	RPL26	activates	2	0.62	False
DLX4	ICAM1	activates	2	0.62	False
CTNNB1	NOTUM	activates	10	0.62	False
ESR1	MED25	activates	1	0.61	False
GATA1	ERCC1	activates	2	0.61	False
CTNNB1	HERPUD1	activates	2	0.61	False
CTNNB1	TCF4	activates	77	0.61	False
MEF2D	JUN	activates	11	0.61	False
ESR1	GAL	activates	3	0.61	False
MYC	HBA1	activates	5	0.60	False
SF1	TCERG1	represses	3	-0.57	False
SREBF1	HMGCS1	activates	5	0.57	False
SSRP1	CDKN1C	activates	1	0.57	False
GATA1	CDKN1B	activates	3	0.56	False
FOXO1	FYN	activates	1	0.56	False
TFCP2L1	KDM3A	activates	1	0.55	False
EP300	HSPA5	activates	1	0.55	True
GATA1	CAT	activates	1	0.55	False
AHR	MT2A	activates	4	0.54	False
GATA1	GSTP1	activates	4	0.54	False
GATA1	TNFRSF10B	activates	2	0.52	False
SP1	GYPA	activates	1	0.52	False
NFIA	HSPA5	activates	1	0.51	False
GATA1	ZXDC	activates	4	0.49	False
RARA	TNFAIP2	activates	4	0.49	False
STAT6	CISH	activates	8	0.49	False
SSRP1	TXNIP	activates	1	0.49	False
CTNNB1	TSC22D1	activates	2	0.49	False
ESR1	ARID5B	activates	4	0.48	False
IRF9	TNFSF10	activates	3	0.48	False
MYC	HMBS	activates	4	0.47	True
ESR1	CFLAR	activates	1	0.47	False
TFAP2A	POMGNT2	activates	1	0.47	False
GATA1	FURIN	activates	5	0.47	False
GATA1	HCFC1R1	activates	2	0.47	False
TAF1	TAF7	activates	3	0.46	False
CDC5L	PLRG1	activates	4	0.45	False
SREBF1	HMGCR	activates	26	0.45	False
LDB1	TCF3	represses	4	-0.45	False
