organism,locus_tag,fba_essential,fba_n_rxns,fba_in_model
beril_Keio,b1094,1,26,1
beril_Keio,b0485,0,1,1
beril_Keio,b1483,0,1,1
beril_Keio,b3748,0,1,1
beril_Keio,b3917,0,5,1
beril_Keio,b0149,0,4,1
beril_Keio,b2523,0,2,1
beril_Keio,b2827,1,1,1
beril_Keio,b4088,0,2,1
beril_Keio,b2032,0,1,1
beril_Keio,b1337,0,1,1
beril_Keio,b2963,0,4,1
beril_Keio,b0831,0,1,1
beril_Keio,b0935,0,5,1
beril_Keio,b3564,0,2,1
beril_Keio,b0033,0,1,1
beril_Keio,b1623,0,2,1
beril_Keio,b1732,0,1,1
beril_Keio,b2425,0,5,1
beril_Keio,b2038,0,1,1
beril_Keio,b1601,0,1,1
beril_Keio,b3452,0,7,1
beril_Keio,b0306,0,2,1
beril_Keio,b3011,0,3,1
beril_Keio,b2919,0,1,1
beril_Keio,b3654,0,3,1
beril_Keio,b1400,0,1,1
beril_Keio,b2551,0,6,1
beril_Keio,b3117,0,2,1
beril_Keio,b3600,0,1,1
beril_Keio,b0674,0,2,1
beril_Keio,b1854,0,5,1
beril_Keio,b1870,0,1,1
beril_Keio,b0635,1,2,1
beril_Keio,b2041,0,1,1
beril_Keio,b2428,0,1,1
beril_Keio,b0764,0,3,1
beril_Keio,b0756,0,1,1
beril_Keio,b0655,0,2,1
beril_Keio,b0596,0,1,1
beril_Keio,b0973,0,3,1
beril_Keio,b2762,1,2,1
beril_Keio,b0049,0,3,1
beril_Keio,b3543,0,3,1
beril_Keio,b3612,0,1,1
beril_Keio,b0681,0,1,1
beril_Keio,b3919,0,1,1
beril_Keio,b4084,0,1,1
beril_Keio,b0595,0,1,1
beril_Keio,b4100,0,1,1
beril_Keio,b0972,0,3,1
beril_Keio,b0415,1,1,1
beril_Keio,b3632,0,1,1
beril_Keio,b3018,1,7,1
beril_Keio,b0103,1,1,1
beril_Keio,b0131,1,1,1
beril_Keio,b0979,0,2,1
beril_Keio,b2242,0,3,1
beril_Keio,b3476,0,1,1
beril_Keio,b1779,0,6,1
beril_Keio,b0997,0,2,1
beril_Keio,b2323,1,13,1
beril_Keio,b2286,0,3,1
beril_Keio,b2277,0,3,1
beril_Keio,b4040,1,1,1
beril_Keio,b2232,0,2,1
beril_Keio,b2488,0,1,1
beril_Keio,b1006,0,1,1
beril_Keio,b1662,1,1,1
beril_Keio,b1493,0,1,1
beril_Keio,b2906,0,1,1
beril_Keio,b2893,0,2,1
beril_Keio,b0933,0,5,1
beril_Keio,b3877,0,1,1
beril_Keio,b4392,0,4,1
beril_Keio,b2485,0,1,1
beril_Keio,b2500,0,1,1
beril_Keio,b2175,0,6,1
beril_Keio,b3199,1,9,1
beril_Keio,b3197,0,1,1
beril_Keio,b0784,0,2,1
beril_Keio,b1300,0,2,1
beril_Keio,b0116,0,3,1
beril_Keio,b2541,0,2,1
beril_Keio,b2303,0,1,1
beril_Keio,b3997,1,1,1
beril_Keio,b3752,0,1,1
beril_Keio,b0159,1,3,1
beril_Keio,b2290,0,1,1
beril_Keio,b1387,0,1,1
beril_Keio,b4467,0,3,1
beril_Keio,b1982,0,1,1
beril_Keio,b1592,0,1,1
beril_Keio,b3360,1,1,1
beril_Keio,b1123,0,2,1
beril_Keio,b2092,0,1,1
beril_Keio,b2310,0,3,1
beril_Keio,b2480,0,1,1
beril_Keio,b0822,0,7,1
beril_Keio,b0099,0,3,1
beril_Keio,b4042,0,7,1
beril_Keio,b3907,0,2,1
beril_Keio,b1059,0,2,1
beril_Keio,b4321,0,2,1
beril_Keio,b3008,0,2,1
beril_Keio,b4240,0,1,1
beril_Keio,b2039,0,1,1
beril_Keio,b4035,0,6,1
beril_Keio,b1488,0,1,1
beril_Keio,b1007,0,1,1
beril_Keio,b2515,1,1,1
beril_Keio,b0494,0,21,1
beril_Keio,b1640,0,1,1
beril_Keio,b1008,0,1,1
beril_Keio,b3962,0,1,1
beril_Keio,b1693,1,1,1
beril_Keio,b0759,0,1,1
beril_Keio,b2763,1,4,1
beril_Keio,b3939,1,1,1
beril_Keio,b1302,0,3,1
beril_Keio,b2285,0,3,1
beril_Keio,b4471,0,1,1
beril_Keio,b4265,0,3,1
beril_Keio,b3041,1,1,1
beril_Keio,b2600,1,2,1
beril_Keio,b0401,0,3,1
beril_Keio,b3455,0,5,1
beril_Keio,b0197,0,2,1
beril_Keio,b3189,1,1,1
beril_Keio,b3957,1,1,1
beril_Keio,b0811,0,1,1
beril_Keio,b4093,0,1,1
beril_Keio,b3736,0,1,1
beril_Keio,b0752,0,5,1
beril_Keio,b0886,0,2,1
beril_Keio,b2320,0,1,1
beril_Keio,b2917,0,1,1
beril_Keio,b2393,0,8,1
beril_Keio,b0312,0,2,1
beril_Keio,b4122,0,2,1
beril_Keio,b3715,0,1,1
beril_Keio,b2704,0,2,1
beril_Keio,b2014,0,1,1
beril_Keio,b2150,0,2,1
beril_Keio,b2198,0,1,1
beril_Keio,b0585,0,2,1
beril_Keio,b0222,0,1,1
beril_Keio,b2964,0,11,1
beril_Keio,b1054,0,1,1
beril_Keio,b0954,0,13,1
beril_Keio,b0331,0,1,1
beril_Keio,b3622,0,2,1
beril_Keio,b2530,1,6,1
beril_Keio,b3784,0,1,1
beril_Keio,b1918,0,1,1
beril_Keio,b4237,0,4,1
beril_Keio,b1291,0,1,1
beril_Keio,b3915,0,7,1
beril_Keio,b4086,0,2,1
beril_Keio,b1684,0,2,1
beril_Keio,b4054,0,4,1
beril_Keio,b3792,0,1,1
beril_Keio,b1692,0,3,1
beril_Keio,b2035,0,3,1
beril_Keio,b1927,0,1,1
beril_Keio,b1250,0,1,1
beril_Keio,b0180,1,14,1
beril_Keio,b2702,0,2,1
beril_Keio,b0855,0,1,1
beril_Keio,b0459,0,2,1
beril_Keio,b3816,0,3,1
beril_Keio,b3967,1,1,1
beril_Keio,b3553,0,10,1
beril_Keio,b0839,0,5,1
beril_Keio,b2784,0,2,1
beril_Keio,b3590,0,1,1
beril_Keio,b2288,0,3,1
beril_Keio,b0974,0,3,1
beril_Keio,b3721,0,2,1
beril_Keio,b4192,0,1,1
beril_Keio,b2206,0,2,1
beril_Keio,b0632,0,5,1
beril_Keio,b1912,0,7,1
beril_Keio,b3870,1,1,1
beril_Keio,b2662,0,3,1
beril_Keio,b3567,0,1,1
beril_Keio,b3804,1,1,1
beril_Keio,b2937,0,1,1
beril_Keio,b2895,0,7,1
beril_Keio,b4290,0,1,1
beril_Keio,b1097,0,4,1
beril_Keio,b2557,1,1,1
beril_Keio,b2519,0,2,1
beril_Keio,b0417,1,1,1
beril_Keio,b2048,0,1,1
beril_Keio,b2202,0,2,1
beril_Keio,b2023,1,1,1
beril_Keio,b3417,0,5,1
beril_Keio,b3732,0,1,1
beril_Keio,b4298,0,1,1
beril_Keio,b2465,0,2,1
beril_Keio,b1539,0,4,1
beril_Keio,b3182,0,9,1
beril_Keio,b1317,0,1,1
beril_Keio,b0475,0,1,1
beril_Keio,b2154,0,1,1
beril_Keio,b3671,0,2,1
beril_Keio,b3058,1,2,1
beril_Keio,b3198,1,1,1
beril_Keio,b1821,0,1,1
beril_Keio,b1341,0,1,1
beril_Keio,b4032,0,6,1
beril_Keio,b4267,0,2,1
beril_Keio,b0731,0,1,1
beril_Keio,b0766,0,2,1
beril_Keio,b4067,0,2,1
beril_Keio,b1012,0,1,1
beril_Keio,b0733,0,1,1
beril_Keio,b3624,0,1,1
beril_Keio,b0622,0,2,1
beril_Keio,b1900,0,1,1
beril_Keio,b1781,0,1,1
beril_Keio,b4214,1,1,1
beril_Keio,b2174,0,1,1
beril_Keio,b3735,0,1,1
beril_Keio,b3426,0,1,1
beril_Keio,b2278,0,3,1
beril_Keio,b2424,0,5,1
beril_Keio,b0577,0,1,1
beril_Keio,b3831,0,1,1
beril_Keio,b2221,0,3,1
beril_Keio,b3572,0,1,1
beril_Keio,b2803,0,1,1
beril_Keio,b1654,0,6,1
beril_Keio,b4544,0,1,1
beril_Keio,b2094,0,1,1
beril_Keio,b2245,0,1,1
beril_Keio,b2051,0,1,1
beril_Keio,b0830,0,1,1
beril_Keio,b4384,0,7,1
beril_Keio,b3619,0,1,1
beril_Keio,b1386,0,3,1
beril_Keio,b0980,0,2,1
beril_Keio,b1490,0,1,1
beril_Keio,b1603,0,1,1
beril_Keio,b1336,0,1,1
beril_Keio,b1225,0,2,1
beril_Keio,b2251,0,3,1
beril_Keio,b3991,1,1,1
beril_Keio,b1832,0,1,1
beril_Keio,b1319,0,1,1
beril_Keio,b2727,0,1,1
beril_Keio,b0615,0,1,1
beril_Keio,b4288,0,1,1
beril_Keio,b3040,1,6,1
beril_Keio,b2302,0,1,1
beril_Keio,b1805,0,10,1
beril_Keio,b1990,0,5,1
beril_Keio,b0037,0,3,1
beril_Keio,b2131,0,2,1
beril_Keio,b0757,0,1,1
beril_Keio,b0030,0,5,1
beril_Keio,b2297,0,2,1
beril_Keio,b1252,0,10,1
beril_Keio,b3223,0,1,1
beril_Keio,b4291,0,1,1
beril_Keio,b1993,0,2,1
beril_Keio,b0120,0,1,1
beril_Keio,b2204,0,1,1
beril_Keio,b2797,0,1,1
beril_Keio,b0594,0,1,1
beril_Keio,b3281,0,1,1
beril_Keio,b2841,0,1,1
beril_Keio,b3416,0,4,1
beril_Keio,b2536,0,1,1
beril_Keio,b2677,0,5,1
beril_Keio,b2927,0,1,1
beril_Keio,b0511,0,1,1
beril_Keio,b1243,0,2,1
beril_Keio,b0857,0,1,1
beril_Keio,b4070,0,2,1
beril_Keio,b4230,0,2,1
beril_Keio,b3544,0,3,1
beril_Keio,b1390,0,1,1
beril_Keio,b2366,0,1,1
beril_Keio,b0242,1,1,1
beril_Keio,b0366,0,3,1
beril_Keio,b0047,0,1,1
beril_Keio,b1584,0,2,1
beril_Keio,b0597,0,1,1
beril_Keio,b3224,0,1,1
beril_Keio,b1467,0,2,1
beril_Keio,b1131,1,2,1
beril_Keio,b2283,0,3,1
beril_Keio,b1759,0,2,1
beril_Keio,b2578,0,2,1
beril_Keio,b0957,0,1,1
beril_Keio,b4245,1,1,1
beril_Keio,b0929,0,285,1
beril_Keio,b0543,0,2,1
beril_Keio,b3966,0,3,1
beril_Keio,b3566,0,1,1
beril_Keio,b1518,0,1,1
beril_Keio,b2558,0,4,1
beril_Keio,b4079,0,1,1
beril_Keio,b1033,0,4,1
beril_Keio,b0462,0,7,1
beril_Keio,b3883,0,1,1
beril_Keio,b1817,0,6,1
beril_Keio,b2744,0,14,1
beril_Keio,b2306,0,4,1
beril_Keio,b3747,0,1,1
beril_Keio,b0381,0,1,1
beril_Keio,b0173,1,1,1
beril_Keio,b1091,1,3,1
beril_Keio,b0038,0,2,1
beril_Keio,b2924,0,1,1
beril_Keio,b4231,0,2,1
beril_Keio,b2675,0,4,1
beril_Keio,b0734,0,1,1
beril_Keio,b2423,0,5,1
beril_Keio,b1710,0,2,1
beril_Keio,b2312,1,1,1
beril_Keio,b0325,0,2,1
beril_Keio,b4196,0,1,1
beril_Keio,b1761,0,1,1
beril_Keio,b2918,0,1,1
beril_Keio,b3005,0,10,1
beril_Keio,b4132,0,1,1
beril_Keio,b2263,0,1,1
beril_Keio,b3581,0,1,1
beril_Keio,b2873,0,1,1
beril_Keio,b3477,0,1,1
beril_Keio,b1394,0,2,1
beril_Keio,b0029,1,2,1
beril_Keio,b1415,0,2,1
beril_Keio,b0638,0,1,1
beril_Keio,b4123,0,9,1
beril_Keio,b0721,0,1,1
beril_Keio,b0121,0,2,1
beril_Keio,b2164,0,1,1
beril_Keio,b3336,0,1,1
beril_Keio,b2579,0,2,1
beril_Keio,b0844,0,2,1
beril_Keio,b0025,1,2,1
beril_Keio,b0777,1,1,1
beril_Keio,b4152,0,2,1
beril_Keio,b3616,0,1,1
beril_Keio,b1701,0,10,1
beril_Keio,b1486,0,1,1
beril_Keio,b2458,0,1,1
beril_Keio,b2688,0,1,1
beril_Keio,b4146,0,1,1
beril_Keio,b2720,0,2,1
beril_Keio,b2926,0,1,1
beril_Keio,b2975,0,3,1
beril_Keio,b0429,0,1,1
beril_Keio,b0068,0,1,1
beril_Keio,b0583,0,1,1
beril_Keio,b3788,0,1,1
beril_Keio,b2498,0,1,1
beril_Keio,b4468,0,3,1
beril_Keio,b0368,0,1,1
beril_Keio,b0452,0,10,1
beril_Keio,b0928,0,4,1
beril_Keio,b3875,0,3,1
beril_Keio,b2708,0,1,1
beril_Keio,b1651,0,1,1
beril_Keio,b1192,0,4,1
beril_Keio,b2676,0,4,1
beril_Keio,b2156,0,1,1
beril_Keio,b1469,0,1,1
beril_Keio,b3809,1,1,1
beril_Keio,b3057,0,2,1
beril_Keio,b0446,0,4,1
beril_Keio,b2407,0,5,1
beril_Keio,b0781,0,1,1
beril_Keio,b2254,0,1,1
beril_Keio,b3751,0,1,1
beril_Keio,b0726,0,1,1
beril_Keio,b3603,0,3,1
beril_Keio,b3876,0,1,1
beril_Keio,b0087,1,1,1
beril_Keio,b3731,0,1,1
beril_Keio,b3633,1,2,1
beril_Keio,b1599,0,1,1
beril_Keio,b3943,0,1,1
beril_Keio,b3787,0,1,1
beril_Keio,b3993,1,1,1
beril_Keio,b0657,0,2,1
beril_Keio,b3617,0,1,1
beril_Keio,b4197,0,1,1
beril_Keio,b2279,0,3,1
beril_Keio,b1190,0,1,1
beril_Keio,b0066,0,1,1
beril_Keio,b1124,0,2,1
beril_Keio,b3996,0,1,1
beril_Keio,b2284,0,3,1
beril_Keio,b0842,0,2,1
beril_Keio,b2341,0,16,1
beril_Keio,b3540,0,3,1
beril_Keio,b1107,0,3,1
beril_Keio,b2679,0,5,1
beril_Keio,b1011,0,1,1
beril_Keio,b3664,0,1,1
beril_Keio,b2701,0,4,1
beril_Keio,b0521,0,1,1
beril_Keio,b1985,0,2,1
beril_Keio,b0009,0,1,1
beril_Keio,b2416,0,21,1
beril_Keio,b3994,1,1,1
beril_Keio,b0584,0,1,1
beril_Keio,b3882,0,2,1
beril_Keio,b1226,0,2,1
beril_Keio,b3093,0,2,1
beril_Keio,b3930,0,1,1
beril_Keio,b3786,0,1,1
beril_Keio,b4194,0,1,1
beril_Keio,b1277,1,1,1
beril_Keio,b2787,0,1,1
beril_Keio,b0237,0,3,1
beril_Keio,b2920,0,1,1
beril_Keio,b1208,1,1,1
beril_Keio,b4226,0,1,1
beril_Keio,b2308,0,4,1
beril_Keio,b1285,0,2,1
beril_Keio,b3370,0,2,1
beril_Keio,b3365,0,1,1
beril_Keio,b3059,0,7,1
beril_Keio,b0509,0,1,1
beril_Keio,b0679,0,1,1
beril_Keio,b0837,0,1,1
beril_Keio,b1227,0,2,1
beril_Keio,b2418,0,4,1
beril_Keio,b3708,0,3,1
beril_Keio,b0493,0,1,1
beril_Keio,b3580,0,2,1
beril_Keio,b2563,0,1,1
beril_Keio,b2501,0,2,1
beril_Keio,b2670,0,1,1
beril_Keio,b2029,0,1,1
beril_Keio,b1363,0,1,1
beril_Keio,b4101,0,1,1
beril_Keio,b3028,0,3,1
beril_Keio,b2747,1,1,1
beril_Keio,b3739,0,1,1
beril_Keio,b0755,0,1,1
beril_Keio,b4297,0,1,1
beril_Keio,b0617,0,1,1
beril_Keio,b3843,1,1,1
beril_Keio,b1448,0,1,1
beril_Keio,b2235,0,4,1
beril_Keio,b0207,0,2,1
beril_Keio,b0388,0,1,1
beril_Keio,b2796,0,1,1
beril_Keio,b3447,0,1,1
beril_Keio,b3519,0,1,1
beril_Keio,b2472,1,1,1
beril_Keio,b0630,0,1,1
beril_Keio,b0908,1,1,1
beril_Keio,b1897,0,1,1
beril_Keio,b1378,0,1,1
beril_Keio,b1616,0,1,1
beril_Keio,b3458,0,1,1
beril_Keio,b2260,0,1,1
beril_Keio,b2965,0,1,1
beril_Keio,b1197,0,1,1
beril_Keio,b4356,0,1,1
beril_Keio,b1681,0,6,1
beril_Keio,b0185,1,1,1
beril_Keio,b2750,1,1,1
beril_Keio,b2723,0,2,1
beril_Keio,b3785,0,3,1
beril_Keio,b1025,0,1,1
beril_Keio,b1778,0,1,1
beril_Keio,b1771,0,1,1
beril_Keio,b0150,0,3,1
beril_Keio,b0641,1,9,1
beril_Keio,b1600,0,1,1
beril_Keio,b2788,0,1,1
beril_Keio,b0589,0,2,1
beril_Keio,b3697,0,6,1
beril_Keio,b3542,0,3,1
beril_Keio,b3806,0,1,1
beril_Keio,b2417,0,6,1
beril_Keio,b1244,0,2,1
beril_Keio,b2738,0,1,1
beril_Keio,b0090,1,1,1
beril_Keio,b4073,0,2,1
beril_Keio,b1474,0,2,1
beril_Keio,b1185,0,2,1
beril_Keio,b2019,1,1,1
beril_Keio,b0032,0,1,1
beril_Keio,b2987,0,1,1
beril_Keio,b1746,0,1,1
beril_Keio,b1606,0,2,1
beril_Keio,b0517,0,1,1
beril_Keio,b1392,0,1,1
beril_Keio,b0158,0,3,1
beril_Keio,b3433,1,1,1
beril_Keio,b2168,0,1,1
beril_Keio,b2025,1,1,1
beril_Keio,b1288,1,26,1
beril_Keio,b1661,0,4,1
beril_Keio,b2257,0,1,1
beril_Keio,b3568,0,1,1
beril_Keio,b0089,1,2,1
beril_Keio,b4287,0,1,1
beril_Keio,b2097,0,1,1
beril_Keio,b3607,1,1,1
beril_Keio,b1109,0,3,1
beril_Keio,b1200,0,1,1
beril_Keio,b4092,0,1,1
beril_Keio,b0114,0,1,1
beril_Keio,b0894,0,4,1
beril_Keio,b4006,1,2,1
beril_Keio,b3551,0,3,1
beril_Keio,b1858,0,1,1
beril_Keio,b0142,1,1,1
beril_Keio,b0813,0,2,1
beril_Keio,b2997,0,3,1
beril_Keio,b4034,0,6,1
beril_Keio,b1813,0,1,1
beril_Keio,b3172,1,1,1
beril_Keio,b0576,0,1,1
beril_Keio,b3779,0,1,1
beril_Keio,b4115,0,1,1
beril_Keio,b1297,0,1,1
beril_Keio,b1981,0,1,1
beril_Keio,b3627,0,1,1
beril_Keio,b2431,0,1,1
beril_Keio,b1186,0,1,1
beril_Keio,b3258,0,1,1
beril_Keio,b0867,0,2,1
beril_Keio,b0856,0,1,1
beril_Keio,b0825,0,1,1
beril_Keio,b3371,0,1,1
beril_Keio,b2836,0,23,1
beril_Keio,b1215,1,1,1
beril_Keio,b0002,0,2,1
beril_Keio,b4039,0,2,1
beril_Keio,b0182,1,1,1
beril_Keio,b2503,0,1,1
beril_Keio,b4238,0,4,1
beril_Keio,b2508,0,1,1
beril_Keio,b2724,0,2,1
beril_Keio,b2033,0,1,1
beril_Keio,b0314,0,1,1
beril_Keio,b3909,0,2,1
beril_Keio,b0383,0,15,1
beril_Keio,b3403,0,1,1
beril_Keio,b3389,1,1,1
beril_Keio,b0181,1,1,1
beril_Keio,b3653,0,1,1
beril_Keio,b1393,0,1,1
beril_Keio,b3670,0,2,1
beril_Keio,b2022,1,2,1
beril_Keio,b0349,0,2,1
beril_Keio,b2947,0,1,1
beril_Keio,b4160,1,7,1
beril_Keio,b0871,0,1,1
beril_Keio,b3738,0,1,1
beril_Keio,b0507,0,1,1
beril_Keio,b0211,0,4,1
beril_Keio,b2147,0,1,1
beril_Keio,b3942,0,1,1
beril_Keio,b4513,0,1,1
beril_Keio,b1677,0,2,1
beril_Keio,b1207,0,1,1
beril_Keio,b3241,0,1,1
beril_Keio,b3650,0,3,1
beril_Keio,b3063,0,1,1
beril_Keio,b0086,1,1,1
beril_Keio,b4064,0,2,1
beril_Keio,b2482,0,1,1
beril_Keio,b3846,0,19,1
beril_Keio,b0903,0,2,1
beril_Keio,b0826,0,1,1
beril_Keio,b1484,0,1,1
beril_Keio,b3449,0,5,1
beril_Keio,b2430,0,5,1
beril_Keio,b3061,0,1,1
beril_Keio,b1247,0,2,1
beril_Keio,b0365,0,3,1
beril_Keio,b2413,0,1,1
beril_Keio,b2478,1,1,1
beril_Keio,b1533,0,3,1
beril_Keio,b4382,0,2,1
beril_Keio,b3903,0,2,1
beril_Keio,b4098,0,1,1
beril_Keio,b3849,0,1,1
beril_Keio,b0402,0,1,1
beril_Keio,b0572,0,2,1
beril_Keio,b1441,0,2,1
beril_Keio,b4139,0,1,1
beril_Keio,b2801,0,1,1
beril_Keio,b1126,0,2,1
beril_Keio,b3640,0,1,1
beril_Keio,b0200,0,1,1
beril_Keio,b0411,0,7,1
beril_Keio,b2871,0,1,1
beril_Keio,b1189,0,1,1
beril_Keio,b0307,0,2,1
beril_Keio,b3946,0,1,1
beril_Keio,b2914,0,1,1
beril_Keio,b1492,0,1,1
beril_Keio,b0937,0,2,1
beril_Keio,b1022,0,2,1
beril_Keio,b1193,0,4,1
beril_Keio,b3478,0,1,1
beril_Keio,b1245,0,2,1
beril_Keio,b2470,0,7,1
beril_Keio,b0925,0,6,1
beril_Keio,b2378,0,1,1
beril_Keio,b0335,0,1,1
beril_Keio,b2047,0,1,1
beril_Keio,b4476,0,1,1
beril_Keio,b3728,0,1,1
beril_Keio,b0854,0,1,1
beril_Keio,b0529,0,2,1
beril_Keio,b2240,0,1,1
beril_Keio,b2818,1,1,1
beril_Keio,b2373,0,1,1
beril_Keio,b3399,0,5,1
beril_Keio,b2178,0,2,1
beril_Keio,b0729,0,1,1
beril_Keio,b1747,0,1,1
beril_Keio,b4104,0,1,1
beril_Keio,b0394,0,1,1
beril_Keio,b1733,0,1,1
beril_Keio,b1281,1,1,1
beril_Keio,b2507,1,2,1
beril_Keio,b3727,0,1,1
beril_Keio,b2243,0,3,1
beril_Keio,b1656,0,1,1
beril_Keio,b0431,0,1,1
beril_Keio,b3583,0,1,1
beril_Keio,b4013,1,1,1
beril_Keio,b2414,0,1,1
beril_Keio,b2149,0,2,1
beril_Keio,b1515,0,1,1
beril_Keio,b0849,0,6,1
beril_Keio,b0092,0,1,1
beril_Keio,b0340,0,1,1
beril_Keio,b1014,0,2,1
beril_Keio,b2476,1,1,1
beril_Keio,b1270,0,2,1
beril_Keio,b1093,1,14,1
beril_Keio,b3248,0,2,1
beril_Keio,b2239,0,5,1
beril_Keio,b4460,0,1,1
beril_Keio,b2255,0,2,1
beril_Keio,b2843,0,1,1
beril_Keio,b3960,1,1,1
beril_Keio,b0727,0,1,1
beril_Keio,b2199,0,1,1
beril_Keio,b1513,0,1,1
beril_Keio,b4289,0,1,1
beril_Keio,b0052,1,1,1
beril_Keio,b0862,0,1,1
beril_Keio,b4232,0,1,1
beril_Keio,b3012,0,2,1
beril_Keio,b3571,0,1,1
beril_Keio,b3500,0,1,1
beril_Keio,b4478,0,1,1
beril_Keio,s0001,1,45,1
beril_Keio,b3034,0,1,1
beril_Keio,b1262,1,2,1
beril_Keio,b0606,0,1,1
beril_Keio,b3457,0,5,1
beril_Keio,b2710,0,1,1
beril_Keio,b0350,0,1,1
beril_Keio,b0654,0,2,1
beril_Keio,b0931,0,1,1
beril_Keio,b2406,0,6,1
beril_Keio,b1092,1,1,1
beril_Keio,b1851,0,1,1
beril_Keio,b0432,0,1,1
beril_Keio,b4106,0,1,1
beril_Keio,b0347,0,2,1
beril_Keio,b2328,0,6,1
beril_Keio,b1443,0,2,1
beril_Keio,b0590,0,2,1
beril_Keio,b2371,0,1,1
beril_Keio,b3860,0,2,1
beril_Keio,b3845,0,8,1
beril_Keio,b2463,0,1,1
beril_Keio,b3605,0,2,1
beril_Keio,b3904,0,1,1
beril_Keio,b1466,0,2,1
beril_Keio,b0624,0,1,1
beril_Keio,b2933,0,1,1
beril_Keio,b0586,0,1,1
beril_Keio,b2903,0,1,1
beril_Keio,b2483,0,1,1
beril_Keio,b4161,0,4,1
beril_Keio,b2467,0,1,1
beril_Keio,b0515,0,1,1
beril_Keio,b2464,0,1,1
beril_Keio,b1709,0,3,1
beril_Keio,b3850,1,2,1
beril_Keio,b3137,0,1,1
beril_Keio,b1638,0,2,1
beril_Keio,b0353,0,2,1
beril_Keio,b0484,0,1,1
beril_Keio,b0091,1,1,1
beril_Keio,b3092,0,2,1
beril_Keio,b1489,0,3,1
beril_Keio,b3725,0,1,1
beril_Keio,b0723,0,1,1
beril_Keio,b2866,0,2,1
beril_Keio,b2715,0,2,1
beril_Keio,b3610,0,6,1
beril_Keio,b3952,0,1,1
beril_Keio,b1727,0,4,1
beril_Keio,b2719,0,2,1
beril_Keio,b0109,1,1,1
beril_Keio,b3623,0,1,1
beril_Keio,b2146,0,1,1
beril_Keio,b3666,0,4,1
beril_Keio,b1764,0,1,1
beril_Keio,b1818,0,6,1
beril_Keio,b2162,0,2,1
beril_Keio,b3480,0,1,1
beril_Keio,b0048,0,1,1
beril_Keio,b0945,0,2,1
beril_Keio,b0010,0,2,1
beril_Keio,b2020,1,1,1
beril_Keio,b1021,0,2,1
beril_Keio,b1278,0,30,1
beril_Keio,b3665,0,1,1
beril_Keio,b1260,1,3,1
beril_Keio,b1602,0,1,1
beril_Keio,b1857,0,1,1
beril_Keio,b2280,0,3,1
beril_Keio,b0692,0,2,1
beril_Keio,b2026,1,2,1
beril_Keio,b2210,0,2,1
beril_Keio,b2265,0,1,1
beril_Keio,b2165,0,1,1
beril_Keio,b2222,0,3,1
beril_Keio,b1619,0,1,1
beril_Keio,b1479,0,1,1
beril_Keio,b2663,0,1,1
beril_Keio,b4041,0,7,1
beril_Keio,b2587,0,1,1
beril_Keio,b2153,1,1,1
beril_Keio,b1646,0,1,1
beril_Keio,b3926,0,1,1
beril_Keio,b0085,1,1,1
beril_Keio,b1695,0,1,1
beril_Keio,b4119,0,1,1
beril_Keio,b1098,1,1,1
beril_Keio,b0639,1,2,1
beril_Keio,b2521,0,2,1
beril_Keio,b3833,0,2,1
beril_Keio,b3730,1,2,1
beril_Keio,b1198,0,1,1
beril_Keio,b0425,0,1,1
beril_Keio,b1694,0,1,1
beril_Keio,b2721,0,2,1
beril_Keio,b3733,0,1,1
beril_Keio,b2388,0,1,1
beril_Keio,b0841,0,2,1
beril_Keio,b4262,1,9,1
beril_Keio,b0463,0,7,1
beril_Keio,b1199,0,1,1
beril_Keio,b0036,0,2,1
beril_Keio,b3366,0,1,1
beril_Keio,b1002,0,2,1
beril_Keio,b2093,0,1,1
beril_Keio,b3451,0,7,1
beril_Keio,b3892,0,2,1
beril_Keio,b3429,0,1,1
beril_Keio,b1519,0,1,1
beril_Keio,b0612,0,1,1
beril_Keio,b1103,0,1,1
beril_Keio,b2490,0,1,1
beril_Keio,b3409,0,1,1
beril_Keio,b2128,0,2,1
beril_Keio,b2800,0,1,1
beril_Keio,b2241,0,3,1
beril_Keio,b0073,0,1,1
beril_Keio,b4227,0,2,1
beril_Keio,b3125,0,1,1
beril_Keio,b2374,0,1,1
beril_Keio,b3791,0,1,1
beril_Keio,b1872,0,4,1
beril_Keio,b4198,0,1,1
beril_Keio,b2904,0,1,1
beril_Keio,b1856,0,4,1
beril_Keio,b3070,0,3,1
beril_Keio,b2329,1,1,1
beril_Keio,b2988,0,2,1
beril_Keio,b3885,0,1,1
beril_Keio,b2528,0,2,1
beril_Keio,b3177,1,1,1
beril_Keio,b0902,0,2,1
beril_Keio,b0963,0,1,1
beril_Keio,b4383,0,2,1
beril_Keio,b4151,0,2,1
beril_Keio,b0754,0,1,1
beril_Keio,b1850,0,2,1
beril_Keio,b1444,0,1,1
beril_Keio,b0428,0,1,1
beril_Keio,b1590,0,3,1
beril_Keio,b0783,0,1,1
beril_Keio,b2913,0,3,1
beril_Keio,b3541,0,3,1
beril_Keio,b1463,0,1,1
beril_Keio,b3456,0,5,1
beril_Keio,b0199,0,2,1
beril_Keio,b1517,0,1,1
beril_Keio,b3089,0,2,1
beril_Keio,b1873,0,4,1
beril_Keio,b2052,0,2,1
beril_Keio,b2540,0,2,1
beril_Keio,b0067,0,1,1
beril_Keio,b2835,0,21,1
beril_Keio,b0308,0,2,1
beril_Keio,b3662,0,2,1
beril_Keio,b1680,0,5,1
beril_Keio,b3397,0,1,1
beril_Keio,b2868,0,2,1
beril_Keio,b2925,0,2,1
beril_Keio,b4111,0,5,1
beril_Keio,b0696,0,1,1
beril_Keio,b2129,0,2,1
beril_Keio,b2529,0,6,1
beril_Keio,b0155,0,1,1
beril_Keio,b4239,0,1,1
beril_Keio,b2497,0,1,1
beril_Keio,b0261,0,2,1
beril_Keio,b0112,0,4,1
beril_Keio,b0124,0,1,1
beril_Keio,b2103,1,2,1
beril_Keio,b0003,1,2,1
beril_Keio,b3469,0,6,1
beril_Keio,b1440,0,2,1
beril_Keio,b1329,0,1,1
beril_Keio,b3693,0,1,1
beril_Keio,b2481,0,1,1
beril_Keio,b1849,0,2,1
beril_Keio,b3253,0,1,1
beril_Keio,b3844,0,6,1
beril_Keio,b2690,0,7,1
beril_Keio,b1636,0,1,1
beril_Keio,b2582,0,10,1
beril_Keio,b1736,0,2,1
beril_Keio,b0414,1,2,1
beril_Keio,b4015,0,1,1
beril_Keio,b0573,0,2,1
beril_Keio,b2943,0,2,1
beril_Keio,b1859,0,1,1
beril_Keio,b4260,0,2,1
beril_Keio,b3577,0,2,1
beril_Keio,b1465,0,2,1
beril_Keio,b2441,0,1,1
beril_Keio,b2422,0,5,1
beril_Keio,b1812,1,1,1
beril_Keio,b4464,0,2,1
beril_Keio,b1473,0,3,1
beril_Keio,b4261,1,9,1
beril_Keio,b2678,0,5,1
beril_Keio,b1794,0,1,1
beril_Keio,b2954,0,3,1
beril_Keio,b0070,0,1,1
beril_Keio,b1064,0,7,1
beril_Keio,b4374,0,3,1
beril_Keio,b0269,0,1,1
beril_Keio,b3161,0,2,1
beril_Keio,b2935,0,2,1
beril_Keio,b4120,0,1,1
beril_Keio,b2484,0,1,1
beril_Keio,b2877,0,1,1
beril_Keio,b3029,0,2,1
beril_Keio,b2104,0,1,1
beril_Keio,b0221,0,8,1
beril_Keio,b4177,1,1,1
beril_Keio,b0774,1,1,1
beril_Keio,b3528,0,6,1
beril_Keio,b2552,0,2,1
beril_Keio,b1798,0,2,1
beril_Keio,b2065,0,1,1
beril_Keio,b0861,0,1,1
beril_Keio,b1683,0,6,1
beril_Keio,b3744,0,1,1
beril_Keio,b4136,0,3,1
beril_Keio,b3412,1,1,1
beril_Keio,b3880,0,1,1
beril_Keio,b2989,0,1,1
beril_Keio,b1682,0,6,1
beril_Keio,b2436,0,1,1
beril_Keio,b3430,0,1,1
beril_Keio,b2802,0,2,1
beril_Keio,b3770,1,5,1
beril_Keio,b2040,0,1,1
beril_Keio,b4090,0,2,1
beril_Keio,b4244,0,1,1
beril_Keio,b1917,0,1,1
beril_Keio,b3114,0,2,1
beril_Keio,b3116,0,2,1
beril_Keio,b2095,0,1,1
beril_Keio,b2034,0,1,1
beril_Keio,b3502,0,1,1
beril_Keio,b1738,0,2,1
beril_Keio,b4019,0,1,1
beril_Keio,b1702,0,1,1
beril_Keio,b0591,0,1,1
beril_Keio,b3073,0,1,1
beril_Keio,b2700,0,1,1
beril_Keio,b0516,0,1,1
beril_Keio,b4367,0,3,1
beril_Keio,b0829,0,1,1
beril_Keio,b4322,0,1,1
beril_Keio,b0333,0,1,1
beril_Keio,b0918,1,1,1
beril_Keio,b1901,0,1,1
beril_Keio,b3062,0,1,1
beril_Keio,b0241,0,283,1
beril_Keio,b3856,0,5,1
beril_Keio,b0311,0,1,1
beril_Keio,b0605,0,1,1
beril_Keio,b0238,0,3,1
beril_Keio,b3503,0,1,1
beril_Keio,b0061,0,1,1
beril_Keio,b0776,1,1,1
beril_Keio,b3374,0,1,1
beril_Keio,b2789,0,3,1
beril_Keio,b0403,0,5,1
beril_Keio,b0386,1,1,1
beril_Keio,b4515,0,1,1
beril_Keio,b0084,1,2,1
beril_Keio,b1301,0,1,1
beril_Keio,b3196,1,1,1
beril_Keio,b4069,0,2,1
beril_Keio,b2197,0,1,1
beril_Keio,b4242,0,2,1
beril_Keio,b0574,0,2,1
beril_Keio,b2752,1,1,1
beril_Keio,b4386,0,3,1
beril_Keio,b1397,0,2,1
beril_Keio,b1119,0,1,1
beril_Keio,b1704,0,1,1
beril_Keio,b2660,0,1,1
beril_Keio,b2291,0,6,1
beril_Keio,b1855,0,2,1
beril_Keio,b3974,1,1,1
beril_Keio,b0968,0,7,1
beril_Keio,b1535,0,1,1
beril_Keio,b2905,0,1,1
beril_Keio,b1678,0,6,1
beril_Keio,b0514,0,1,1
beril_Keio,b0054,1,9,1
beril_Keio,b2379,0,1,1
beril_Keio,b2421,0,1,1
beril_Keio,b0978,0,2,1
beril_Keio,b2486,0,1,1
beril_Keio,b3857,0,5,1
beril_Keio,b2201,0,1,1
beril_Keio,b3201,1,9,1
beril_Keio,b2683,0,1,1
beril_Keio,b2799,0,1,1
beril_Keio,b2751,1,1,1
beril_Keio,b4055,0,17,1
beril_Keio,b3628,0,1,1
beril_Keio,b2066,0,4,1
beril_Keio,b2722,0,2,1
beril_Keio,b0614,0,1,1
beril_Keio,b3908,0,1,1
beril_Keio,b3588,0,2,1
beril_Keio,b2996,0,3,1
beril_Keio,b1113,0,5,1
beril_Keio,b3734,0,1,1
beril_Keio,b3290,0,1,1
beril_Keio,b3679,0,1,1
beril_Keio,b3789,0,1,1
beril_Keio,b0125,0,2,1
beril_Keio,b0474,0,13,1
beril_Keio,b0451,0,1,1
beril_Keio,b2711,0,1,1
beril_Keio,b1241,0,3,1
beril_Keio,b2882,0,1,1
beril_Keio,b2794,0,1,1
beril_Keio,b0118,0,3,1
beril_Keio,b1398,0,1,1
beril_Keio,b0040,0,2,1
beril_Keio,b4268,0,1,1
beril_Keio,b1246,0,2,1
beril_Keio,b4358,0,1,1
beril_Keio,b3255,1,1,1
beril_Keio,b2979,0,3,1
beril_Keio,b1737,0,2,1
beril_Keio,b3291,0,1,1
beril_Keio,b3003,0,1,1
beril_Keio,b0430,0,1,1
beril_Keio,b0709,0,2,1
beril_Keio,b0212,0,1,1
beril_Keio,b1967,0,1,1
beril_Keio,b3945,0,4,1
beril_Keio,b3781,0,10,1
beril_Keio,b3266,0,1,1
beril_Keio,b3713,0,3,1
beril_Keio,b1308,0,1,1
beril_Keio,b0153,0,5,1
beril_Keio,b0895,0,4,1
beril_Keio,b2028,0,1,1
beril_Keio,b1617,0,1,1
beril_Keio,b2287,0,3,1
beril_Keio,b1711,0,3,1
beril_Keio,b2682,0,1,1
beril_Keio,b1613,0,1,1
beril_Keio,b2957,0,2,1
beril_Keio,b2169,0,1,1
beril_Keio,b0767,0,1,1
beril_Keio,b2027,0,3,1
beril_Keio,b3750,0,1,1
beril_Keio,b0104,0,1,1
beril_Keio,b3918,0,7,1
beril_Keio,b4159,0,1,1
beril_Keio,b0352,0,1,1
beril_Keio,b0078,0,2,1
beril_Keio,b2533,0,2,1
beril_Keio,b3902,0,1,1
beril_Keio,b1102,0,1,1
beril_Keio,b0678,0,1,1
beril_Keio,b0860,0,1,1
beril_Keio,b4105,0,1,1
beril_Keio,b3187,1,1,1
beril_Keio,b0126,0,1,1
beril_Keio,b2344,0,7,1
beril_Keio,b1612,0,1,1
beril_Keio,b4323,0,1,1
beril_Keio,b2234,0,4,1
beril_Keio,b0077,0,2,1
beril_Keio,b2687,1,1,1
beril_Keio,b0592,0,2,1
beril_Keio,b0805,0,1,1
beril_Keio,b2440,0,1,1
beril_Keio,b0763,0,3,1
beril_Keio,b3722,0,1,1
beril_Keio,b2315,1,1,1
beril_Keio,b1468,0,2,1
beril_Keio,b0887,0,2,1
beril_Keio,b2411,0,1,1
beril_Keio,b1004,0,3,1
beril_Keio,b2661,0,1,1
beril_Keio,b2155,0,1,1
beril_Keio,b0934,0,5,1
beril_Keio,b0088,1,1,1
beril_Keio,b3824,0,1,1
beril_Keio,b3925,0,1,1
beril_Keio,b1210,1,1,1
beril_Keio,b0369,1,1,1
beril_Keio,b0444,0,1,1
beril_Keio,b2842,0,1,1
beril_Keio,b1096,0,2,1
beril_Keio,b2170,0,1,1
beril_Keio,b1106,0,1,1
beril_Keio,b0863,0,1,1
beril_Keio,b3927,0,4,1
beril_Keio,b0421,1,2,1
beril_Keio,b0650,0,1,1
beril_Keio,b1298,0,1,1
beril_Keio,b0652,0,2,1
beril_Keio,b4390,0,1,1
beril_Keio,b0870,0,5,1
beril_Keio,b0505,0,1,1
beril_Keio,b2296,0,1,1
beril_Keio,b4388,0,1,1
beril_Keio,b2703,0,2,1
beril_Keio,b2499,1,1,1
beril_Keio,b2293,0,8,1
beril_Keio,b3916,0,3,1
beril_Keio,b2542,0,2,1
beril_Keio,b0341,0,1,1
beril_Keio,b4087,0,2,1
beril_Keio,b3479,0,1,1
beril_Keio,b1622,0,1,1
beril_Keio,b3821,0,42,1
beril_Keio,b2309,0,1,1
beril_Keio,b2574,1,4,1
beril_Keio,b3128,0,1,1
beril_Keio,b3629,0,1,1
beril_Keio,b0628,0,1,1
beril_Keio,b3951,0,1,1
beril_Keio,b1744,0,1,1
beril_Keio,b1621,0,2,1
beril_Keio,b0508,0,1,1
beril_Keio,b1907,0,1,1
beril_Keio,b0260,0,1,1
beril_Keio,b0469,0,1,1
beril_Keio,b4014,0,1,1
beril_Keio,b3630,0,1,1
beril_Keio,b4213,0,8,1
beril_Keio,b0007,0,2,1
beril_Keio,b2205,0,1,1
beril_Keio,b3956,0,1,1
beril_Keio,b3578,0,2,1
beril_Keio,b0613,0,1,1
beril_Keio,b3432,0,1,1
beril_Keio,b3475,0,1,1
beril_Keio,b3608,0,1,1
beril_Keio,b3626,0,1,1
beril_Keio,b1261,1,3,1
beril_Keio,b1679,0,4,1
beril_Keio,b2400,1,1,1
beril_Keio,b1476,0,2,1
beril_Keio,b1395,0,1,1
beril_Keio,b2838,1,1,1
beril_Keio,b0004,1,1,1
beril_Keio,b4138,0,7,1
beril_Keio,b0171,0,1,1
beril_Keio,b0578,0,2,1
beril_Keio,b0588,0,2,1
beril_Keio,b2564,1,1,1
beril_Keio,b3454,0,5,1
beril_Keio,b0785,0,1,1
beril_Keio,b1723,0,1,1
beril_Keio,b1236,0,1,1
beril_Keio,b0750,1,1,1
beril_Keio,b0062,0,1,1
beril_Keio,b2180,0,2,1
beril_Keio,b1991,0,1,1
beril_Keio,b1015,0,2,1
beril_Keio,b3878,0,1,1
beril_Keio,b1852,0,1,1
beril_Keio,b0356,0,1,1
beril_Keio,b1516,0,1,1
beril_Keio,b0697,0,1,1
beril_Keio,b2429,0,2,1
beril_Keio,b0677,0,1,1
beril_Keio,b3517,0,1,1
beril_Keio,b0524,1,1,1
beril_Keio,b2253,0,1,1
beril_Keio,b2585,1,7,1
beril_Keio,b2264,0,1,1
beril_Keio,b4208,0,5,1
beril_Keio,b3236,0,1,1
beril_Keio,b3990,1,1,1
beril_Keio,b3425,0,1,1
beril_Keio,b3794,0,1,1
beril_Keio,b0465,0,1,1
beril_Keio,b3453,0,7,1
beril_Keio,b3656,0,1,1
beril_Keio,b0728,0,1,1
beril_Keio,b1634,0,2,1
beril_Keio,b1325,0,1,1
beril_Keio,b0031,1,1,1
beril_Keio,b1453,0,1,1
beril_Keio,b3924,0,5,1
beril_Keio,b4193,0,1,1
beril_Keio,b2781,0,8,1
beril_Keio,b4095,0,1,1
beril_Keio,b1019,0,1,1
beril_Keio,b2435,0,2,1
beril_Keio,b3032,0,1,1
beril_Keio,b1740,1,1,1
beril_Keio,b4167,0,4,1
beril_Keio,b0186,0,1,1
beril_Keio,b0243,1,1,1
beril_Keio,b3793,0,3,1
beril_Keio,b2716,0,2,1
beril_Keio,b0367,0,3,1
beril_Keio,b3805,1,1,1
beril_Keio,b1134,0,3,1
beril_Keio,b1525,0,2,1
beril_Keio,b1238,0,2,1
beril_Keio,b0115,0,1,1
beril_Keio,b0996,0,2,1
beril_Keio,b1010,0,1,1
beril_Keio,b1224,0,2,1
beril_Keio,b3714,0,1,1
beril_Keio,b3992,1,1,1
beril_Keio,b1125,0,2,1
beril_Keio,b1819,0,6,1
beril_Keio,b0910,0,3,1
beril_Keio,b0348,0,2,1
beril_Keio,b3115,0,2,1
beril_Keio,b2024,1,1,1
beril_Keio,b2668,0,1,1
beril_Keio,b3132,0,1,1
beril_Keio,b1388,0,1,1
beril_Keio,b2995,0,3,1
beril_Keio,b3052,0,2,1
beril_Keio,b4311,0,1,1
beril_Keio,b1768,0,1,1
beril_Keio,b4485,0,2,1
beril_Keio,b2912,0,1,1
beril_Keio,b0819,0,5,1
beril_Keio,b0896,0,4,1
beril_Keio,b0008,0,1,1
beril_Keio,b4053,0,1,1
beril_Keio,b2889,0,1,1
beril_Keio,b1814,0,1,1
beril_Keio,b2342,0,8,1
beril_Keio,b3642,1,1,1
beril_Keio,b4130,0,3,1
beril_Keio,b4117,0,1,1
beril_Keio,b2148,0,2,1
beril_Keio,b3526,0,1,1
beril_Keio,b3496,0,2,1
beril_Keio,b1296,0,1,1
beril_Keio,b1095,0,9,1
beril_Keio,b2049,0,1,1
beril_Keio,b0653,0,2,1
beril_Keio,b3893,0,2,1
beril_Keio,b2539,0,2,1
beril_Keio,b1377,0,284,1
beril_Keio,b4195,0,1,1
beril_Keio,b1734,0,2,1
beril_Keio,b3359,0,2,1
beril_Keio,b1326,0,1,1
beril_Keio,b1767,0,1,1
beril_Keio,b0355,0,1,1
beril_Keio,b3565,0,2,1
beril_Keio,b1389,0,1,1
beril_Keio,b1136,1,1,1
beril_Keio,b3240,0,1,1
beril_Keio,b2036,0,1,1
beril_Keio,b3525,0,1,1
beril_Keio,b0134,1,1,1
beril_Keio,b4233,0,2,1
beril_Keio,b0888,0,1,1
beril_Keio,b0651,0,2,1
beril_Keio,b0593,0,1,1
beril_Keio,b2780,1,1,1
beril_Keio,b2938,0,1,1
beril_Keio,b1391,0,1,1
beril_Keio,b3127,0,3,1
beril_Keio,b1676,0,1,1
beril_Keio,b3774,1,3,1
beril_Keio,b3972,1,1,1
beril_Keio,b3790,0,1,1
beril_Keio,b3691,0,1,1
beril_Keio,b0907,0,3,1
beril_Keio,b0315,0,1,1
beril_Keio,b1009,0,1,1
beril_Keio,b0074,1,1,1
beril_Keio,b3648,1,2,1
beril_Keio,b0154,1,1,1
beril_Keio,b3726,0,1,1
beril_Keio,b1380,0,1,1
beril_Keio,b0778,1,1,1
beril_Keio,b1686,0,1,1
beril_Keio,b2276,0,3,1
beril_Keio,b4219,0,1,1
beril_Keio,b4131,0,1,1
beril_Keio,b2994,0,3,1
beril_Keio,b4481,0,1,1
beril_Keio,b3894,0,2,1
beril_Keio,b4094,0,1,1
beril_Keio,b2167,0,1,1
beril_Keio,b3772,0,1,1
beril_Keio,b0336,0,1,1
beril_Keio,b0339,0,1,1
beril_Keio,b0722,0,1,1
beril_Keio,b3958,1,1,1
beril_Keio,b1206,0,3,1
beril_Keio,b0404,0,7,1
beril_Keio,b3225,0,1,1
beril_Keio,b2492,0,2,1
beril_Keio,b4025,0,1,1
beril_Keio,b0810,0,1,1
beril_Keio,b4005,1,1,1
beril_Keio,b0110,0,4,1
beril_Keio,b0864,0,1,1
beril_Keio,b1264,1,1,1
beril_Keio,b1655,0,4,1
beril_Keio,b1524,0,1,1
beril_Keio,b0724,0,1,1
beril_Keio,b0765,0,3,1
beril_Keio,b2817,0,2,1
beril_Keio,b3450,0,7,1
beril_Keio,b1396,0,2,1
beril_Keio,b3729,1,1,1
beril_Keio,b2392,0,2,1
beril_Keio,b0751,0,1,1
beril_Keio,b2765,0,1,1
beril_Keio,b2258,0,1,1
beril_Keio,b3940,0,2,1
beril_Keio,b2256,0,1,1
beril_Keio,b1748,0,3,1
beril_Keio,b2132,0,1,1
beril_Keio,b0418,0,14,1
beril_Keio,b3368,1,3,1
beril_Keio,b2923,0,2,1
beril_Keio,b4269,0,2,1
beril_Keio,b4085,0,1,1
beril_Keio,b1896,0,1,1
beril_Keio,b2173,0,1,1
beril_Keio,b2901,0,1,1
beril_Keio,b1920,0,1,1
beril_Keio,b4381,0,1,1
beril_Keio,b2489,0,1,1
beril_Keio,b0874,0,1,1
beril_Keio,b2764,1,4,1
beril_Keio,b4096,0,1,1
beril_Keio,b2883,0,1,1
beril_Keio,b1521,0,1,1
beril_Keio,b4077,0,2,1
beril_Keio,b1865,0,2,1
beril_Keio,b2166,0,1,1
beril_Keio,b3771,1,2,1
beril_Keio,b1263,1,2,1
beril_Keio,b0775,1,1,1
beril_Keio,b1485,0,1,1
beril_Keio,b4033,0,6,1
beril_Keio,b3265,0,1,1
beril_Keio,b2010,0,5,1
beril_Keio,b2813,0,4,1
beril_Keio,b2282,0,3,1
beril_Keio,b0174,1,1,1
beril_Keio,b3709,0,1,1
beril_Keio,b2143,0,2,1
beril_Keio,b3256,1,1,1
beril_Keio,b3213,0,2,1
beril_Keio,b2867,0,2,1
beril_Keio,b1514,0,1,1
beril_Keio,b2930,0,1,1
beril_Keio,b3749,0,1,1
beril_Keio,b3826,0,6,1
beril_Keio,b0616,0,1,1
beril_Keio,b1216,0,3,1
beril_Keio,b3493,0,1,1
beril_Keio,b0688,0,1,1
beril_Keio,b0175,1,7,1
beril_Keio,b2200,0,1,1
beril_Keio,b3579,0,2,1
beril_Keio,b0046,0,3,1
beril_Keio,b2907,0,1,1
beril_Keio,b2415,0,21,1
beril_Keio,b0827,0,4,1
beril_Keio,b1528,0,3,1
beril_Keio,b3208,0,2,1
beril_Keio,b2021,1,1,1
beril_Keio,b1338,0,1,1
beril_Keio,b2601,0,1,1
beril_Keio,b0604,0,2,1
beril_Keio,b0344,0,1,1
beril_Keio,b3812,0,2,1
beril_Keio,b1430,0,1,1
beril_Keio,b1385,0,1,1
beril_Keio,b2599,1,2,1
beril_Keio,b4407,1,1,1
beril_Keio,b3941,1,1,1
beril_Keio,b3176,1,1,1
beril_Keio,b2487,0,1,1
beril_Keio,b1587,0,3,1
beril_Keio,b4477,0,1,1
beril_Keio,b3488,0,1,1
beril_Keio,b3575,0,1,1
beril_Keio,b3126,0,1,1
beril_Keio,b1511,0,1,1
beril_Keio,b0273,0,1,1
beril_Keio,b3091,0,1,1
beril_Keio,b0809,0,1,1
beril_Keio,b2091,0,1,1
beril_Keio,b0152,0,5,1
beril_Keio,b0828,0,1,1
beril_Keio,b4071,0,2,1
beril_Keio,b0071,1,2,1
beril_Keio,b3823,0,1,1
beril_Keio,b4129,0,1,1
beril_Keio,b0477,0,2,1
beril_Keio,b2215,0,285,1
beril_Keio,b2133,0,1,1
beril_Keio,b4154,0,2,1
beril_Keio,b0512,0,1,1
beril_Keio,b0732,0,1,1
beril_Keio,b1101,0,2,1
beril_Keio,b3621,0,1,1
beril_Keio,b0063,0,3,1
beril_Keio,b0936,0,5,1
beril_Keio,b1588,0,3,1
beril_Keio,b0337,0,1,1
beril_Keio,b3881,0,1,1
beril_Keio,b1232,0,1,1
beril_Keio,b4031,0,1,1
beril_Keio,b2224,0,1,1
beril_Keio,b3959,1,1,1
beril_Keio,b2705,0,1,1
beril_Keio,b2247,0,1,1
beril_Keio,b3200,1,9,1
beril_Keio,b3825,0,35,1
beril_Keio,b3428,0,2,1
beril_Keio,b3639,1,2,1
beril_Keio,b2502,0,2,1
beril_Keio,b0334,0,1,1
beril_Keio,b1449,0,2,1
beril_Keio,b2615,1,1,1
beril_Keio,b3124,0,1,1
beril_Keio,b0123,0,2,1
beril_Keio,b1330,0,1,1
beril_Keio,b4141,0,4,1
beril_Keio,b0698,0,1,1
beril_Keio,b3437,0,1,1
beril_Keio,b3431,0,1,1
beril_Keio,b3212,0,2,1
beril_Keio,b0662,0,1,1
beril_Keio,b0621,0,4,1
beril_Keio,b2281,0,3,1
beril_Keio,b3634,1,1,1
beril_Keio,b0720,1,1,1
beril_Keio,b2942,1,1,1
beril_Keio,b0693,0,1,1
beril_Keio,b4020,0,1,1
beril_Keio,b4474,0,1,1
beril_Keio,b2307,0,4,1
beril_Keio,b4209,0,1,1
beril_Keio,b3386,0,1,1
beril_Keio,b3350,0,1,1
beril_Keio,b3415,0,1,1
beril_Keio,b3867,0,1,1
beril_Keio,b0423,1,1,1
beril_Keio,b0198,0,2,1
beril_Keio,b1487,0,1,1
beril_Keio,b0072,1,2,1
beril_Keio,b0808,0,1,1
beril_Keio,b3385,0,1,1
beril_Keio,b3367,0,1,1
beril_Keio,b0905,0,1,1
beril_Keio,b2203,0,2,1
beril_Keio,b1062,1,1,1
beril_Keio,b1801,0,3,1
beril_Keio,b2223,0,3,1
beril_Keio,b2179,0,2,1
beril_Keio,b0480,0,17,1
beril_Keio,b0684,0,7,1
beril_Keio,b0523,1,1,1
beril_Keio,b2888,0,2,1
beril_Keio,b0351,0,1,1
beril_Keio,b0433,0,3,1
beril_Keio,b4173,0,1,1
beril_Keio,b4169,0,2,1
beril_Keio,b2130,0,2,1
beril_Keio,b3546,0,2,1
beril_Keio,b0904,0,2,1
beril_Keio,b1249,0,7,1
beril_Keio,b2810,0,1,1
beril_Keio,b2976,0,1,1
beril_Keio,b3620,0,1,1
beril_Keio,b2053,0,1,1
beril_Keio,b0376,0,9,1
beril_Keio,b0268,0,1,1
beril_Keio,b1745,0,1,1
beril_Keio,b0179,1,1,1
beril_Keio,b0675,0,7,1
beril_Keio,b0914,1,32,1
beril_Keio,b2538,0,2,1
beril_Keio,b4099,0,1,1
beril_Keio,b0832,0,1,1
beril_Keio,b3396,0,4,1
beril_Keio,b0096,1,1,1
beril_Keio,b0789,0,7,1
beril_Keio,b4394,0,3,1
beril_Keio,b1442,0,2,1
beril_Keio,b0522,1,1,1
beril_Keio,b3599,0,1,1
beril_Keio,b4024,0,1,1
beril_Keio,b2177,0,2,1
beril_Keio,b4036,0,7,1
beril_Keio,b1090,0,7,1
beril_Keio,b3589,0,1,1
beril_Keio,b3001,0,1,1
beril_Keio,b1605,0,1,1
beril_Keio,b3614,0,3,1
beril_Keio,b3631,0,1,1
beril_Keio,b2779,0,1,1
beril_Keio,b3222,0,1,1
beril_Keio,b4337,0,1,1
beril_Keio,b0151,0,5,1
beril_Keio,b1069,1,2,1
beril_Keio,b0915,1,1,1
beril_Keio,b3829,0,1,1
beril_Keio,b4254,0,1,1
beril_Keio,b2746,1,1,1
beril_Keio,b1475,0,2,1
beril_Keio,b2134,0,4,1
beril_Keio,b1992,0,1,1
beril_Keio,b4153,0,2,1
beril_Keio,b0875,0,1,1
beril_Keio,b1276,0,2,1
beril_Keio,b2518,0,8,1
beril_Keio,b2361,0,8,1
beril_Keio,b3737,0,1,1
beril_Keio,b2316,1,1,1
beril_Keio,b0575,0,2,1
beril_Keio,b1919,0,1,1
beril_Keio,b1611,0,1,1
beril_Keio,b3035,0,9,1
beril_Keio,b2261,0,1,1
beril_Keio,b0166,1,1,1
beril_Keio,b2096,0,1,1
beril_Keio,b3460,0,5,1
beril_Keio,b0343,0,2,1
beril_Keio,b0758,0,1,1
beril_Keio,b3390,0,1,1
beril_Keio,b0932,0,2,1
beril_Keio,b0019,0,1,1
beril_Keio,b0133,1,1,1
beril_Keio,b0420,1,1,1
beril_Keio,b1223,0,2,1
beril_Keio,b3582,0,1,1
beril_Keio,b4352,0,1,1
beril_Keio,b1800,0,2,1
beril_Keio,b2934,0,1,1
beril_Keio,b1589,0,3,1
beril_Keio,b4072,0,2,1
beril_Keio,b2037,0,1,1
beril_Keio,b3006,0,10,1
beril_Keio,b1478,0,2,1
beril_Keio,b0160,0,2,1
beril_Keio,b3625,0,1,1
beril_Keio,b2262,0,1,1
beril_Keio,b4266,0,2,1
mtub,Rv0858c,0,1,1
mtub,Rv1131,0,1,1
mtub,Rv2500c,0,27,1
mtub,Rv0084,0,1,1
mtub,Rv3588c,0,2,1
mtub,Rv2363,0,1,1
mtub,Rv2193,1,2,1
mtub,Rv1236,0,5,1
mtub,Rv2763c,0,1,1
mtub,Rv0772,1,1,1
mtub,Rv3109,0,1,1
mtub,Rv1559,0,1,1
mtub,Rv3029c,1,1,1
mtub,Rv0956,1,1,1
mtub,Rv0087,0,1,1
mtub,Rv2754c,0,1,1
mtub,Rv3315c,0,1,1
mtub,Rv1704c,0,4,1
mtub,Rv2482c,0,2,1
mtub,Rv2677c,1,1,1
mtub,Rv2210c,1,3,1
mtub,Rv2377c,0,2,1
mtub,Rv1133c,1,2,1
mtub,Rv2361c,0,3,1
mtub,Rv1320c,0,1,1
mtub,Rv2849c,0,2,1
mtub,Rv3441c,1,2,1
mtub,Rv2153c,1,4,1
mtub,Rv2228c,0,1,1
mtub,Rv1617,0,1,1
mtub,Rv2298,0,1,1
mtub,Rv2436,0,1,1
mtub,Rv3538,0,2,1
mtub,Rv0632c,0,27,1
mtub,Rv0422c,1,5,1
mtub,Rv2320c,0,3,1
mtub,Rv0820,0,1,1
mtub,Rv3199c,0,1,1
mtub,Rv2155c,1,2,1
mtub,Rv0294,0,1,1
mtub,Rv1456c,1,1,1
mtub,Rv1484,1,11,1
mtub,Rv1240,0,1,1
mtub,Rv2445c,1,8,1
mtub,Rv1318c,0,1,1
mtub,Rv1295,1,1,1
mtub,Rv2930,0,5,1
mtub,Rv2484c,0,1,1
mtub,Rv3573c,0,28,1
mtub,Rv1001,0,1,1
mtub,Rv0904c,0,1,1
mtub,Rv0266c,0,1,1
mtub,Rv3490,1,1,1
mtub,Rv3470c,0,1,1
mtub,Rv2393,0,1,1
mtub,Rv0852,0,4,1
mtub,Rv3535c,0,2,1
mtub,Rv1647,0,1,1
mtub,Rv3518c,0,3,1
mtub,Rv3154,0,3,1
mtub,Rv2935,0,2,1
mtub,Rv1820,0,1,1
mtub,Rv3257c,0,1,1
mtub,Rv3149,0,3,1
mtub,Rv3537,0,1,1
mtub,Rv1074c,0,28,1
mtub,Rv1849,0,1,1
mtub,Rv2215,0,4,1
mtub,Rv0620,0,1,1
mtub,Rv3824c,0,1,1
mtub,Rv2200c,1,2,1
mtub,Rv1155,0,1,1
mtub,Rv2524c,1,11,1
mtub,Rv0404,0,4,1
mtub,Rv2673,1,1,1
mtub,Rv2040c,0,3,1
mtub,Rv0066c,0,1,1
mtub,Rv0386,0,1,1
mtub,Rv1349,1,3,1
mtub,Rv3468c,0,1,1
mtub,Rv0752c,0,28,1
mtub,Rv3846,0,1,1
mtub,Rv1092c,1,2,1
mtub,Rv3130c,0,1,1
mtub,Rv3567c,0,1,1
mtub,Rv1737c,0,1,1
mtub,Rv3106,0,1,1
mtub,Rv3043c,1,2,1
mtub,Rv0928,0,1,1
mtub,Rv0524,1,1,1
mtub,Rv1928c,0,2,1
mtub,Rv1511,0,1,1
mtub,Rv3544c,0,28,1
mtub,Rv1658,1,1,1
mtub,Rv3543c,0,28,1
mtub,Rv3806c,1,1,1
mtub,Rv1878,0,4,1
mtub,Rv2538c,1,1,1
mtub,Rv2207,0,1,1
mtub,Rv1293,1,1,1
mtub,Rv2724c,0,27,1
mtub,Rv2682c,0,1,1
mtub,Rv2380c,0,5,1
mtub,Rv1380,1,1,1
mtub,Rv3276c,1,1,1
mtub,Rv1500,1,1,1
mtub,Rv3702c,0,1,1
mtub,Rv3526,0,1,1
mtub,Rv0249c,0,1,1
mtub,Rv3322c,0,1,1
mtub,Rv1346,0,27,1
mtub,Rv1319c,0,1,1
mtub,Rv2318,0,4,1
mtub,Rv1599,1,1,1
mtub,Rv2188c,1,2,1
mtub,Rv3157,0,3,1
mtub,Rv1188,0,1,1
mtub,Rv3374,0,27,1
mtub,Rv3140,1,29,1
mtub,Rv3214,0,1,1
mtub,Rv3804c,0,1,1
mtub,Rv0317c,0,1,1
mtub,Rv2398c,1,2,1
mtub,Rv1900c,0,2,1
mtub,Rv1143,0,1,1
mtub,Rv3617,0,1,1
mtub,Rv1613,1,3,1
mtub,Rv1248c,0,4,1
mtub,Rv3754,1,1,1
mtub,Rv2195,1,2,1
mtub,Rv0482,1,1,1
mtub,Rv1497,0,1,1
mtub,Rv3176c,0,2,1
mtub,Rv3795,1,1,1
mtub,Rv2984,0,1,1
mtub,Rv2936,0,2,1
mtub,Rv0873,0,28,1
mtub,Rv2497c,1,2,1
mtub,Rv1193,0,4,1
mtub,Rv3293,0,1,1
mtub,Rv3265c,1,1,1
mtub,Rv0407,0,1,1
mtub,Rv2988c,1,2,1
mtub,Rv1551,0,2,1
mtub,Rv1938,0,1,1
mtub,Rv1302,1,1,1
mtub,Rv3838c,1,1,1
mtub,Rv2349c,0,1,1
mtub,Rv1612,1,3,1
mtub,Rv1623c,1,2,1
mtub,Rv0248c,0,3,1
mtub,Rv3375,0,1,1
mtub,Rv0803,1,1,1
mtub,Rv0934,0,1,1
mtub,Rv2208,0,1,1
mtub,Rv2641,0,1,1
mtub,Rv0137c,0,1,1
mtub,Rv1837c,0,1,1
mtub,Rv1843c,1,1,1
mtub,Rv0577,0,1,1
mtub,Rv2048c,0,2,1
mtub,Rv0046c,1,2,1
mtub,Rv0729,0,1,1
mtub,Rv1385,1,1,1
mtub,Rv0456c,0,27,1
mtub,Rv0843,0,3,1
mtub,Rv0346c,0,2,1
mtub,Rv3703c,0,1,1
mtub,Rv2384,0,5,1
mtub,Rv1164,0,2,1
mtub,Rv1323,0,34,1
mtub,Rv3500c,0,1,1
mtub,Rv2156c,1,4,1
mtub,Rv2523c,0,1,1
mtub,Rv1554,0,2,1
mtub,Rv3552,0,2,1
mtub,Rv1595,1,2,1
mtub,Rv3634c,0,1,1
mtub,Rv0261c,0,1,1
mtub,Rv1553,0,2,1
mtub,Rv0815c,0,1,1
mtub,Rv1206,0,4,1
mtub,Rv0391,0,1,1
mtub,Rv3859c,0,1,1
mtub,Rv1529,0,7,1
mtub,Rv1822,1,3,1
mtub,Rv2399c,1,2,1
mtub,Rv1886c,0,1,1
mtub,Rv3215,1,1,1
mtub,Rv2995c,1,1,1
mtub,Rv2611c,1,2,1
mtub,Rv1093,0,1,1
mtub,Rv1135A,0,2,1
mtub,Rv0390,0,1,1
mtub,Rv0809,1,1,1
mtub,Rv1662,0,5,1
mtub,Rv2977c,1,1,1
mtub,Rv1521,0,4,1
mtub,Rv0321,0,2,1
mtub,Rv2394,0,1,1
mtub,Rv3509c,0,1,1
mtub,Rv2793c,0,1,1
mtub,Rv0254c,0,3,1
mtub,Rv2945c,0,2,1
mtub,Rv2435c,0,2,1
mtub,Rv2131c,0,5,1
mtub,Rv3400,0,2,1
mtub,Rv1389,1,2,1
mtub,Rv2289,0,3,1
mtub,Rv2334,0,1,1
mtub,Rv0438c,0,1,1
mtub,Rv0812,1,1,1
mtub,Rv3372,0,1,1
mtub,Rv0930,0,1,1
mtub,Rv0252,0,3,1
mtub,Rv1848,0,1,1
mtub,Rv3236c,0,1,1
mtub,Rv0957,1,2,1
mtub,Rv2277c,0,1,1
mtub,Rv1492,0,1,1
mtub,Rv3410c,1,1,1
mtub,Rv1606,1,1,1
mtub,Rv3075c,0,1,1
mtub,Rv2245,1,3,1
mtub,Rv1328,0,1,1
mtub,Rv3469c,0,1,1
mtub,Rv1916,0,1,1
mtub,Rv1399c,0,1,1
mtub,Rv1237,0,5,1
mtub,Rv3313c,0,1,1
mtub,Rv2381c,0,5,1
mtub,Rv0886,0,1,1
mtub,Rv1672c,0,1,1
mtub,Rv2246,1,3,1
mtub,Rv1011,1,1,1
mtub,Rv1853,0,1,1
mtub,Rv0107c,0,1,1
mtub,Rv1715,0,27,1
mtub,Rv1201c,1,1,1
mtub,Rv3234c,0,1,1
mtub,Rv0542c,1,1,1
mtub,Rv2881c,1,3,1
mtub,Rv2957,0,2,1
mtub,Rv2157c,1,4,1
mtub,Rv3592,0,1,1
mtub,Rv3153,0,3,1
mtub,Rv1857,0,2,1
mtub,Rv1141c,0,27,1
mtub,Rv2949c,1,1,1
mtub,Rv1159,1,1,1
mtub,Rv3565,1,3,1
mtub,Rv3248c,1,1,1
mtub,Rv2606c,0,4,1
mtub,Rv2465c,1,1,1
mtub,Rv2552c,1,1,1
mtub,Rv3032,0,1,1
mtub,Rv3601c,1,1,1
mtub,Rv2378c,0,4,1
mtub,Rv1018c,1,1,1
mtub,Rv3048c,1,4,1
mtub,Rv0103c,0,2,1
mtub,Rv2065,0,1,1
mtub,Rv1603,1,2,1
mtub,Rv2070c,0,2,1
mtub,Rv2948c,0,4,1
mtub,Rv0437c,1,1,1
mtub,Rv0125,0,1,1
mtub,Rv2344c,0,2,1
mtub,Rv0409,0,2,1
mtub,Rv1475c,1,2,1
mtub,Rv3809c,1,1,1
mtub,Rv0157,0,1,1
mtub,Rv3740c,0,1,1
mtub,Rv0189c,1,2,1
mtub,Rv3791,1,1,1
mtub,Rv0337c,0,3,1
mtub,Rv0503c,0,3,1
mtub,Rv2181,0,2,1
mtub,Rv0464c,0,1,1
mtub,Rv2610c,1,1,1
mtub,Rv2476c,0,1,1
mtub,Rv1288,0,1,1
mtub,Rv2454c,0,1,1
mtub,Rv3275c,1,1,1
mtub,Rv1447c,0,1,1
mtub,Rv1338,1,1,1
mtub,Rv0214,0,4,1
mtub,Rv2967c,0,1,1
mtub,Rv1448c,0,1,1
mtub,Rv2713,0,1,1
mtub,Rv1202,1,1,1
mtub,Rv1464,0,1,1
mtub,Rv1826,0,2,1
mtub,Rv2564,0,1,1
mtub,Rv2868c,0,1,1
mtub,Rv3151,0,3,1
mtub,Rv2163c,1,3,1
mtub,Rv3569c,0,1,1
mtub,Rv0220,0,1,1
mtub,Rv2920c,0,1,1
mtub,Rv1862,0,1,1
mtub,Rv2928,0,2,1
mtub,Rv3608c,0,2,1
mtub,Rv3290c,0,1,1
mtub,Rv2540c,1,1,1
mtub,Rv2455c,0,1,1
mtub,Rv1699,1,2,1
mtub,Rv1281c,0,1,1
mtub,Rv3303c,0,1,1
mtub,Rv1858,0,2,1
mtub,Rv0098,0,7,1
mtub,Rv3356c,1,2,1
mtub,Rv1305,0,1,1
mtub,Rv2453c,0,1,1
mtub,Rv3624c,0,3,1
mtub,Rv2848c,0,1,1
mtub,Rv3858c,0,1,1
mtub,Rv1005c,1,1,1
mtub,Rv1940,1,3,1
mtub,Rv0646c,0,1,1
mtub,Rv1415,0,2,1
mtub,Rv0535,0,1,1
mtub,Rv1760,0,1,1
mtub,Rv0414c,1,1,1
mtub,Rv0958,0,1,1
mtub,Rv0866,0,1,1
mtub,Rv0114,0,1,1
mtub,Rv2539c,1,1,1
mtub,Rv1163,0,2,1
mtub,Rv0948c,0,1,1
mtub,Rv2692,0,1,1
mtub,Rv1525,1,1,1
mtub,Rv3609c,1,1,1
mtub,Rv1445c,0,1,1
mtub,Rv1731,0,2,1
mtub,Rv0865,0,1,1
mtub,Rv3737,0,1,1
mtub,Rv2941,0,6,1
mtub,Rv2958c,0,2,1
mtub,Rv0154c,0,27,1
mtub,Rv2835c,0,1,1
mtub,Rv2388c,1,2,1
mtub,Rv2139,1,2,1
mtub,Rv1029,0,1,1
mtub,Rv2764c,0,1,1
mtub,Rv2252,0,1,1
mtub,Rv1935c,0,27,1
mtub,Rv2294,0,1,1
mtub,Rv2505c,0,4,1
mtub,Rv0773c,0,1,1
mtub,Rv3913,1,1,1
mtub,Rv3761c,0,27,1
mtub,Rv0672,0,27,1
mtub,Rv2241,0,2,1
mtub,Rv3818,1,1,1
mtub,Rv3571,0,1,1
mtub,Rv3045,0,3,1
mtub,Rv3581c,1,1,1
mtub,Rv1438,0,1,1
mtub,Rv1264,0,1,1
mtub,Rv3536c,0,2,1
mtub,Rv0788,1,1,1
mtub,Rv1238,0,5,1
mtub,Rv0363c,1,1,1
mtub,Rv0932c,0,1,1
mtub,Rv3377c,0,1,1
mtub,Rv1620c,0,2,1
mtub,Rv2746c,1,3,1
mtub,Rv3826,0,7,1
mtub,Rv1076,0,1,1
mtub,Rv3274c,0,28,1
mtub,Rv0032,0,1,1
mtub,Rv3501c,0,1,1
mtub,Rv2856,0,1,1
mtub,Rv1161,0,2,1
mtub,Rv0570,0,2,1
mtub,Rv1185c,0,6,1
mtub,Rv3498c,0,1,1
mtub,Rv3808c,1,1,1
mtub,Rv1120c,0,1,1
mtub,Rv1322A,0,1,1
mtub,Rv1854c,0,1,1
mtub,Rv2959c,0,1,1
mtub,Rv2285,0,1,1
mtub,Rv2259,0,3,1
mtub,Rv2701c,0,2,1
mtub,Rv2678c,1,2,1
mtub,Rv0092,0,2,1
mtub,Rv3570c,0,1,1
mtub,Rv2074,0,1,1
mtub,Rv0805,0,2,1
mtub,Rv1427c,0,4,1
mtub,Rv2899c,0,1,1
mtub,Rv2212,0,1,1
mtub,Rv3148,0,3,1
mtub,Rv1695,1,1,1
mtub,Rv2187,0,4,1
mtub,Rv2039c,0,3,1
mtub,Rv0905,0,29,1
mtub,Rv1618,0,5,1
mtub,Rv2964,0,1,1
mtub,Rv0432,0,1,1
mtub,Rv2173,0,2,1
mtub,Rv0131c,0,27,1
mtub,Rv3825c,1,1,1
mtub,Rv1030,0,1,1
mtub,Rv2379c,0,5,1
mtub,Rv2780,0,2,1
mtub,Rv0505c,1,1,1
mtub,Rv3116,0,1,1
mtub,Rv0808,1,1,1
mtub,Rv3141,0,27,1
mtub,Rv0118c,0,1,1
mtub,Rv3398c,1,3,1
mtub,Rv3002c,0,2,1
mtub,Rv2498c,0,1,1
mtub,Rv2130c,1,1,1
mtub,Rv0884c,1,1,1
mtub,Rv3175,0,1,1
mtub,Rv3553,0,1,1
mtub,Rv3280,1,4,1
mtub,Rv0694,0,2,1
mtub,Rv3529c,0,2,1
mtub,Rv3563,0,28,1
mtub,Rv0436c,1,1,1
mtub,Rv3540c,0,1,1
mtub,Rv3147,0,3,1
mtub,Rv3495c,0,1,1
mtub,Rv2281,0,1,1
mtub,Rv3464,1,1,1
mtub,Rv3842c,0,1,1
mtub,Rv1160,0,2,1
mtub,Rv0126,0,1,1
mtub,Rv1094,0,1,1
mtub,Rv3784,0,1,1
mtub,Rv2211c,0,2,1
mtub,Rv2965c,1,1,1
mtub,Rv2753c,1,1,1
mtub,Rv1308,0,1,1
mtub,Rv3704c,0,1,1
mtub,Rv0924c,0,1,1
mtub,Rv1173,0,1,1
mtub,Rv2284,0,1,1
mtub,Rv2922A,0,1,1
mtub,Rv1483,0,3,1
mtub,Rv2932,0,2,1
mtub,Rv2122c,1,1,1
mtub,Rv0470c,1,3,1
mtub,Rv1031,0,1,1
mtub,Rv1604,0,2,1
mtub,Rv0855,0,1,1
mtub,Rv2332,0,1,1
mtub,Rv3523,0,1,1
mtub,Rv3513c,0,4,1
mtub,Rv0374c,0,1,1
mtub,Rv2850c,0,1,1
mtub,Rv2789c,0,28,1
mtub,Rv1596,1,1,1
mtub,Rv1142c,0,27,1
mtub,Rv3371,0,1,1
mtub,Rv3502c,0,2,1
mtub,Rv2291,0,1,1
mtub,Rv2158c,1,2,1
mtub,Rv3701c,0,1,1
mtub,Rv2495c,1,3,1
mtub,Rv1263,0,1,1
mtub,Rv2066,0,2,1
mtub,Rv0271c,0,27,1
mtub,Rv2888c,0,1,1
mtub,Rv0573c,0,1,1
mtub,Rv3010c,0,1,1
mtub,Rv1552,0,2,1
mtub,Rv2029c,0,1,1
mtub,Rv2196,1,2,1
mtub,Rv3550,0,28,1
mtub,Rv1568,0,1,1
mtub,Rv2726c,1,1,1
mtub,Rv0202c,0,1,1
mtub,Rv1099c,0,1,1
mtub,Rv0267,0,1,1
mtub,Rv1493,0,1,1
mtub,Rv3261,0,3,1
mtub,Rv2220,0,4,1
mtub,Rv1902c,0,1,1
mtub,Rv2064,0,1,1
mtub,Rv0911,0,1,1
mtub,Rv1122,0,1,1
mtub,Rv1106c,0,1,1
mtub,Rv0675,0,27,1
mtub,Rv3039c,0,27,1
mtub,Rv0322,0,1,1
mtub,Rv0673,0,27,1
mtub,Rv2467,0,1,1
mtub,Rv3515c,0,5,1
mtub,Rv1819c,0,1,1
mtub,Rv1564c,0,1,1
mtub,Rv0203,0,1,1
mtub,Rv1692,0,1,1
mtub,Rv0933,0,1,1
mtub,Rv1082,0,1,1
mtub,Rv1213,0,1,1
mtub,Rv3709c,1,1,1
mtub,Rv3823c,0,1,1
mtub,Rv1023,0,1,1
mtub,Rv2038c,0,3,1
mtub,Rv3801c,1,9,1
mtub,Rv2350c,0,1,1
mtub,Rv2392,1,2,1
mtub,Rv1105,0,1,1
mtub,Rv2231c,0,1,1
mtub,Rv1162,0,2,1
mtub,Rv2504c,0,1,1
mtub,Rv3155,0,3,1
mtub,Rv1621c,0,2,1
mtub,Rv0183,0,2,1
mtub,Rv1739c,1,2,1
mtub,Rv2267c,0,2,1
mtub,Rv0334,1,1,1
mtub,Rv2604c,0,4,1
mtub,Rv0375c,0,1,1
mtub,Rv1652,1,1,1
mtub,Rv3316,0,4,1
mtub,Rv2447c,1,2,1
mtub,Rv2463,0,1,1
mtub,Rv2982c,0,1,1
mtub,Rv1712,1,3,1
mtub,Rv3494c,0,1,1
mtub,Rv0780,1,1,1
mtub,Rv0548c,1,1,1
mtub,Rv2601,0,1,1
mtub,Rv1296,1,1,1
mtub,Rv2397c,1,2,1
mtub,Rv1915,0,1,1
mtub,Rv2589,0,1,1
mtub,Rv0091,0,2,1
mtub,Rv0073,0,1,1
mtub,Rv3700c,0,1,1
mtub,Rv2202c,0,3,1
mtub,Rv3562,0,27,1
mtub,Rv3285,1,5,1
mtub,Rv2483c,0,3,1
mtub,Rv1400c,0,1,1
mtub,Rv0069c,0,2,1
mtub,Rv1286,1,2,1
mtub,Rv2136c,1,2,1
mtub,Rv0994,0,1,1
mtub,Rv1570,0,1,1
mtub,Rv2674,0,1,1
mtub,Rv1412,1,1,1
mtub,Rv3139,0,27,1
mtub,Rv2937,0,2,1
mtub,Rv3497c,0,1,1
mtub,Rv1655,1,2,1
mtub,Rv2531c,0,3,1
mtub,Rv2786c,1,2,1
mtub,Rv0819,1,1,1
mtub,Rv2458,0,1,1
mtub,Rv0411c,0,1,1
mtub,Rv1467c,0,27,1
mtub,Rv2938,0,2,1
mtub,Rv2996c,1,1,1
mtub,Rv0486,1,1,1
mtub,Rv0489,0,1,1
mtub,Rv0021c,0,1,1
mtub,Rv3262,0,2,1
mtub,Rv1923,0,1,1
mtub,Rv2351c,0,1,1
mtub,Rv1550,0,4,1
mtub,Rv0143c,0,1,1
mtub,Rv1257c,0,4,1
mtub,Rv2043c,0,1,1
mtub,Rv1894c,0,1,1
mtub,Rv3710,1,1,1
mtub,Rv1714,0,1,1
mtub,Rv3158,0,3,1
mtub,Rv2400c,1,2,1
mtub,Rv0082,0,3,1
mtub,Rv0545c,0,1,1
mtub,Rv0147,0,1,1
mtub,Rv2051c,1,2,1
mtub,Rv3807c,1,1,1
mtub,Rv1373,0,2,1
mtub,Rv3820c,0,1,1
mtub,Rv1086,1,1,1
mtub,Rv2581c,0,1,1
mtub,Rv0166,0,4,1
mtub,Rv0211,0,1,1
mtub,Rv0650,0,1,1
mtub,Rv2182c,0,3,1
mtub,Rv2439c,0,1,1
mtub,Rv1207,0,2,1
mtub,Rv0072,0,1,1
mtub,Rv0127,0,1,1
mtub,Rv2383c,0,5,1
mtub,Rv2855,0,3,1
mtub,Rv2486,0,29,1
mtub,Rv1426c,0,1,1
mtub,Rv1110,0,2,1
mtub,Rv3432c,0,1,1
mtub,Rv3300c,0,1,1
mtub,Rv3582c,1,1,1
mtub,Rv2121c,1,1,1
mtub,Rv3087,0,1,1
mtub,Rv2041c,0,3,1
mtub,Rv3273,0,2,1
mtub,Rv1736c,0,2,1
mtub,Rv2847c,1,4,1
mtub,Rv0217c,0,1,1
mtub,Rv1485,1,2,1
mtub,Rv1282c,0,1,1
mtub,Rv3792,1,1,1
mtub,Rv1530,0,1,1
mtub,Rv0929,0,1,1
mtub,Rv3247c,1,1,1
mtub,Rv0946c,1,1,1
mtub,Rv0013,1,1,1
mtub,Rv1885c,0,1,1
mtub,Rv1908c,0,1,1
mtub,Rv3670,0,1,1
mtub,Rv3409c,0,1,1
mtub,Rv3206c,0,3,1
mtub,Rv0992c,0,1,1
mtub,Rv3487c,0,1,1
mtub,Rv0413,0,1,1
mtub,Rv1745c,0,1,1
mtub,Rv0727c,0,1,1
mtub,Rv3803c,0,1,1
mtub,Rv2071c,0,1,1
mtub,Rv3307,0,6,1
mtub,Rv0972c,0,27,1
mtub,Rv2316,0,4,1
mtub,Rv3794,1,1,1
mtub,Rv2443,1,3,1
mtub,Rv3777,0,1,1
mtub,Rv3758c,0,5,1
mtub,Rv1391,1,2,1
mtub,Rv3310,0,1,1
mtub,Rv1306,0,1,1
mtub,Rv2607,0,4,1
mtub,Rv2911,0,1,1
mtub,Rv0392c,0,1,1
mtub,Rv2059,0,1,1
mtub,Rv2740,0,1,1
mtub,Rv1533,0,1,1
mtub,Rv0771,0,1,1
mtub,Rv3534c,0,2,1
mtub,Rv1472,0,29,1
mtub,Rv1852,0,1,1
mtub,Rv0018c,1,1,1
mtub,Rv1425,0,1,1
mtub,Rv0619,0,1,1
mtub,Rv0519c,0,1,1
mtub,Rv3628,1,1,1
mtub,Rv2321c,0,1,1
mtub,Rv0728c,1,1,1
mtub,Rv3068c,0,1,1
mtub,Rv3401,0,1,1
mtub,Rv0467,0,2,1
mtub,Rv0777,1,2,1
mtub,Rv3111,0,1,1
mtub,Rv2940c,1,17,1
mtub,Rv2006,0,2,1
mtub,Rv0522,0,1,1
mtub,Rv3088,0,1,1
mtub,Rv1689,0,1,1
mtub,Rv1130,0,1,1
mtub,Rv3423c,1,1,1
mtub,Rv1017c,1,1,1
mtub,Rv3545c,0,3,1
mtub,Rv2062c,0,1,1
mtub,Rv1750c,0,4,1
mtub,Rv1562c,0,1,1
mtub,Rv3496c,0,1,1
mtub,Rv0551c,0,4,1
mtub,Rv1416,1,1,1
mtub,Rv1925,0,4,1
mtub,Rv1334,0,1,1
mtub,Rv3317,0,4,1
mtub,Rv3283,0,1,1
mtub,Rv3331,0,1,1
mtub,Rv2679,0,27,1
mtub,Rv0468,0,32,1
mtub,Rv3308,0,1,1
mtub,Rv1144,0,6,1
mtub,Rv1569,0,1,1
mtub,Rv0215c,0,28,1
mtub,Rv1311,0,1,1
mtub,Rv1611,1,1,1
mtub,Rv3775,0,1,1
mtub,Rv1844c,0,1,1
mtub,Rv2194,1,2,1
mtub,Rv0644c,1,7,1
mtub,Rv1294,1,1,1
mtub,Rv0971c,0,27,1
mtub,Rv0231,0,27,1
mtub,Rv0243,0,28,1
mtub,Rv0270,0,4,1
mtub,Rv0247c,0,3,1
mtub,Rv2962c,0,2,1
mtub,Rv1071c,0,28,1
mtub,Rv1384,1,1,1
mtub,Rv2201,0,1,1
mtub,Rv0648,0,1,1
mtub,Rv2243,1,1,1
mtub,Rv2322c,0,1,1
mtub,Rv3279c,0,2,1
mtub,Rv0253,0,3,1
mtub,Rv1239c,0,2,1
mtub,Rv2386c,0,1,1
mtub,Rv2981c,1,1,1
mtub,Rv3522,0,1,1
mtub,Rv3708c,1,1,1
mtub,Rv3309c,0,1,1
mtub,Rv3606c,1,2,1
mtub,Rv3480c,0,1,1
mtub,Rv1187,0,1,1
mtub,Rv1392,1,1,1
mtub,Rv2781c,0,1,1
mtub,Rv3802c,1,1,1
mtub,Rv1079,0,2,1
mtub,Rv2934,0,2,1
mtub,Rv3028c,1,1,1
mtub,Rv3113,0,2,1
mtub,Rv0824c,0,1,1
mtub,Rv3546,0,29,1
mtub,Rv3667,0,2,1
mtub,Rv0564c,0,1,1
mtub,Rv0191,0,2,1
mtub,Rv2987c,1,2,1
mtub,Rv1449c,1,2,1
mtub,Rv0244c,0,27,1
mtub,Rv3373,0,27,1
mtub,Rv2127,0,2,1
mtub,Rv0400c,0,27,1
mtub,Rv0895,0,1,1
mtub,Rv2939,0,2,1
mtub,Rv0645c,0,2,1
mtub,Rv2192c,1,1,1
mtub,Rv0848,0,2,1
mtub,Rv3506,0,5,1
mtub,Rv1235,0,3,1
mtub,Rv1304,0,1,1
mtub,Rv1589,0,3,1
mtub,Rv2605c,0,4,1
mtub,Rv3255c,1,1,1
mtub,Rv2335,0,1,1
mtub,Rv2236c,0,2,1
mtub,Rv0642c,0,2,1
mtub,Rv0382c,1,1,1
mtub,Rv0501,0,1,1
mtub,Rv0634c,0,1,1
mtub,Rv3302c,0,1,1
mtub,Rv3001c,1,2,1
mtub,Rv1381,1,1,1
mtub,Rv0512,1,1,1
mtub,Rv1350,1,11,1
mtub,Rv3393,1,1,1
mtub,Rv2950c,0,4,1
mtub,Rv0222,0,27,1
mtub,Rv0075,0,1,1
mtub,Rv2831,0,27,1
mtub,Rv3602c,1,1,1
mtub,Rv3556c,0,29,1
mtub,Rv3332,0,1,1
mtub,Rv2573,1,2,1
mtub,Rv1408,0,1,1
mtub,Rv3696c,0,1,1
mtub,Rv3227,1,1,1
mtub,Rv2947c,1,11,1
mtub,Rv2833c,0,1,1
mtub,Rv1625c,0,1,1
mtub,Rv2485c,0,1,1
mtub,Rv0155,0,1,1
mtub,Rv3119,0,1,1
mtub,Rv0774c,0,1,1
mtub,Rv0099,0,5,1
mtub,Rv3561,0,5,1
mtub,Rv1283c,0,1,1
mtub,Rv2124c,1,1,1
mtub,Rv1512,0,1,1
mtub,Rv1383,1,1,1
mtub,Rv3061c,0,27,1
mtub,Rv3203,0,1,1
mtub,Rv3568c,0,1,1
mtub,Rv1663,0,5,1
mtub,Rv2931,0,2,1
mtub,Rv1437,0,1,1
mtub,Rv0070c,0,1,1
mtub,Rv0534c,1,1,1
mtub,Rv0295c,0,1,1
mtub,Rv1327c,0,1,1
mtub,Rv3734c,0,1,1
mtub,Rv1538c,0,1,1
mtub,Rv1058,0,4,1
mtub,Rv1310,0,1,1
mtub,Rv0860,0,5,1
mtub,Rv1850,0,1,1
mtub,Rv0853c,0,2,1
mtub,Rv2357c,0,1,1
mtub,Rv3757c,0,5,1
mtub,Rv0134,0,1,1
mtub,Rv0423c,1,1,1
mtub,Rv1104,0,1,1
mtub,Rv0462,0,3,1
mtub,Rv0761c,0,1,1
mtub,Rv3772,0,1,1
mtub,Rv2883c,1,1,1
mtub,Rv1905c,0,1,1
mtub,Rv3782,1,1,1
mtub,Rv2952,0,2,1
mtub,Rv0112,0,1,1
mtub,Rv3382c,0,2,1
mtub,Rv1654,1,1,1
mtub,Rv3756c,0,5,1
mtub,Rv3436c,1,1,1
mtub,Rv1653,1,1,1
mtub,Rv3150,0,3,1
mtub,Rv1622c,1,3,1
mtub,Rv1326c,1,1,1
mtub,Rv0562,1,1,1
mtub,Rv2249c,0,1,1
mtub,Rv1409,0,3,1
mtub,Rv3084,0,1,1
mtub,Rv2832c,0,1,1
mtub,Rv2178c,1,1,1
mtub,Rv1605,1,1,1
mtub,Rv0993,1,1,1
mtub,Rv1679,0,27,1
mtub,Rv2951c,0,2,1
mtub,Rv3339c,0,1,1
mtub,Rv1555,0,2,1
mtub,Rv0951,0,1,1
mtub,Rv2225,1,1,1
mtub,Rv2287,0,1,1
mtub,Rv3229c,0,2,1
mtub,Rv0768,0,1,1
mtub,Rv1872c,0,3,1
mtub,Rv0115,0,1,1
mtub,Rv2870c,1,1,1
mtub,Rv2421c,1,2,1
mtub,Rv2942,0,2,1
mtub,Rv0373c,0,1,1
mtub,Rv0221,0,1,1
mtub,Rv0255c,0,1,1
mtub,Rv3152,0,3,1
mtub,Rv1098c,0,1,1
mtub,Rv1070c,0,29,1
mtub,Rv3097c,0,1,1
mtub,Rv2834c,0,1,1
mtub,Rv2590,0,6,1
mtub,Rv2496c,1,2,1
mtub,Rv2895c,1,3,1
mtub,Rv1912c,0,27,1
mtub,Rv3341,0,1,1
mtub,Rv0975c,0,27,1
mtub,Rv2438c,1,1,1
mtub,Rv0113,0,1,1
mtub,Rv2970c,0,1,1
mtub,Rv3759c,0,5,1
mtub,Rv3645,0,1,1
mtub,Rv1280c,0,1,1
mtub,Rv0889c,0,1,1
mtub,Rv3264c,1,2,1
mtub,Rv1330c,0,1,1
mtub,Rv2773c,1,1,1
mtub,Rv1609,1,1,1
mtub,Rv2933,0,2,1
mtub,Rv3817,0,1,1
mtub,Rv3607c,1,2,1
mtub,Rv0511,1,1,1
mtub,Rv3266c,1,1,1
mtub,Rv3383c,0,1,1
mtub,Rv1127c,0,1,1
mtub,Rv2072c,0,1,1
mtub,Rv0156,0,1,1
mtub,Rv2385,0,1,1
mtub,Rv3551,0,2,1
mtub,Rv3805c,1,1,1
mtub,Rv2747,0,1,1
mtub,Rv0553,1,1,1
mtub,Rv3233c,0,1,1
mtub,Rv0132c,0,1,1
mtub,Rv3504,0,28,1
mtub,Rv3499c,0,1,1
mtub,Rv3560c,0,28,1
mtub,Rv2583c,0,2,1
mtub,Rv3378c,0,3,1
mtub,Rv1656,1,1,1
mtub,Rv3117,0,1,1
mtub,Rv2205c,0,1,1
mtub,Rv1832,0,1,1
mtub,Rv1285,1,1,1
mtub,Rv1336,0,2,1
mtub,Rv3025c,0,2,1
mtub,Rv0935,0,1,1
mtub,Rv0896,0,1,1
mtub,Rv2671,0,3,1
mtub,Rv1981c,0,2,1
mtub,Rv3505,0,28,1
mtub,Rv3281,1,2,1
mtub,Rv1315,1,1,1
mtub,Rv2174,0,1,1
mtub,Rv0499,0,1,1
mtub,Rv2537c,1,1,1
mtub,Rv1563c,0,1,1
mtub,Rv1307,0,1,1
mtub,Rv0733,1,2,1
mtub,Rv0753c,0,1,1
mtub,Rv0859,0,33,1
mtub,Rv1607,0,1,1
mtub,Rv0408,0,2,1
mtub,Rv1348,1,3,1
mtub,Rv0357c,1,1,1
mtub,Rv1594,1,1,1
mtub,Rv2702,0,2,1
mtub,Rv2061c,0,1,1
mtub,Rv1851,0,1,1
mtub,Rv0751c,0,1,1
mtub,Rv2382c,0,5,1
mtub,Rv2045c,0,1,1
mtub,Rv0533c,0,1,1
mtub,Rv2612c,1,2,1
mtub,Rv3627c,1,3,1
mtub,Rv0162c,0,1,1
mtub,Rv1284,0,2,1
mtub,Rv1077,0,1,1
mtub,Rv2858c,0,2,1
mtub,Rv2317,0,4,1
mtub,Rv1600,0,1,1
mtub,Rv2222c,0,4,1
mtub,Rv2860c,0,4,1
mtub,Rv3797,0,27,1
mtub,Rv0869c,0,1,1
mtub,Rv1436,0,1,1
mtub,Rv2247,0,2,1
mtub,Rv1934c,0,27,1
mtub,Rv3314c,0,1,1
mtub,Rv3003c,0,2,1
mtub,Rv2391,1,1,1
mtub,Rv2697c,0,1,1
mtub,Rv2584c,0,1,1
mtub,Rv0510,1,1,1
mtub,Rv2060,0,1,1
mtub,Rv0936,0,1,1
mtub,Rv2900c,0,1,1
mtub,Rv0478,0,1,1
mtub,Rv3031,1,1,1
mtub,Rv2503c,0,1,1
mtub,Rv1601,1,2,1
mtub,Rv3042c,1,1,1
mtub,Rv3340,0,1,1
mtub,Rv3156,0,3,1
mtub,Rv3086,0,1,1
mtub,Rv1200,0,1,1
mtub,Rv0952,0,1,1
mtub,Rv0035,0,4,1
mtub,Rv1347c,0,1,1
mtub,Rv0500,1,2,1
mtub,Rv3146,0,3,1
mtub,Rv2152c,1,2,1
mtub,Rv3564,0,28,1
mtub,Rv2427c,0,2,1
mtub,Rv3330,0,1,1
mtub,Rv3774,0,30,1
mtub,Rv1451,1,2,1
mtub,Rv3396c,1,1,1
mtub,Rv3411c,1,1,1
mtub,Rv0536,0,1,1
mtub,Rv1212c,0,1,1
mtub,Rv3541c,0,1,1
mtub,Rv0555,1,3,1
mtub,Rv3145,0,3,1
mtub,Rv3516,0,29,1
mtub,Rv3799c,1,3,1
mtub,Rv1121,0,1,1
mtub,Rv0206c,0,1,1
mtub,Rv3089,0,4,1
mtub,Rv0618,0,1,1
mtub,Rv2329c,0,1,1
mtub,Rv0129c,0,1,1
mtub,Rv1602,1,1,1
mtub,Rv1170,1,1,1
mtub,Rv1659,1,1,1
mtub,Rv3465,1,1,1
mtub,Rv0684,0,1,1
mtub,Rv1635c,0,2,1
mtub,Rv0119,0,4,1
mtub,Rv3379c,0,1,1
mtub,Rv3051c,1,4,1
mtub,Rv2471,0,1,1
mtub,Rv3790,1,1,1
mtub,Rv1895,0,1,1
mtub,Rv0234c,0,2,1
mtub,Rv1859,0,2,1
mtub,Rv0417,1,1,1
mtub,Rv1631,1,1,1
mtub,Rv3800c,1,5,1
mtub,Rv3793,1,2,1
mtub,Rv3318,0,4,1
mtub,Rv1124,0,1,1
mtub,Rv1933c,0,27,1
mtub,Rv0458,0,2,1
mtub,Rv1755c,0,3,1
mtub,Rv1549,0,4,1
mtub,Rv1309,0,1,1
mtub,Rv0223c,0,1,1
mtub,Rv2691,0,1,1
mtub,Rv3319,0,4,1
beril_Putida,PP_4201,0,1,1
beril_Putida,PP_5314,0,1,1
beril_Putida,PP_5215,0,12,1
beril_Putida,PP_0381,1,1,1
beril_Putida,PP_4683,0,5,1
beril_Putida,PP_1188,0,6,1
beril_Putida,PP_0067,0,1,1
beril_Putida,PP_2887,0,1,1
beril_Putida,PP_1722,0,1,1
beril_Putida,PP_4020,0,3,1
beril_Putida,PP_1407,0,1,1
beril_Putida,PP_0960,0,16,1
beril_Putida,PP_0341,1,1,1
beril_Putida,PP_0422,1,1,1
beril_Putida,PP_1018,0,1,1
beril_Putida,PP_5336,1,1,1
beril_Putida,pWW0_097,0,3,1
beril_Putida,PP_4936,1,1,1
beril_Putida,PP_0398,0,1,1
beril_Putida,PP_3553,0,1,1
beril_Putida,PP_5364,0,7,1
beril_Putida,PP_2439,0,1,1
beril_Putida,PP_0869,0,5,1
beril_Putida,PP_4944,1,1,1
beril_Putida,PP_1807,0,1,1
beril_Putida,PP_5079,1,1,1
beril_Putida,PP_4188,0,4,1
beril_Putida,PP_3637,0,1,1
beril_Putida,PP_4423,0,1,1
beril_Putida,PP_5338,0,1,1
beril_Putida,pWW0_127,0,1,1
beril_Putida,PP_5273,0,3,1
beril_Putida,PP_2227,0,2,1
beril_Putida,PP_1141,0,6,1
beril_Putida,PP_4881,0,1,1
beril_Putida,PP_2998,0,1,1
beril_Putida,PP_1286,0,1,1
beril_Putida,PP_3947,0,1,1
beril_Putida,PP_0362,1,1,1
beril_Putida,PP_1815,1,1,1
beril_Putida,PP_2470,0,1,1
beril_Putida,PP_4909,1,1,1
beril_Putida,PP_0240,0,9,1
beril_Putida,PP_1110,0,1,1
beril_Putida,PP_0083,1,4,1
beril_Putida,PP_1139,0,6,1
beril_Putida,PP_0597,0,1,1
beril_Putida,PP_0844,1,4,1
beril_Putida,PP_0100,0,2,1
beril_Putida,PP_0074,0,1,1
beril_Putida,PP_2845,0,1,1
beril_Putida,PP_0345,0,2,1
beril_Putida,PP_1996,1,1,1
beril_Putida,pWW0_094,0,2,1
beril_Putida,PP_4250,0,1,1
beril_Putida,PP_1525,1,1,1
beril_Putida,PP_2552,0,2,1
beril_Putida,PP_3814,0,1,1
beril_Putida,pWW0_095,0,3,1
beril_Putida,PP_1231,1,1,1
beril_Putida,PP_0217,0,2,1
beril_Putida,PP_5069,0,12,1
beril_Putida,PP_3426,0,4,1
beril_Putida,PP_5105,1,1,1
beril_Putida,PP_0812,0,1,1
beril_Putida,PP_1673,1,1,1
beril_Putida,PP_0243,0,2,1
beril_Putida,PP_5030,0,1,1
beril_Putida,PP_0983,1,1,1
beril_Putida,PP_0165,0,1,1
beril_Putida,PP_1355,0,3,1
beril_Putida,PP_0490,0,1,1
beril_Putida,PP_0077,0,1,1
beril_Putida,pWW0_102,0,3,1
beril_Putida,PP_3737,0,1,1
beril_Putida,PP_4473,1,1,1
beril_Putida,PP_0686,0,1,1
beril_Putida,PP_0227,0,1,1
beril_Putida,PP_5141,1,1,1
beril_Putida,PP_1530,1,1,1
beril_Putida,PP_0221,0,2,1
beril_Putida,PP_4185,0,1,1
beril_Putida,PP_1802,0,1,1
beril_Putida,PP_0565,0,1,1
beril_Putida,PP_5132,1,1,1
beril_Putida,PP_5185,1,1,1
beril_Putida,PP_0825,0,1,1
beril_Putida,PP_1484,0,1,1
beril_Putida,PP_0231,0,9,1
beril_Putida,PP_2183,0,1,1
beril_Putida,PP_1700,0,16,1
beril_Putida,PP_4203,0,1,1
beril_Putida,PP_5098,1,1,1
beril_Putida,PP_2592,0,7,1
beril_Putida,PP_4571,0,1,1
beril_Putida,PP_2048,0,5,1
beril_Putida,PP_0265,0,1,1
beril_Putida,PP_0295,0,4,1
beril_Putida,PP_1278,0,4,1
beril_Putida,PP_2591,0,7,1
beril_Putida,PP_0129,0,1,1
beril_Putida,PP_1023,0,1,1
beril_Putida,PP_4427,0,1,1
beril_Putida,PP_2213,0,23,1
beril_Putida,PP_5186,0,2,1
beril_Putida,PP_4678,1,2,1
beril_Putida,PP_0786,0,1,1
beril_Putida,PP_1665,1,1,1
beril_Putida,PP_1636,0,7,1
beril_Putida,PP_5169,0,5,1
beril_Putida,PP_1470,0,1,1
beril_Putida,PP_3630,0,1,1
beril_Putida,PP_0209,0,2,1
beril_Putida,PP_2515,0,1,1
beril_Putida,PP_4475,0,1,1
beril_Putida,PP_4222,1,1,1
beril_Putida,PP_3377,0,1,1
beril_Putida,PP_4998,1,1,1
beril_Putida,PP_0687,1,1,1
beril_Putida,PP_1255,0,1,1
beril_Putida,PP_0234,0,8,1
beril_Putida,PP_0342,1,1,1
beril_Putida,PP_4291,0,4,1
beril_Putida,pWW0_093,0,1,1
beril_Putida,PP_0043,0,6,1
beril_Putida,PP_4735,0,3,1
beril_Putida,PP_4784,1,1,1
beril_Putida,PP_2958,0,4,1
beril_Putida,PP_3320,0,1,1
beril_Putida,PP_1206,0,3,1
beril_Putida,PP_4298,0,1,1
beril_Putida,PP_4829,1,1,1
beril_Putida,PP_3148,0,4,1
beril_Putida,PP_5286,0,2,1
beril_Putida,PP_1929,0,2,1
beril_Putida,PP_1893,0,34,1
beril_Putida,PP_1672,1,3,1
beril_Putida,PP_4670,0,1,1
beril_Putida,PP_3365,0,1,1
beril_Putida,PP_1335,1,1,1
beril_Putida,PP_4864,0,5,1
beril_Putida,PP_4290,0,3,1
beril_Putida,PP_1985,1,2,1
beril_Putida,PP_4845,0,1,1
beril_Putida,PP_2196,0,1,1
beril_Putida,PP_1032,1,1,1
beril_Putida,PP_1416,0,3,1
beril_Putida,PP_1778,0,1,1
beril_Putida,PP_1874,0,1,1
beril_Putida,PP_2338,0,1,1
beril_Putida,PP_1528,0,1,1
beril_Putida,PP_3746,0,2,1
beril_Putida,PP_5302,0,3,1
beril_Putida,PP_0114,0,2,1
beril_Putida,PP_4897,0,2,1
beril_Putida,PP_3668,0,1,1
beril_Putida,PP_5246,0,1,1
beril_Putida,PP_0745,0,2,1
beril_Putida,PP_0230,0,1,1
beril_Putida,PP_3345,0,2,1
beril_Putida,PP_1333,1,1,1
beril_Putida,PP_5217,0,4,1
beril_Putida,PP_1588,0,1,1
beril_Putida,PP_2872,0,2,1
beril_Putida,PP_0500,0,1,1
beril_Putida,PP_1137,0,6,1
beril_Putida,PP_3540,0,1,1
beril_Putida,PP_0799,0,1,1
beril_Putida,PP_4699,1,1,1
beril_Putida,PP_3931,0,1,1
beril_Putida,PP_4219,1,1,1
beril_Putida,PP_0527,1,1,1
beril_Putida,PP_4698,0,1,1
beril_Putida,PP_0999,0,1,1
beril_Putida,PP_0214,0,2,1
beril_Putida,PP_3727,0,1,1
beril_Putida,PP_3829,0,2,1
beril_Putida,PP_4147,0,2,1
beril_Putida,PP_5074,1,1,1
beril_Putida,PP_4059,0,2,1
beril_Putida,PP_5183,0,3,1
beril_Putida,PP_0321,1,2,1
beril_Putida,PP_4211,1,2,1
beril_Putida,PP_2095,1,2,1
beril_Putida,PP_2180,0,2,1
beril_Putida,PP_0290,1,1,1
beril_Putida,PP_0989,0,1,1
beril_Putida,PP_0296,0,3,1
beril_Putida,PP_1129,1,2,1
beril_Putida,PP_3270,0,1,1
beril_Putida,PP_0665,0,1,1
beril_Putida,PP_5046,1,2,1
beril_Putida,PP_1284,0,13,1
beril_Putida,PP_4479,0,1,1
beril_Putida,PP_1171,0,2,1
beril_Putida,PP_3151,0,2,1
beril_Putida,PP_0208,0,1,1
beril_Putida,PP_0538,0,2,1
beril_Putida,PP_4838,0,1,1
beril_Putida,PP_5371,0,1,1
beril_Putida,PP_5222,0,1,1
beril_Putida,PP_3168,0,1,1
beril_Putida,PP_2242,0,1,1
beril_Putida,PP_4122,0,1,1
beril_Putida,PP_2151,0,2,1
beril_Putida,PP_4723,0,1,1
beril_Putida,PP_1382,0,1,1
beril_Putida,PP_3282,0,1,1
beril_Putida,PP_1604,1,1,1
beril_Putida,PP_5197,0,1,1
beril_Putida,PP_1403,0,1,1
beril_Putida,PP_2318,0,8,1
beril_Putida,PP_1010,0,1,1
beril_Putida,PP_5326,0,3,1
beril_Putida,PP_3794,0,4,1
beril_Putida,PP_1750,1,1,1
beril_Putida,PP_5100,0,4,1
beril_Putida,PP_2047,0,5,1
beril_Putida,PP_0336,0,2,1
beril_Putida,PP_3358,0,3,1
beril_Putida,PP_4893,0,1,1
beril_Putida,PP_1086,1,1,1
beril_Putida,PP_4481,1,3,1
beril_Putida,PP_3816,0,1,1
beril_Putida,PP_0063,0,4,1
beril_Putida,PP_0591,0,3,1
beril_Putida,PP_2594,0,7,1
beril_Putida,PP_5195,0,1,1
beril_Putida,PP_4549,0,64,1
beril_Putida,PP_4169,0,1,1
beril_Putida,PP_1400,0,2,1
beril_Putida,PP_5194,0,2,1
beril_Putida,PP_4919,0,1,1
beril_Putida,PP_2410,0,2,1
beril_Putida,PP_0501,1,1,1
beril_Putida,PP_3817,0,2,1
beril_Putida,PP_1771,0,3,1
beril_Putida,PP_4486,0,4,1
beril_Putida,PP_5327,0,2,1
beril_Putida,PP_3271,0,1,1
beril_Putida,PP_4868,0,1,1
beril_Putida,PP_3461,0,1,1
beril_Putida,PP_4639,0,1,1
beril_Putida,PP_0226,0,1,1
beril_Putida,PP_1703,0,1,1
beril_Putida,PP_2017,0,16,1
beril_Putida,PP_0346,0,2,1
beril_Putida,PP_1761,0,1,1
beril_Putida,PP_5288,0,4,1
beril_Putida,PP_3278,0,1,1
beril_Putida,PP_3460,0,1,1
beril_Putida,PP_3165,0,1,1
beril_Putida,PP_1986,1,2,1
beril_Putida,PP_3099,0,1,1
beril_Putida,PP_1237,1,1,1
beril_Putida,PP_1417,0,3,1
beril_Putida,PP_4666,0,1,1
beril_Putida,PP_5014,0,2,1
beril_Putida,pWW0_131,0,3,1
beril_Putida,PP_1478,0,2,1
beril_Putida,PP_4149,0,2,1
beril_Putida,PP_4432,0,1,1
beril_Putida,PP_4487,0,1,1
beril_Putida,PP_0849,0,8,1
beril_Putida,PP_1680,1,1,1
beril_Putida,PP_2226,0,2,1
beril_Putida,PP_4251,0,1,1
beril_Putida,PP_2460,0,7,1
beril_Putida,PP_2193,0,1,1
beril_Putida,PP_4964,1,1,1
beril_Putida,PP_4779,0,1,1
beril_Putida,PP_2637,0,1,1
beril_Putida,PP_2368,0,1,1
beril_Putida,PP_3570,0,3,1
beril_Putida,PP_4326,0,1,1
beril_Putida,PP_3285,0,1,1
beril_Putida,PP_3790,0,1,1
beril_Putida,PP_5258,0,1,1
beril_Putida,PP_4545,0,2,1
beril_Putida,PP_3813,0,2,1
beril_Putida,PP_0366,1,1,1
beril_Putida,PP_1914,1,35,1
beril_Putida,PP_3303,0,6,1
beril_Putida,PP_1765,1,2,1
beril_Putida,PP_2459,0,1,1
beril_Putida,PP_4065,0,1,1
beril_Putida,pWW0_129,0,3,1
beril_Putida,PP_1069,0,2,1
beril_Putida,PP_1144,0,1,1
beril_Putida,PP_5228,0,1,1
beril_Putida,PP_5416,0,1,1
beril_Putida,PP_4967,1,2,1
beril_Putida,PP_2669,0,2,1
beril_Putida,PP_0515,0,1,1
beril_Putida,PP_5419,0,1,1
beril_Putida,PP_4617,0,3,1
beril_Putida,PP_4799,0,4,1
beril_Putida,PP_4801,1,1,1
beril_Putida,PP_3322,0,1,1
beril_Putida,PP_1157,0,1,1
beril_Putida,PP_0115,0,1,1
beril_Putida,PP_0723,1,1,1
beril_Putida,PP_1915,1,10,1
beril_Putida,PP_2409,0,2,1
beril_Putida,PP_3741,0,2,1
beril_Putida,PP_0233,0,9,1
beril_Putida,PP_3599,0,1,1
beril_Putida,PP_2417,0,10,1
beril_Putida,PP_4946,0,1,1
beril_Putida,PP_5412,0,1,1
beril_Putida,PP_1097,0,1,1
beril_Putida,PP_0393,0,1,1
beril_Putida,PP_3778,0,1,1
beril_Putida,PP_5033,0,1,1
beril_Putida,PP_1842,0,3,1
beril_Putida,PP_0833,0,3,1
beril_Putida,PP_2490,0,1,1
beril_Putida,PP_4403,0,3,1
beril_Putida,PP_4594,0,2,1
beril_Putida,PP_4214,1,1,1
beril_Putida,PP_1611,0,1,1
beril_Putida,PP_0399,0,1,1
beril_Putida,PP_4129,0,1,1
beril_Putida,PP_1226,0,1,1
beril_Putida,PP_2862,1,2,1
beril_Putida,PP_0203,0,1,1
beril_Putida,PP_4036,0,2,1
beril_Putida,PP_2090,0,1,1
beril_Putida,PP_3606,0,1,1
beril_Putida,PP_1297,0,10,1
beril_Putida,PP_1300,0,10,1
beril_Putida,PP_0815,0,1,1
beril_Putida,PP_0414,0,2,1
beril_Putida,PP_5409,1,1,1
beril_Putida,PP_4810,1,2,1
beril_Putida,PP_0554,0,1,1
beril_Putida,PP_4827,1,1,1
beril_Putida,PP_1332,1,1,1
beril_Putida,PP_2843,0,1,1
beril_Putida,PP_4379,0,2,1
beril_Putida,PP_2519,0,1,1
beril_Putida,PP_4935,1,27,1
beril_Putida,PP_4148,0,2,1
beril_Putida,PP_4257,0,1,1
beril_Putida,PP_3801,1,2,1
beril_Putida,PP_4495,0,2,1
beril_Putida,PP_2802,0,1,1
beril_Putida,PP_5155,1,1,1
beril_Putida,PP_1529,0,2,1
beril_Putida,PP_0612,0,1,1
beril_Putida,PP_0301,0,1,1
beril_Putida,PP_0854,0,1,1
beril_Putida,PP_1251,0,2,1
beril_Putida,PP_5063,0,2,1
beril_Putida,PP_2102,0,2,1
beril_Putida,PP_2465,0,1,1
beril_Putida,PP_3648,0,1,1
beril_Putida,PP_0897,0,1,1
beril_Putida,PP_4309,0,1,1
beril_Putida,PP_3590,0,6,1
beril_Putida,PP_4800,1,1,1
beril_Putida,PP_0838,0,2,1
beril_Putida,PP_5056,0,1,1
beril_Putida,PP_2902,1,1,1
beril_Putida,PP_3598,0,3,1
beril_Putida,PP_1138,0,6,1
beril_Putida,PP_3941,0,2,1
beril_Putida,PP_4646,1,8,1
beril_Putida,PP_0654,0,1,1
beril_Putida,PP_2476,0,2,1
beril_Putida,PP_3416,0,1,1
beril_Putida,PP_1618,1,2,1
beril_Putida,PP_0930,0,1,1
beril_Putida,PP_1338,0,1,1
beril_Putida,PP_0879,0,23,1
beril_Putida,PP_0980,0,16,1
beril_Putida,PP_2432,0,2,1
beril_Putida,PP_0675,0,1,1
beril_Putida,PP_5387,0,2,1
beril_Putida,PP_4212,1,1,1
beril_Putida,PP_2517,0,1,1
beril_Putida,PP_4889,1,1,1
beril_Putida,PP_5181,0,1,1
beril_Putida,PP_0075,0,1,1
beril_Putida,PP_4287,0,1,1
beril_Putida,PP_0519,1,1,1
beril_Putida,PP_2795,0,2,1
beril_Putida,PP_1019,0,3,1
beril_Putida,PP_s0001,0,41,1
beril_Putida,PP_1902,1,1,1
beril_Putida,PP_0809,0,1,1
beril_Putida,PP_2504,0,2,1
beril_Putida,PP_3533,0,1,1
beril_Putida,PP_4279,0,2,1
beril_Putida,PP_0110,0,1,1
beril_Putida,PP_2847,0,1,1
beril_Putida,PP_4160,0,1,1
beril_Putida,PP_2933,0,1,1
beril_Putida,PP_2593,0,7,1
beril_Putida,PP_0559,1,1,1
beril_Putida,PP_4900,0,3,1
beril_Putida,PP_0293,1,2,1
beril_Putida,PP_5168,0,6,1
beril_Putida,PP_0928,1,1,1
beril_Putida,PP_1505,0,1,1
beril_Putida,PP_1805,1,1,1
beril_Putida,PP_1928,0,1,1
beril_Putida,PP_4130,0,1,1
beril_Putida,PP_2246,0,9,1
beril_Putida,PP_0789,0,4,1
beril_Putida,PP_1379,0,1,1
beril_Putida,PP_0304,0,1,1
beril_Putida,PP_0614,0,3,1
beril_Putida,PP_2589,0,1,1
beril_Putida,PP_5335,1,1,1
beril_Putida,PP_1005,0,1,1
beril_Putida,PP_5413,0,1,1
beril_Putida,PP_4700,1,1,1
beril_Putida,PP_0958,0,16,1
beril_Putida,PP_2077,0,1,1
beril_Putida,PP_5269,0,1,1
beril_Putida,PP_0416,0,1,1
beril_Putida,PP_3275,0,1,1
beril_Putida,PP_3530,0,1,1
beril_Putida,PP_0383,0,1,1
beril_Putida,PP_1229,0,1,1
beril_Putida,PP_1496,0,2,1
beril_Putida,PP_0883,0,26,1
beril_Putida,PP_4484,0,4,1
beril_Putida,PP_1283,0,9,1
beril_Putida,PP_4000,0,2,1
beril_Putida,PP_1257,0,1,1
beril_Putida,PP_5203,0,1,1
beril_Putida,PP_2458,0,1,1
beril_Putida,PP_0944,0,1,1
beril_Putida,PP_1844,0,7,1
beril_Putida,PP_4863,0,5,1
beril_Putida,PP_4659,0,1,1
beril_Putida,PP_1254,0,2,1
beril_Putida,PP_0219,0,2,1
beril_Putida,PP_4186,0,1,1
beril_Putida,PP_3161,0,1,1
beril_Putida,PP_4689,0,2,1
beril_Putida,PP_1735,0,4,1
beril_Putida,PP_5179,0,2,1
beril_Putida,PP_1830,1,1,1
beril_Putida,PP_1625,1,3,1
beril_Putida,PP_2909,0,1,1
beril_Putida,PP_2635,0,1,1
beril_Putida,PP_3666,0,1,1
beril_Putida,PP_1173,0,3,1
beril_Putida,PP_1675,1,2,1
beril_Putida,PP_5032,0,1,1
beril_Putida,PP_2973,0,7,1
beril_Putida,PP_3948,0,1,1
beril_Putida,PP_3830,1,3,1
beril_Putida,PP_1016,0,1,1
beril_Putida,PP_4882,0,1,1
beril_Putida,PP_0853,1,1,1
beril_Putida,PP_0955,1,1,1
beril_Putida,PP_1317,0,1,1
beril_Putida,PP_1282,0,1,1
beril_Putida,PP_3596,0,1,1
beril_Putida,PP_1303,1,4,1
beril_Putida,PP_0238,0,7,1
beril_Putida,PP_0112,0,2,1
beril_Putida,PP_4193,0,1,1
beril_Putida,PP_2215,0,25,1
beril_Putida,PP_3146,0,3,1
beril_Putida,PP_0310,0,1,1
beril_Putida,PP_4421,0,1,1
beril_Putida,PP_2488,0,1,1
beril_Putida,PP_0946,0,1,1
beril_Putida,PP_2638,0,1,1
beril_Putida,PP_4052,0,1,1
beril_Putida,PP_4667,0,1,1
beril_Putida,PP_0556,0,1,1
beril_Putida,PP_3136,0,1,1
beril_Putida,PP_5005,0,11,1
beril_Putida,PP_5420,0,1,1
beril_Putida,PP_5015,1,1,1
beril_Putida,PP_5084,0,5,1
beril_Putida,PP_2335,0,1,1
beril_Putida,PP_4993,1,1,1
beril_Putida,PP_5365,0,2,1
beril_Putida,PP_0302,0,1,1
beril_Putida,PP_0596,0,2,1
beril_Putida,PP_3173,0,2,1
beril_Putida,PP_3311,0,1,1
beril_Putida,PP_0878,0,23,1
beril_Putida,PP_4840,0,5,1
beril_Putida,PP_4643,0,2,1
beril_Putida,PP_5227,0,1,1
beril_Putida,PP_3945,0,1,1
beril_Putida,PP_3751,0,1,1
beril_Putida,pWW0_096,0,2,1
beril_Putida,PP_4755,0,1,1
beril_Putida,PP_1376,0,2,1
beril_Putida,PP_3356,0,3,1
beril_Putida,PP_0438,1,1,1
beril_Putida,PP_0283,0,4,1
beril_Putida,PP_1394,0,1,1
beril_Putida,PP_1912,0,7,1
beril_Putida,PP_4480,0,1,1
beril_Putida,PP_2341,0,1,1
beril_Putida,PP_4632,0,1,1
beril_Putida,PP_4758,0,2,1
beril_Putida,PP_4619,0,1,1
beril_Putida,PP_2371,1,1,1
beril_Putida,PP_4805,0,4,1
beril_Putida,PP_2208,0,1,1
beril_Putida,PP_1436,1,1,1
beril_Putida,PP_3992,0,2,1
beril_Putida,PP_1977,1,1,1
beril_Putida,PP_4947,0,3,1
beril_Putida,PP_0106,0,1,1
beril_Putida,PP_2123,1,4,1
beril_Putida,PP_4483,0,4,1
beril_Putida,PP_2647,0,1,1
beril_Putida,PP_0864,0,1,1
beril_Putida,PP_0160,0,1,1
beril_Putida,PP_1679,1,1,1
beril_Putida,PP_4209,1,2,1
beril_Putida,PP_3589,0,1,1
beril_Putida,PP_4794,0,1,1
beril_Putida,PP_0073,0,1,1
beril_Putida,PP_2051,0,2,1
beril_Putida,PP_1140,0,6,1
beril_Putida,PP_0547,0,3,1
beril_Putida,PP_4841,0,1,1
beril_Putida,PP_1866,0,1,1
beril_Putida,PP_5180,0,1,1
beril_Putida,PP_4628,1,2,1
beril_Putida,PP_0281,0,4,1
beril_Putida,PP_4038,0,2,1
beril_Putida,PP_4686,0,2,1
beril_Putida,PP_0363,1,1,1
beril_Putida,PP_0037,0,2,1
beril_Putida,PP_4282,0,1,1
beril_Putida,PP_1913,1,1,1
beril_Putida,PP_4106,0,1,1
beril_Putida,PP_3284,0,1,1
beril_Putida,PP_0303,0,1,1
beril_Putida,PP_5078,1,1,1
beril_Putida,PP_2528,0,2,1
beril_Putida,PP_5256,0,1,1
beril_Putida,PP_2186,0,1,1
beril_Putida,PP_4890,1,1,1
beril_Putida,PP_1989,1,1,1
beril_Putida,PP_1997,1,1,1
beril_Putida,PP_3425,0,4,1
beril_Putida,PP_0188,0,1,1
beril_Putida,PP_2214,0,25,1
beril_Putida,pWW0_091,0,2,1
beril_Putida,PP_4031,0,1,1
beril_Putida,PP_4613,0,1,1
beril_Putida,PP_5095,0,1,1
beril_Putida,PP_1014,0,1,1
beril_Putida,PP_4252,0,1,1
beril_Putida,PP_1294,1,1,1
beril_Putida,PP_3989,0,1,1
beril_Putida,PP_5040,0,1,1
beril_Putida,PP_1924,0,1,1
beril_Putida,PP_4281,0,1,1
beril_Putida,PP_2916,0,1,1
beril_Putida,PP_1015,0,1,1
beril_Putida,PP_4430,0,1,1
beril_Putida,PP_4862,1,2,1
beril_Putida,PP_2265,0,2,1
beril_Putida,PP_0551,0,1,1
beril_Putida,PP_0284,0,1,1
beril_Putida,PP_4404,0,3,1
beril_Putida,PP_3443,0,1,1
beril_Putida,PP_1801,0,1,1
beril_Putida,PP_0380,1,1,1
beril_Putida,PP_4828,1,1,1
beril_Putida,PP_4012,0,1,1
beril_Putida,PP_1059,0,1,1
beril_Putida,PP_0816,0,1,1
beril_Putida,PP_3766,0,1,1
beril_Putida,PP_4507,0,1,1
beril_Putida,PP_5076,0,1,1
beril_Putida,PP_4405,0,1,1
beril_Putida,PP_2418,0,7,1
beril_Putida,PP_4399,0,3,1
beril_Putida,PP_2844,0,1,1
beril_Putida,PP_1367,0,1,1
beril_Putida,PP_0434,0,1,1
beril_Putida,PP_1079,1,1,1
beril_Putida,PP_4050,0,1,1
beril_Putida,PP_5374,0,2,1
beril_Putida,PP_1782,0,1,1
beril_Putida,PP_4216,1,1,1
beril_Putida,PP_2582,0,1,1
beril_Putida,PP_2428,0,3,1
beril_Putida,PP_0586,0,1,1
beril_Putida,PP_1419,0,3,1
beril_Putida,PP_0552,0,1,1
beril_Putida,PP_2834,0,1,1
beril_Putida,PP_4811,0,2,1
beril_Putida,PP_0606,1,2,1
beril_Putida,PP_3144,0,1,1
beril_Putida,PP_4960,0,1,1
beril_Putida,PP_3189,0,3,1
beril_Putida,PP_1292,1,1,1
beril_Putida,PP_2416,0,10,1
beril_Putida,PP_0880,0,23,1
beril_Putida,PP_3593,0,2,1
beril_Putida,PP_4477,0,1,1
beril_Putida,PP_0970,0,1,1
beril_Putida,PP_4491,0,1,1
beril_Putida,PP_3003,0,2,1
beril_Putida,PP_1179,1,4,1
beril_Putida,PP_5104,1,1,1
beril_Putida,PP_0061,0,1,1
beril_Putida,PP_1001,0,2,1
beril_Putida,PP_3410,1,1,1
beril_Putida,PP_3511,0,3,1
beril_Putida,PP_3384,0,1,1
beril_Putida,PP_4965,1,2,1
beril_Putida,PP_2774,0,1,1
beril_Putida,PP_2679,0,2,1
beril_Putida,PP_4903,0,4,1
beril_Putida,PP_4221,1,1,1
beril_Putida,PP_1945,0,2,1
beril_Putida,PP_2239,0,2,1
beril_Putida,PP_1377,0,1,1
beril_Putida,PP_2336,0,1,1
beril_Putida,PP_2001,0,1,1
beril_Putida,PP_0213,0,2,1
beril_Putida,PP_4474,1,1,1
beril_Putida,PP_3714,0,1,1
beril_Putida,PP_4866,0,5,1
beril_Putida,PP_4121,0,1,1
beril_Putida,PP_0914,0,1,1
beril_Putida,PP_5054,0,4,1
beril_Putida,PP_0652,0,1,1
beril_Putida,PP_1972,0,5,1
beril_Putida,PP_0427,0,1,1
beril_Putida,PP_1225,0,1,1
beril_Putida,PP_4125,0,1,1
beril_Putida,PP_0326,0,2,1
beril_Putida,PP_0041,0,1,1
beril_Putida,PP_2794,0,2,1
beril_Putida,PP_0560,0,2,1
beril_Putida,PP_0840,0,2,1
beril_Putida,PP_1167,0,2,1
beril_Putida,PP_1205,0,1,1
beril_Putida,PP_0328,0,2,1
beril_Putida,PP_1656,0,2,1
beril_Putida,PP_4934,1,2,1
beril_Putida,PP_4187,0,4,1
beril_Putida,PP_4011,0,1,1
beril_Putida,PP_3667,0,1,1
beril_Putida,PP_3745,0,3,1
beril_Putida,PP_3633,0,1,1
beril_Putida,PP_4715,0,1,1
beril_Putida,PP_4656,0,1,1
beril_Putida,PP_3123,0,2,1
beril_Putida,PP_1755,0,1,1
beril_Putida,PP_0827,0,1,1
beril_Putida,PP_2329,1,1,1
beril_Putida,PP_3459,0,1,1
beril_Putida,PP_1169,0,2,1
beril_Putida,PP_5366,0,2,1
beril_Putida,PP_4725,1,1,1
beril_Putida,PP_0232,0,10,1
beril_Putida,PP_2152,0,2,1
beril_Putida,PP_3417,0,1,1
beril_Putida,PP_1686,0,1,1
beril_Putida,PP_5306,0,15,1
beril_Putida,PP_1777,0,3,1
beril_Putida,PP_0493,0,1,1
beril_Putida,PP_2080,0,1,1
beril_Putida,PP_2656,0,2,1
beril_Putida,PP_1298,0,10,1
beril_Putida,PP_0392,1,2,1
beril_Putida,PP_0713,0,1,1
beril_Putida,PP_5031,0,1,1
beril_Putida,PP_1803,1,3,1
beril_Putida,PP_3802,1,2,1
beril_Putida,PP_0602,1,2,1
beril_Putida,PP_0481,0,1,1
beril_Putida,PP_0237,0,9,1
beril_Putida,PP_2657,0,2,1
beril_Putida,PP_1279,0,5,1
beril_Putida,PP_0127,0,1,1
beril_Putida,PP_5317,0,1,1
beril_Putida,PP_1603,1,1,1
beril_Putida,PP_1616,0,3,1
beril_Putida,PP_0323,0,2,1
beril_Putida,PP_3636,0,1,1
beril_Putida,PP_1705,0,1,1
beril_Putida,PP_0626,0,1,1
beril_Putida,PP_2910,0,1,1
beril_Putida,PP_4060,0,1,1
beril_Putida,PP_1843,0,3,1
beril_Putida,PP_5347,0,1,1
beril_Putida,PP_1481,0,1,1
beril_Putida,PP_4128,0,1,1
beril_Putida,PP_4762,0,41,1
beril_Putida,PP_0261,0,1,1
beril_Putida,PP_0228,0,2,1
beril_Putida,PP_4635,0,1,1
beril_Putida,PP_4235,0,3,1
beril_Putida,PP_0058,0,7,1
beril_Putida,PP_4620,0,1,1
beril_Putida,PP_1471,0,2,1
beril_Putida,PP_1799,0,1,1
beril_Putida,PP_2556,0,2,1
beril_Putida,PP_1070,0,2,1
beril_Putida,PP_5150,1,1,1
beril_Putida,PP_5139,0,3,1
beril_Putida,PP_0774,0,2,1
beril_Putida,PP_1595,1,1,1
beril_Putida,PP_0516,0,2,1
beril_Putida,PP_3601,0,1,1
beril_Putida,PP_0535,0,2,1
beril_Putida,PP_4192,0,1,1
beril_Putida,PP_3465,0,1,1
beril_Putida,PP_4867,0,5,1
beril_Putida,PP_1318,0,1,1
beril_Putida,PP_1494,0,1,1
beril_Putida,PP_0817,0,1,1
beril_Putida,PP_2145,0,3,1
beril_Putida,PP_0722,0,1,1
beril_Putida,PP_5414,0,1,1
beril_Putida,PP_1258,0,1,1
beril_Putida,PP_0986,0,2,1
beril_Putida,PP_3597,0,2,1
beril_Putida,PP_1811,0,1,1
beril_Putida,PP_4184,0,3,1
beril_Putida,PP_3122,0,2,1
beril_Putida,PP_4823,1,1,1
beril_Putida,PP_0239,0,9,1
beril_Putida,PP_5291,1,1,1
beril_Putida,PP_3755,0,1,1
beril_Putida,PP_2058,0,3,1
beril_Putida,PP_0777,0,1,1
beril_Putida,PP_4302,0,1,1
beril_Putida,PP_1281,0,2,1
beril_Putida,PP_2255,0,3,1
beril_Putida,PP_4653,0,1,1
beril_Putida,PP_0744,1,1,1
beril_Putida,PP_3720,0,2,1
beril_Putida,PP_2406,0,2,1
beril_Putida,PP_5085,0,1,1
beril_Putida,PP_3074,0,1,1
beril_Putida,PP_2130,0,4,1
beril_Putida,PP_3828,0,2,1
beril_Putida,PP_0492,0,1,1
beril_Putida,PP_2792,0,1,1
beril_Putida,PP_1011,0,1,1
beril_Putida,PP_1017,0,1,1
beril_Putida,PP_3435,0,1,1
beril_Putida,PP_0154,0,1,1
beril_Putida,PP_0795,0,1,1
beril_Putida,PP_1022,0,2,1
beril_Putida,PP_2513,0,1,1
beril_Putida,PP_4716,0,1,1
beril_Putida,PP_4256,0,1,1
beril_Putida,PP_2456,0,1,1
beril_Putida,PP_4550,0,64,1
beril_Putida,PP_2408,0,2,1
beril_Putida,PP_2842,0,1,1
beril_Putida,PP_1156,0,2,1
beril_Putida,PP_0543,0,1,1
beril_Putida,PP_4922,1,1,1
beril_Putida,PP_2453,0,2,1
beril_Putida,PP_4063,0,1,1
beril_Putida,PP_4067,0,1,1
beril_Putida,PP_4108,0,1,1
beril_Putida,PP_1088,1,1,1
beril_Putida,PP_5149,0,1,1
beril_Putida,PP_5341,0,1,1
beril_Putida,PP_2667,0,2,1
beril_Putida,PP_4299,0,1,1
beril_Putida,PP_3515,0,2,1
beril_Putida,PP_0382,0,1,1
beril_Putida,PP_0884,0,23,1
beril_Putida,PP_1638,1,7,1
beril_Putida,PP_0544,0,1,1
beril_Putida,PP_1299,0,10,1
beril_Putida,PP_1304,1,4,1
beril_Putida,PP_4119,0,1,1
beril_Putida,PP_3264,0,7,1
beril_Putida,PP_3796,1,1,1
beril_Putida,PP_0601,1,2,1
beril_Putida,PP_2914,0,2,1
beril_Putida,PP_2955,0,1,1
beril_Putida,PP_3664,0,7,1
beril_Putida,PP_1916,0,6,1
beril_Putida,PP_5298,0,3,1
beril_Putida,PP_0155,0,2,1
beril_Putida,PP_1287,0,1,1
beril_Putida,PP_3844,0,6,1
beril_Putida,PP_5171,0,5,1
beril_Putida,PP_2694,0,5,1
beril_Putida,PP_5199,1,1,1
beril_Putida,PP_1674,1,2,1
beril_Putida,PP_2553,0,2,1
beril_Putida,pWW0_090,0,2,1
beril_Putida,PP_0660,0,1,1
beril_Putida,PP_1800,0,1,1
beril_Putida,PP_4035,0,1,1
beril_Putida,PP_4907,0,1,1
beril_Putida,PP_0417,1,2,1
beril_Putida,PP_4159,0,1,1
beril_Putida,PP_5045,1,1,1
beril_Putida,PP_3952,0,1,1
beril_Putida,PP_1025,1,1,1
beril_Putida,PP_0225,0,1,1
beril_Putida,PP_5285,1,2,1
beril_Putida,PP_4928,1,2,1
beril_Putida,PP_3342,0,1,1
beril_Putida,PP_1031,0,1,1
beril_Putida,PP_0280,0,4,1
beril_Putida,PP_4492,0,4,1
beril_Putida,PP_2680,0,2,1
beril_Putida,PP_2106,0,1,1
beril_Putida,PP_0746,0,1,1
beril_Putida,PP_1346,0,1,1
beril_Putida,PP_0402,1,1,1
beril_Putida,PP_2092,0,2,1
beril_Putida,PP_2848,0,1,1
beril_Putida,PP_0525,0,3,1
beril_Putida,PP_4140,0,1,1
beril_Putida,PP_0189,1,1,1
beril_Putida,PP_1331,0,2,1
beril_Putida,PP_5192,0,1,1
beril_Putida,PP_0344,1,1,1
beril_Putida,PP_2112,0,2,1
beril_Putida,PP_3457,1,5,1
beril_Putida,PP_4983,0,1,1
beril_Putida,PP_0253,0,1,1
beril_Putida,PP_4189,0,3,1
beril_Putida,PP_4043,0,1,1
beril_Putida,PP_0436,0,1,1
beril_Putida,PP_4042,0,2,1
beril_Putida,PP_0311,0,1,1
beril_Putida,PP_0147,0,2,1
beril_Putida,PP_4220,1,1,1
beril_Putida,PP_0432,0,1,1
beril_Putida,PP_5130,0,2,1
beril_Putida,PP_1378,0,1,1
beril_Putida,PP_2645,0,2,1
beril_Putida,PP_2012,1,1,1
beril_Putida,PP_3588,0,2,1
beril_Putida,PP_0260,0,1,1
beril_Putida,PP_3951,0,1,1
beril_Putida,PP_0266,0,1,1
beril_Putida,PP_4854,0,12,1
beril_Putida,PP_1776,0,3,1
beril_Putida,PP_1383,0,2,1
beril_Putida,PP_4830,1,1,1
beril_Putida,PP_0936,0,2,1
beril_Putida,PP_4144,0,1,1
beril_Putida,PP_3343,0,1,1
beril_Putida,PP_2324,0,1,1
beril_Putida,PP_2228,0,2,1
beril_Putida,PP_0522,0,1,1
beril_Putida,PP_1587,0,1,1
beril_Putida,PP_2008,0,1,1
beril_Putida,PP_0927,0,4,1
beril_Putida,PP_5388,0,2,1
beril_Putida,PP_4097,1,7,1
beril_Putida,PP_3427,0,4,1
beril_Putida,PP_3600,0,3,1
beril_Putida,PP_0747,0,3,1
beril_Putida,PP_0860,1,1,1
beril_Putida,PP_0207,0,1,1
beril_Putida,PP_0631,1,1,1
beril_Putida,PP_4255,0,1,1
beril_Putida,PP_0045,0,6,1
beril_Putida,PP_2775,0,1,1
beril_Putida,PP_5041,0,2,1
beril_Putida,PP_1664,0,1,1
beril_Putida,PP_4401,0,3,1
beril_Putida,PP_2943,0,1,1
beril_Putida,PP_2435,0,6,1
beril_Putida,PP_0959,0,16,1
beril_Putida,PP_0059,1,2,1
beril_Putida,PP_4548,0,4,1
beril_Putida,PP_5417,0,1,1
beril_Putida,PP_3507,1,1,1
beril_Putida,PP_2229,0,2,1
beril_Putida,PP_1645,0,1,1
beril_Putida,pWW0_128,0,3,1
beril_Putida,PP_5075,0,1,1
beril_Putida,PP_1601,1,1,1
beril_Putida,PP_4051,0,1,1
beril_Putida,PP_3253,0,1,1
beril_Putida,PP_0184,1,1,1
beril_Putida,PP_5418,0,1,1
beril_Putida,PP_4131,0,1,1
beril_Putida,PP_2407,0,2,1
beril_Putida,PP_4016,1,2,1
beril_Putida,PP_4478,0,1,1
beril_Putida,PP_4724,0,1,1
beril_Putida,PP_3819,0,1,1
beril_Putida,PP_5107,0,2,1
beril_Putida,PP_3280,0,2,1
beril_Putida,PP_5097,1,1,1
beril_Putida,PP_0885,0,23,1
beril_Putida,PP_1339,0,1,1
beril_Putida,PP_0496,0,2,1
beril_Putida,PP_0495,0,1,1
beril_Putida,PP_1610,1,2,1
beril_Putida,PP_1808,0,2,1
beril_Putida,PP_5328,0,2,1
beril_Putida,PP_0794,0,1,1
beril_Putida,PP_2448,0,3,1
beril_Putida,PP_1408,0,7,1
beril_Putida,PP_4865,0,5,1
beril_Putida,PP_1943,0,1,1
beril_Putida,pWW0_092,0,2,1
beril_Putida,PP_0420,1,2,1
beril_Putida,PP_1373,0,2,1
beril_Putida,pWW0_101,0,3,1
beril_Putida,PP_0325,0,2,1
beril_Putida,PP_4717,1,2,1
beril_Putida,PP_4029,0,1,1
beril_Putida,PP_1288,0,1,1
beril_Putida,PP_0870,0,5,1
beril_Putida,PP_3578,0,1,1
beril_Putida,PP_0931,0,1,1
beril_Putida,PP_0294,0,4,1
beril_Putida,PP_1386,0,16,1
beril_Putida,PP_4485,0,4,1
beril_Putida,PP_4807,0,1,1
beril_Putida,PP_5278,0,5,1
beril_Putida,PP_5346,0,1,1
beril_Putida,PP_4194,0,1,1
beril_Putida,PP_1100,0,2,1
beril_Putida,PP_5029,0,1,1
beril_Putida,PP_0282,0,4,1
beril_Putida,PP_0996,0,1,1
beril_Putida,PP_4844,0,1,1
beril_Putida,PP_4822,1,2,1
beril_Putida,PP_2325,0,1,1
beril_Putida,PP_4552,0,11,1
beril_Putida,PP_1293,1,2,1
beril_Putida,PP_3958,0,1,1
beril_Putida,PP_2482,0,1,1
beril_Putida,PP_2590,0,2,1
beril_Putida,PP_0964,1,1,1
beril_Putida,PP_0881,0,23,1
beril_Putida,PP_3959,1,1,1
beril_Putida,PP_0982,1,1,1
beril_Putida,PP_0338,0,2,1
beril_Putida,PP_0412,0,2,1
beril_Putida,PP_4425,0,1,1
beril_Putida,PP_5170,0,5,1
beril_Putida,PP_0545,0,6,1
beril_Putida,PP_4422,0,2,1
beril_Putida,PP_2179,0,3,1
beril_Putida,PP_1520,0,7,1
beril_Putida,PP_5137,0,2,1
beril_Putida,PP_1612,0,1,1
beril_Putida,PP_5289,1,1,1
beril_Putida,PP_2918,0,1,1
beril_Putida,PP_2137,0,33,1
beril_Putida,PP_2929,0,1,1
beril_Putida,PP_1385,0,16,1
beril_Putida,PP_4977,1,1,1
beril_Putida,PP_0368,0,10,1
beril_Putida,PP_3346,0,2,1
beril_Putida,PP_1657,0,8,1
beril_Putida,PP_5270,0,11,1
beril_Putida,PP_5299,0,3,1
beril_Putida,PP_0297,0,1,1
beril_Putida,PP_1602,1,14,1
beril_Putida,PP_0220,0,2,1
beril_Putida,PP_1597,1,1,1
beril_Putida,PP_1823,0,1,1
beril_Putida,PP_1766,0,1,1
beril_Putida,PP_0339,0,2,1
beril_Putida,PP_3739,0,2,1
beril_Putida,PP_1168,0,2,1
beril_Putida,PP_0988,0,1,1
beril_Putida,PP_3462,0,1,1
beril_Putida,PP_5066,0,2,1
beril_Putida,PP_1614,1,2,1
beril_Putida,PP_3283,0,2,1
beril_Putida,PP_0121,0,1,1
beril_Putida,PP_4832,1,1,1
beril_Putida,PP_4264,0,1,1
beril_Putida,PP_3073,0,1,1
beril_Putida,PP_2765,0,2,1
beril_Putida,PP_5196,0,1,1
beril_Putida,PP_1678,1,2,1
beril_Putida,PP_0229,0,2,1
beril_Putida,PP_4869,1,1,1
beril_Putida,PP_3002,0,2,1
beril_Putida,PP_0117,0,1,1
beril_Putida,PP_4215,1,1,1
beril_Putida,PP_4687,0,5,1
beril_Putida,PP_0867,0,1,1
beril_Putida,PP_2913,0,1,1
beril_Putida,PP_0659,0,2,1
beril_Putida,PP_1445,0,3,1
beril_Putida,PP_0289,1,1,1
beril_Putida,PP_2149,0,1,1
beril_Putida,PP_3324,0,1,1
beril_Putida,PP_3187,0,2,1
beril_Putida,PP_0350,0,1,1
beril_Putida,PP_1256,0,1,1
beril_Putida,PP_1075,0,1,1
beril_Putida,PP_4774,0,7,1
beril_Putida,PP_2454,0,1,1
beril_Putida,PP_1607,1,1,1
beril_Putida,PP_4943,1,2,1
beril_Putida,PP_1469,0,2,1
beril_Putida,PP_4680,1,2,1
beril_Putida,PP_4757,0,1,1
beril_Putida,PP_3274,0,1,1
beril_Putida,PP_5250,0,1,1
beril_Putida,PP_5182,0,2,1
beril_Putida,PP_0316,0,1,1
beril_Putida,PP_1285,0,1,1
beril_Putida,PP_3383,0,1,1
beril_Putida,PP_4843,0,1,1
beril_Putida,PP_0315,0,1,1
beril_Putida,PP_1418,0,3,1
beril_Putida,PP_5257,0,1,1
beril_Putida,PP_4736,0,1,1
beril_Putida,PP_3999,1,3,1
beril_Putida,PP_2056,0,3,1
beril_Putida,PP_3466,0,2,1
beril_Putida,PP_3344,0,1,1
beril_Putida,PP_1779,0,1,1
beril_Putida,PP_0517,1,1,1
beril_Putida,PP_4846,0,2,1
beril_Putida,PP_4138,0,2,1
beril_Putida,PP_2586,0,1,1
beril_Putida,PP_1681,1,1,1
beril_Putida,PP_3713,0,1,1
beril_Putida,PP_3129,0,1,1
beril_Putida,PP_2716,0,1,1
beril_Putida,PP_1384,0,16,1
beril_Putida,PP_3815,0,1,1
beril_Putida,PP_0156,0,2,1
beril_Putida,PP_1280,0,5,1
beril_Putida,PP_5004,0,24,1
beril_Putida,PP_0324,0,2,1
beril_Putida,PP_4570,0,1,1
beril_Putida,PP_0026,0,5,1
beril_Putida,PP_4547,0,3,1
beril_Putida,PP_1078,1,1,1
beril_Putida,PP_5011,1,1,1
beril_Putida,PP_3080,0,1,1
beril_Putida,PP_3594,0,2,1
beril_Putida,PP_0104,0,1,1
beril_Putida,PP_4984,1,1,1
beril_Putida,PP_0356,0,1,1
beril_Putida,PP_0520,1,14,1
beril_Putida,PP_2098,0,9,1
beril_Putida,PP_3768,0,1,1
beril_Putida,PP_0072,0,1,1
beril_Putida,PP_4426,0,1,1
beril_Putida,PP_4190,0,1,1
beril_Putida,PP_1009,0,1,1
beril_Putida,PP_3944,0,1,1
beril_Putida,PP_3942,0,1,1
beril_Putida,PP_3846,0,2,1
beril_Putida,PP_0882,0,23,1
beril_Putida,PP_0561,0,3,1
beril_Putida,PP_5351,0,2,1
beril_Putida,PP_0415,0,1,1
beril_Putida,PP_2796,0,2,1
beril_Putida,PP_5296,1,2,1
beril_Putida,PP_2225,0,2,1
beril_Putida,PP_0873,0,1,1
beril_Putida,PP_0567,0,2,1
beril_Putida,PP_3463,0,1,1
beril_Putida,PP_4064,0,1,1
beril_Putida,PP_2675,0,1,1
beril_Putida,PP_5329,0,2,1
beril_Putida,PP_0510,0,12,1
beril_Putida,PP_2791,0,1,1
beril_Putida,PP_0113,0,2,1
beril_Putida,PP_2455,0,1,1
beril_Putida,PP_0437,1,1,1
beril_Putida,PP_2797,0,2,1
beril_Putida,PP_3721,0,2,1
beril_Putida,PP_1804,1,3,1
beril_Putida,PP_5118,0,1,1
beril_Putida,PP_3464,0,1,1
beril_Putida,PP_4120,0,1,1
beril_Putida,PP_3561,0,1,1
beril_Putida,PP_3166,0,1,1
beril_Putida,PP_4310,0,1,1
beril_Putida,PP_3376,0,1,1
beril_Putida,PP_4124,0,1,1
beril_Putida,PP_5226,0,8,1
beril_Putida,PP_4737,0,1,1
beril_Putida,PP_0736,0,1,1
beril_Putida,PP_0555,0,1,1
beril_Putida,PP_0553,0,1,1
beril_Putida,PP_3272,0,1,1
beril_Putida,PP_4997,0,1,1
beril_Putida,PP_2122,0,1,1
beril_Putida,PP_5013,1,1,1
beril_Putida,PP_1783,0,1,1
beril_Putida,PP_3219,0,1,1
beril_Putida,PP_1068,0,2,1
beril_Putida,PP_4037,0,2,1
beril_Putida,PP_0871,0,5,1
beril_Putida,PP_1308,0,1,1
beril_Putida,PP_2658,0,2,1
beril_Putida,PP_2082,0,1,1
beril_Putida,PP_0922,0,7,1
beril_Putida,PP_4974,0,1,1
beril_Putida,PP_5308,0,15,1
beril_Putida,PP_0292,0,2,1
beril_Putida,PP_2846,0,1,1
beril_Putida,PP_4971,0,4,1
beril_Putida,PP_2554,0,1,1
beril_Putida,PP_1336,1,2,1
beril_Putida,PP_3747,0,2,1
beril_Putida,PP_1654,0,2,1
beril_Putida,PP_3162,0,1,1
beril_Putida,PP_4305,0,5,1
beril_Putida,PP_5318,1,1,1
beril_Putida,PP_3839,0,1,1
beril_Putida,PP_4300,0,2,1
beril_Putida,pWW0_099,0,3,1
beril_Putida,PP_2328,1,6,1
beril_Putida,PP_3446,0,1,1
beril_Putida,PP_4702,0,1,1
beril_Putida,PP_1969,0,1,1
beril_Putida,PP_1000,1,2,1
beril_Putida,PP_2801,0,1,1
beril_Putida,PP_0793,0,1,1
beril_Putida,PP_2543,0,1,1
beril_Putida,PP_3723,0,1,1
beril_Putida,PP_1741,0,1,1
beril_Putida,PP_4782,1,2,1
beril_Putida,PP_1213,0,1,1
beril_Putida,PP_0977,0,2,1
beril_Putida,PP_0322,0,2,1
beril_Putida,PP_1877,0,2,1
beril_Putida,PP_2636,0,1,1
beril_Putida,PP_0411,0,3,1
beril_Putida,PP_5233,0,1,1
beril_Putida,PP_0603,0,1,1
beril_Putida,PP_0044,0,6,1
beril_Putida,PP_0421,1,1,1
beril_Putida,PP_4066,0,1,1
beril_Putida,PP_0524,0,3,1
beril_Putida,PP_2800,0,1,1
beril_Putida,PP_5064,0,1,1
beril_Putida,PP_2185,0,1,1
beril_Putida,PP_1160,0,1,1
beril_Putida,PP_0842,0,6,1
beril_Putida,PP_4963,0,1,1
beril_Putida,PP_0956,1,1,1
beril_Putida,PP_4126,0,1,1
beril_Putida,PP_0491,0,1,1
beril_Putida,PP_4286,0,1,1
beril_Putida,PP_0082,1,4,1
beril_Putida,PP_5003,0,24,1
beril_Putida,PP_2925,0,2,1
beril_Putida,PP_2351,0,1,1
beril_Putida,PP_0528,1,2,1
beril_Putida,PP_1071,0,2,1
beril_Putida,PP_5128,1,3,1
beril_Putida,PP_4524,0,1,1
beril_Putida,PP_0832,0,3,1
beril_Putida,PP_4150,0,2,1
beril_Putida,PP_2426,0,1,1
beril_Putida,PP_4055,0,2,1
beril_Putida,PP_0808,0,2,1
beril_Putida,PP_2703,0,2,1
beril_Putida,PP_3658,0,1,1
beril_Putida,PP_1995,1,2,1
beril_Putida,PP_3943,0,1,1
beril_Putida,PP_3357,1,3,1
beril_Putida,PP_4116,0,1,1
beril_Putida,PP_0671,0,2,1
beril_Putida,PP_2209,0,1,1
beril_Putida,PP_1183,0,1,1
beril_Putida,PP_4346,0,1,1
beril_Putida,PP_3740,0,2,1
beril_Putida,PP_4655,0,1,1
beril_Putida,PP_2674,0,3,1
beril_Putida,PP_3939,0,2,1
beril_Putida,PP_4301,0,2,1
beril_Putida,PP_0137,0,2,1
beril_Putida,PP_0932,0,1,1
beril_Putida,PP_3071,0,2,1
beril_Putida,PP_5089,0,1,1
beril_Putida,PP_1764,0,1,1
beril_Putida,PP_1743,0,2,1
beril_Putida,PP_3736,0,1,1
beril_Putida,PP_1200,0,1,1
beril_Putida,PP_2117,1,1,1
beril_Putida,PP_1768,1,2,1
beril_Putida,PP_0076,0,1,1
beril_Putida,PP_2518,0,1,1
beril_Putida,PP_5380,0,1,1
beril_Putida,PP_2905,0,1,1
beril_Putida,PP_3763,1,1,1
beril_Putida,PP_1002,0,1,1
beril_Putida,PP_2375,0,1,1
beril_Putida,PP_3602,0,1,1
beril_Putida,PP_1319,0,1,1
beril_Putida,PP_1381,0,1,1
beril_Putida,PP_3754,0,1,1
beril_Putida,PP_5213,0,1,1
beril_Putida,PP_2668,0,2,1
beril_Putida,PP_3276,0,1,1
beril_Putida,PP_5307,0,15,1
beril_Putida,PP_1082,0,1,1
beril_Putida,PP_2437,0,3,1
beril_Putida,PP_4679,1,2,1
beril_Putida,PP_0169,0,1,1
beril_Putida,PP_3595,0,2,1
beril_Putida,PP_4053,0,1,1
beril_Putida,PP_4285,0,1,1
beril_Putida,PP_4127,0,1,1
beril_Putida,PP_0187,1,1,1
beril_Putida,PP_1784,0,1,1
beril_Putida,PP_0413,0,2,1
beril_Putida,PP_1593,0,2,1
beril_Putida,PP_0060,0,1,1
beril_Putida,PP_1917,1,1,1
beril_Putida,PP_0826,0,1,1
beril_Putida,PP_5123,1,2,1
beril_Putida,PP_2514,0,1,1
beril_Putida,PP_4976,1,1,1
beril_Putida,PP_4701,0,2,1
beril_Putida,PP_4999,1,1,1
beril_Putida,PP_0669,0,2,1
beril_Putida,PP_4278,0,2,1
beril_Putida,PP_3722,0,6,1
beril_Putida,PP_5415,0,1,1
beril_Putida,PP_1617,0,1,1
beril_Putida,PP_0105,0,1,1
beril_Putida,PP_1457,0,1,1
beril_Putida,PP_0391,0,7,1
beril_Putida,PP_4123,0,1,1
beril_Putida,PP_2717,0,2,1
beril_Putida,PP_3147,0,1,1
beril_Putida,PP_2673,0,3,1
beril_Putida,PP_0691,0,1,1
beril_Putida,PP_0572,0,2,1
beril_Putida,PP_0158,0,1,1
beril_Putida,PP_4908,1,7,1
beril_Putida,PP_0376,1,1,1
beril_Putida,PP_4817,0,25,1
beril_Putida,PP_4327,0,2,1
beril_Putida,PP_4600,0,1,1
beril_Putida,PP_4217,0,2,1
beril_Putida,PP_4431,0,1,1
beril_Putida,PP_4826,1,1,1
beril_Putida,PP_5386,0,2,1
beril_Putida,PP_0365,1,1,1
beril_Putida,PP_5385,0,2,1
beril_Putida,PP_4621,0,1,1
beril_Putida,PP_5357,0,3,1
beril_Putida,PP_0965,1,1,1
beril_Putida,PP_0542,0,1,1
beril_Putida,PP_4243,1,2,1
beril_Putida,PP_2659,0,3,1
beril_Putida,PP_0987,0,1,1
beril_Putida,PP_3178,0,1,1
beril_Putida,PP_3635,0,1,1
beril_Putida,PP_2489,0,2,1
beril_Putida,PP_4161,0,1,1
beril_Putida,PP_0915,0,1,1
beril_Putida,PP_0364,1,1,1
beril_Putida,PP_2764,0,1,1
beril_Putida,PP_4253,0,1,1
beril_Putida,PP_4202,0,1,1
beril_Putida,PP_0957,0,1,1
beril_Putida,PP_2734,0,4,1
beril_Putida,PP_4175,1,15,1
beril_Putida,PP_1414,0,12,1
beril_Putida,PP_4297,0,1,1
beril_Putida,PP_3433,0,1,1
beril_Putida,PP_5178,0,1,1
beril_Putida,PP_3591,0,2,1
beril_Putida,PP_2805,0,5,1
beril_Putida,PP_2217,0,35,1
beril_Putida,PP_2911,0,1,1
beril_Putida,PP_0236,0,1,1
beril_Putida,PP_4688,0,5,1
beril_Putida,PP_4677,0,7,1
beril_Putida,PP_0823,0,1,1
beril_Putida,PP_0186,1,1,1
beril_Putida,PP_2545,0,1,1
beril_Putida,PP_4174,0,13,1
beril_Putida,PP_1037,1,1,1
beril_Putida,PP_2793,0,3,1
beril_Putida,PP_1380,0,1,1
beril_Putida,PP_1806,0,1,1
beril_Putida,PP_4842,0,1,1
beril_Putida,PP_2469,0,1,1
beril_Putida,PP_1362,0,2,1
beril_Putida,PP_1177,1,4,1
beril_Putida,PP_0847,1,6,1
beril_Putida,PP_2443,0,2,1
beril_Putida,PP_1006,0,2,1
beril_Putida,PP_1076,0,3,1
beril_Putida,PP_1770,1,3,1
beril_Putida,PP_0658,0,3,1
beril_Putida,PP_4284,0,2,1
beril_Putida,PP_3382,0,1,1
beril_Putida,PP_0103,0,1,1
beril_Putida,PP_1872,0,1,1
beril_Putida,PP_3940,0,2,1
beril_Putida,PP_0145,0,1,1
beril_Putida,PP_4650,0,1,1
beril_Putida,PP_2205,0,1,1
beril_Putida,PP_2928,0,1,1
beril_Putida,PP_3970,0,1,1
beril_Putida,PP_4258,0,1,1
beril_Putida,PP_0824,0,1,1
beril_Putida,PP_1900,1,1,1
beril_Putida,PP_4325,0,1,1
beril_Putida,PP_1689,0,22,1
beril_Putida,PP_2184,0,1,1
beril_Putida,PP_4237,0,2,1
beril_Putida,PP_1351,0,1,1
beril_Putida,PP_3279,0,2,1
beril_Putida,PP_2057,0,2,1
beril_Putida,PP_0954,1,1,1
beril_Putida,PP_4213,1,1,1
beril_Putida,PP_1024,0,2,1
beril_Putida,PP_1710,0,2,1
beril_Putida,PP_4288,0,1,1
beril_Putida,PP_0868,0,5,1
beril_Putida,PP_1706,0,1,1
beril_Putida,PP_4058,0,1,1
beril_Putida,PP_3569,0,1,1
beril_Putida,PP_4803,0,5,1
beril_Putida,PP_5411,1,2,1
beril_Putida,PP_4434,0,11,1
beril_Putida,PP_5184,0,3,1
beril_Putida,PP_4523,0,1,1
beril_Putida,PP_5193,0,1,1
beril_Putida,PP_0664,0,1,1
beril_Putida,PP_1334,1,1,1
beril_Putida,PP_5036,0,1,1
beril_Putida,PP_3277,0,1,1
beril_Putida,PP_4471,0,1,1
beril_Putida,PP_0718,0,1,1
beril_Putida,PP_4651,0,1,1
beril_Putida,PP_4191,0,1,1
beril_Putida,PP_1311,0,1,1
beril_Putida,PP_3957,0,2,1
beril_Putida,PP_4103,0,2,1
beril_Putida,PP_0418,0,1,1
beril_Putida,PP_3953,0,1,1
beril_Putida,PP_1785,0,1,1
beril_Putida,PP_4034,0,3,1
beril_Putida,PP_0814,0,1,1
beril_Putida,PP_4469,0,1,1
beril_Putida,PP_1323,1,1,1
beril_Putida,pWW0_130,0,3,1
beril_Putida,PP_4428,0,1,1
beril_Putida,PP_1620,0,13,1
beril_Putida,PP_0548,0,1,1
beril_Putida,PP_0787,1,1,1
beril_Putida,PP_2849,0,1,1
beril_Putida,PP_1677,1,1,1
beril_Putida,PP_0662,0,2,1
beril_Putida,PP_0926,0,1,1
beril_Putida,PP_3535,0,1,1
beril_Putida,PP_4266,0,1,1
beril_Putida,PP_0118,0,1,1
beril_Putida,PP_1506,0,13,1
beril_Putida,PP_1444,0,1,1
beril_Putida,PP_1988,1,1,1
beril_Putida,PP_0967,1,1,1
beril_Putida,PP_2178,0,3,1
beril_Putida,PP_4210,1,2,1
beril_Putida,PP_0190,0,1,1
beril_Putida,PP_4790,0,8,1
beril_Putida,PP_2698,0,1,1
beril_Putida,PP_4490,0,1,1
beril_Putida,PP_2000,1,1,1
beril_Putida,PP_2216,0,3,1
beril_Putida,PP_0327,0,1,1
beril_Putida,PP_1343,1,1,1
beril_Putida,PP_4293,0,4,1
beril_Putida,PP_0920,0,4,1
beril_Putida,PP_4597,0,1,1
beril_Putida,PP_2904,0,1,1
beril_Putida,PP_1240,1,2,1
beril_Putida,PP_0558,1,1,1
beril_Putida,PP_1904,0,1,1
beril_Putida,PP_3164,0,1,1
beril_Putida,PP_2423,0,1,1
beril_Putida,PP_3190,0,1,1
beril_Putida,PP_1277,0,3,1
beril_Putida,PP_4223,0,1,1
beril_Putida,PP_1073,0,1,1
beril_Putida,PP_5135,0,1,1
beril_Putida,PP_1235,0,1,1
beril_Putida,PP_0514,1,2,1
beril_Putida,PP_1649,0,1,1
beril_Putida,PP_2334,0,1,1
beril_Putida,PP_3581,0,1,1
beril_Putida,PP_1337,1,1,1
beril_Putida,PP_2486,0,4,1
beril_Putida,PP_5120,0,1,1
beril_Putida,PP_0732,1,1,1
beril_Putida,PP_2492,0,3,1
beril_Putida,PP_3124,0,1,1
beril_Putida,PP_3821,1,1,1
beril_Putida,PP_5315,0,1,1
beril_Putida,PP_1426,1,4,1
beril_Putida,PP_1769,1,3,1
beril_Putida,PP_0378,1,1,1
beril_Putida,PP_0763,0,17,1
beril_Putida,pWW0_100,0,3,1
beril_Putida,PP_2512,0,1,1
beril_Putida,PP_1259,0,2,1
beril_Putida,PP_5061,0,2,1
beril_Putida,PP_1132,0,1,1
beril_Putida,PP_3715,0,1,1
beril_Putida,PP_4756,0,1,1
beril_Putida,PP_2230,0,2,1
beril_Putida,PP_2339,0,2,1
beril_Putida,PP_2160,0,1,1
beril_Putida,PP_0953,1,1,1
beril_Putida,PP_1596,1,7,1
beril_Putida,PP_0762,0,2,1
beril_Putida,PP_1676,1,2,1
beril_Putida,PP_0966,1,2,1
beril_Putida,PP_0120,0,1,1
beril_Putida,PP_2676,0,3,1
beril_Putida,PP_2125,0,1,1
beril_Putida,PP_1628,0,1,1
beril_Putida,PP_3537,0,1,1
beril_Putida,PP_0751,0,2,1
beril_Putida,PP_5340,0,1,1
beril_Putida,PP_2376,0,6,1
beril_Putida,PP_5177,0,1,1
beril_Putida,PP_3378,0,2,1
beril_Putida,PP_0489,0,1,1
beril_Putida,PP_2136,0,75,1
beril_Putida,PP_0065,0,1,1
beril_Putida,PP_2440,0,1,1
beril_Putida,PP_0843,1,6,1
beril_Putida,PP_4402,0,3,1
beril_Putida,PP_2039,0,5,1
beril_Putida,PP_0530,0,1,1
beril_Putida,PP_0343,1,2,1
beril_Putida,PP_2168,0,1,1
beril_Putida,PP_4636,0,2,1
beril_Putida,PP_3163,0,1,1
beril_Putida,PP_3514,0,2,1
beril_Putida,PP_0735,1,1,1
beril_Putida,PP_5136,0,1,1
beril_Putida,PP_5216,0,3,1
beril_Putida,PP_0813,0,1,1
beril_Putida,PP_3803,1,2,1
beril_Putida,PP_1003,0,1,1
beril_Putida,PP_4783,1,1,1
