rank	energy	atom_i	atom_j	type	is_interface	dist_from_mark_A
1	0.523064	DC:J.C4	DC:J.C5	covalent	False	0.0
2	0.383072	DC:J.C5	DC:J.C6	covalent	False	0.0
3	0.090501	DC:J.C2	DC:J.C5	contact	False	0.0
4	0.0879132	DC:J.O2	DC:J.C5	contact	False	0.0
5	0.0810825	DC:J.N3	DC:J.C5	contact	False	0.0
6	0.080671	DC:J.N1	DC:J.C5	contact	False	0.0
7	0.0517093	DA:I.N1	DC:J.C5	contact	False	0.0
8	0.0458467	DC:J.C1'	DC:J.C5	contact	False	0.0
9	0.045614	DG:I.N1	DC:J.C5	contact	False	0.0
10	0.0415401	DC:J.C5	DA:J.C5	contact	False	0.0
11	0.037926	DC:J.N1	DC:J.C6	covalent	False	1.3
12	0.0370029	DC:J.C5	DA:J.C8	contact	False	0.0
13	0.0346579	DT:J.O2	DC:J.C5	contact	False	0.0
14	0.032989	DC:J.O4'	DC:J.C5	contact	False	0.0
15	0.032639	DC:J.C5	DA:J.C6	contact	False	0.0
16	0.0306262	DC:J.C5	DA:J.N7	contact	False	0.0
17	0.0304342	DT:J.OP2	DC:J.C5	contact	False	0.0
18	0.0238761	DG:I.C6	DC:J.C5	contact	False	0.0
19	0.0208092	DC:J.C4	DC:J.N4	covalent	False	1.4
20	0.0206079	DT:J.N3	DC:J.C5	contact	False	0.0
21	0.0199354	DT:J.C2	DC:J.C5	contact	False	0.0
22	0.0189946	DC:J.C4'	DC:J.C5	contact	False	0.0
23	0.0171382	DC:J.N3	DC:J.C4	covalent	False	1.4
24	0.0148468	DC:J.C5	DA:J.N6	contact	False	0.0
25	0.0143921	DC:J.C3'	DC:J.C5	contact	False	0.0
26	0.0142786	DT:J.O5'	DC:J.C5	contact	False	0.0
27	0.01299	DC:J.C2'	DC:J.C5	contact	False	0.0
28	0.0109148	DC:J.OP2	DC:J.C5	contact	False	0.0
29	0.010096	DG:I.O6	DC:J.C5	contact	False	0.0
30	0.00977271	DT:J.C7	DC:J.C5	contact	False	0.0
31	0.00941924	DC:J.O2	DC:J.C6	contact	False	1.3
32	0.00912811	DA:I.N1	DC:J.C6	contact	False	1.3
33	0.00844513	DC:J.C2	DC:J.C6	contact	False	1.3
34	0.00841591	DC:J.C4	DC:J.C6	contact	False	1.3
35	0.0072433	DG:I.N1	DC:J.C6	contact	False	1.3
36	0.00630592	DT:J.O2	DC:J.C6	contact	False	1.3
37	0.00595988	DC:J.C5'	DC:J.C5	contact	False	0.0
38	0.00580893	DC:J.N1	DC:J.C2	covalent	False	2.4
39	0.00520826	DT:J.N3	DC:J.C6	contact	False	1.3
40	0.00516335	DC:J.N3	DC:J.C6	contact	False	1.3
41	0.00484531	DC:J.O4'	DC:J.C4	contact	False	1.4
42	0.00466266	DT:J.C2	DC:J.C6	contact	False	1.3
43	0.00453813	DC:J.C2'	DC:J.C4	contact	False	1.4
44	0.00442679	DT:J.O4	DC:J.C5	contact	False	0.0
45	0.00420995	DC:J.OP2	DC:J.C6	contact	False	1.3
46	0.00416591	DC:J.C2	DC:J.C4	contact	False	1.4
47	0.00411328	DT:J.C4	DC:J.C5	contact	False	0.0
48	0.00400594	DG:I.O6	DC:J.C6	contact	False	1.3
49	0.00398952	DC:J.C6	DA:J.C4	contact	False	1.3
50	0.00388668	DC:J.C1'	DC:J.N1	covalent	False	2.4
51	0.00387724	DC:J.O2	DC:J.C4	contact	False	1.4
52	0.00386173	DT:J.C3'	DC:J.C5	contact	False	0.0
53	0.00361619	DT:J.O5'	DC:J.C6	contact	False	1.3
54	0.00358465	DC:J.C4	DA:J.N7	contact	False	1.4
55	0.00345986	DC:J.C6	DA:J.C6	contact	False	1.3
56	0.00342241	DC:J.C6	DA:J.C5	contact	False	1.3
57	0.00331638	DC:J.C1'	DC:J.C4	contact	False	1.4
58	0.00324858	DC:J.O4'	DC:J.C6	contact	False	1.3
59	0.00316978	DC:J.C6	DA:J.C8	contact	False	1.3
60	0.00310335	DT:J.O4	DC:J.C6	contact	False	1.3
61	0.0027396	DT:J.C4	DC:J.C6	contact	False	1.3
62	0.00256582	DT:J.O2	DC:J.C4	contact	False	1.4
63	0.00248993	DC:J.C2	DC:J.N3	covalent	False	2.4
64	0.00238865	DT:J.C7	DC:J.C4	contact	False	1.4
65	0.00235252	DC:J.C4	DA:J.C5	contact	False	1.4
66	0.00234504	DT:J.N1	DC:J.C5	contact	False	0.0
67	0.00231951	DC:J.C6	DA:J.N7	contact	False	1.3
68	0.00230645	DC:J.N4	DC:J.C6	contact	False	1.3
69	0.00228223	DC:J.C1'	DC:J.C6	contact	False	1.3
70	0.00227963	DT:I.O4	DC:J.C5	contact	False	0.0
71	0.00226457	DA:I.N1	DC:J.N4	contact	False	2.4
72	0.00221941	DG:I.N1	DC:J.N4	contact	False	2.4
73	0.00221845	DC:J.C4	DA:J.C4	contact	False	1.4
74	0.00218647	DA:I.C2	DC:J.N4	contact	False	2.4
75	0.00214416	DC:J.O2	DC:J.N4	contact	False	2.4
76	0.00210825	DG:I.C2	DC:J.N4	contact	False	2.4
77	0.00206423	DT:J.C2'	DC:J.C5	contact	False	0.0
78	0.00197385	DC:J.C6	DA:J.N6	contact	False	1.3
79	0.00195612	DC:J.N1	DC:J.C4	contact	False	1.4
80	0.00181993	DC:J.C2	DC:J.N4	contact	False	2.4
81	0.00181396	DG:I.N2	DC:J.N4	contact	False	2.4
82	0.00173655	DC:J.N4	DA:J.C5	contact	False	2.4
83	0.00171713	DA:I.C6	DC:J.N4	contact	False	2.4
84	0.00167218	DG:I.C6	DC:J.N4	contact	False	2.4
85	0.00164982	DC:J.N4	DA:J.C6	contact	False	2.4
86	0.00164784	DT:J.O2	DC:J.N4	contact	False	2.4
87	0.00158678	DC:J.C4'	DC:J.C6	contact	False	1.3
88	0.00147879	DC:J.N4	DA:J.N1	contact	False	2.4
89	0.00143706	DC:J.N1	DC:J.O2	contact	False	2.4
90	0.00133755	DC:J.N1	DA:J.O4'	contact	False	2.4
91	0.00133499	DG:I.C5	DC:J.N4	contact	False	2.4
92	0.00132615	DT:J.C2	DC:J.C4	contact	False	1.4
93	0.00129478	DA:I.C2	DC:J.C4	contact	False	1.4
94	0.00127748	DT:J.C6	DC:J.C5	contact	False	0.0
95	0.00123174	DC:J.C4	DA:J.C6	contact	False	1.4
96	0.00119638	DA:I.C2	DC:J.N1	contact	False	2.4
97	0.00118299	DT:J.N1	DC:J.C6	contact	False	1.3
98	0.00117624	DT:J.N3	DC:J.N4	contact	False	2.4
99	0.0011734	DT:J.C1'	DC:J.C4	contact	False	1.4
100	0.00116767	DT:J.C3'	DC:J.C6	contact	False	1.3
101	0.00113334	DT:J.C2	DC:J.N4	contact	False	2.4
102	0.00105313	DA:I.N6	DC:J.N4	contact	False	2.4
103	0.00104916	DT:J.O2	DC:J.N1	contact	False	2.4
104	0.00104343	DC:J.P	DC:J.C6	contact	False	1.3
105	0.00104306	DC:J.O4'	DC:J.N1	contact	False	2.4
106	0.00103442	DC:J.N4	DA:J.N6	contact	False	2.4
107	0.000968352	DT:J.C7	DC:J.N4	contact	False	2.4
108	0.000944358	DA:I.N1	DC:J.N1	contact	False	2.4
109	0.000938228	DG:I.N2	DC:J.C4	contact	False	1.4
110	0.00092372	DC:J.C4'	DC:J.N1	contact	False	2.4
111	0.000916285	DT:J.C5	DC:J.C5	contact	False	0.0
112	0.000882587	DC:J.O3'	DC:J.C6	contact	False	1.3
113	0.000881668	DC:J.N3	DC:J.N4	contact	False	2.4
114	0.000881605	DC:J.N4	DC:J.C5	contact	False	0.0
115	0.00088127	DT:J.C1'	DC:J.C5	contact	False	0.0
116	0.000844826	DT:I.N3	DC:J.N4	contact	False	2.4
117	0.000815307	DG:I.O6	DC:J.N4	contact	False	2.4
118	0.000784734	DT:J.OP2	DT:J.C5	contact	False	3.8
119	0.000761629	DT:J.C2'	DC:J.C4	contact	False	1.4
120	0.000755746	DG:I.N7	DC:J.N4	contact	False	2.4
121	0.000736776	DA:I.N1	DC:J.C4	contact	False	1.4
122	0.000677861	DT:J.C2'	DC:J.C6	contact	False	1.3
123	0.000652858	DC:J.C1'	DC:J.N4	contact	False	2.4
124	0.000649791	DT:J.N1	DC:J.C4	contact	False	1.4
125	0.000622626	DC:J.C4	DA:J.N1	contact	False	1.4
126	0.000622082	DC:J.OP2	DC:J.N1	contact	False	2.4
127	0.000589884	DA:I.N3	DC:J.N3	contact	False	2.4
128	0.000537691	DA:I.C4	DC:J.N3	contact	False	2.4
129	0.000524926	DG:I.O6	DC:J.C4	contact	False	1.4
130	0.000523947	DT:J.OP2	DT:J.C7	contact	False	4.5
131	0.000498904	DC:J.N1	DA:J.C8	contact	False	2.4
132	0.000498274	DC:J.N1	DA:J.N9	contact	False	2.4
133	0.000489566	DC:J.C5'	DC:J.N1	contact	False	2.4
134	0.000483638	DC:J.C4	DA:J.N6	contact	False	1.4
135	0.000480692	DT:J.OP2	DT:J.N1	contact	False	3.7
136	0.000475046	DT:J.OP2	DT:J.C6	contact	False	3.6
137	0.000472732	DA:I.N1	DC:J.N3	contact	False	2.4
138	0.000467128	DG:I.C2	DC:J.C4	contact	False	1.4
139	0.000462042	DC:J.C3'	DC:J.C6	contact	False	1.3
140	0.000454521	DT:J.N1	DC:J.N4	contact	False	2.4
141	0.000453504	DT:J.C7	DC:J.N3	contact	False	2.4
142	0.000450423	DT:J.C5	DC:J.C4	contact	False	1.4
143	0.000443186	DT:J.O4	DC:J.C4	contact	False	1.4
144	0.000434858	DT:J.O3'	DC:J.C6	contact	False	1.3
145	0.000430779	DT:I.C4	DC:J.N4	contact	False	2.4
146	0.000428501	DG:I.N2	DC:J.N1	contact	False	2.4
147	0.000422121	DC:J.C5'	DC:J.C6	contact	False	1.3
148	0.000416692	DA:I.C2	DC:J.N3	contact	False	2.4
149	0.00041551	DT:J.N3	DC:J.C4	contact	False	1.4
150	0.000406932	DA:I.C5	DC:J.N3	contact	False	2.4
151	0.000401412	DC:J.N1	DA:J.N3	contact	False	2.4
152	0.000398201	DT:J.C1'	DC:J.N4	contact	False	2.4
153	0.000395534	DG:I.C2	DC:J.N1	contact	False	2.4
154	0.000376782	DT:J.C5	DC:J.C6	contact	False	1.3
155	0.000362652	DC:J.O3'	DC:J.N1	contact	False	2.4
156	0.000344771	DT:J.C2	DC:J.N1	contact	False	2.4
157	0.000332227	DC:J.C3'	DC:J.N1	contact	False	2.4
158	0.000329769	DC:J.C2'	DA:J.N6	contact	False	4.2
159	0.000321205	DC:J.C2	DC:J.O2	covalent	False	2.8
160	0.000317632	DT:J.C2'	DC:J.N1	contact	False	2.4
161	0.000307743	DT:I.O4	DC:J.N4	contact	False	2.4
162	0.00030678	DT:J.C4	DC:J.N4	contact	False	2.4
163	0.000306633	DT:J.C1'	DC:J.C6	contact	False	1.3
164	0.000288837	DA:I.C6	DC:J.N3	contact	False	2.4
165	0.000274212	DC:J.N3	DA:J.C8	contact	False	2.4
166	0.000272509	DC:J.O2	DC:J.N3	contact	False	2.4
167	0.000263051	DG:I.N3	DC:J.N3	contact	False	2.4
168	0.000262011	DT:J.C4'	DC:J.C6	contact	False	1.3
169	0.000258969	DC:J.C4'	DC:J.C1'	contact	False	3.7
170	0.000250056	DC:J.C3'	DC:J.C1'	contact	False	3.7
171	0.000243597	DT:J.O4	DC:J.N4	contact	False	2.4
172	0.000241697	DT:I.O4	DC:J.C4	contact	False	1.4
173	0.000240739	DG:I.N1	DC:J.N1	contact	False	2.4
174	0.000239228	DG:I.C4	DC:J.N3	contact	False	2.4
175	0.00023813	DT:J.N3	DC:J.N1	contact	False	2.4
176	0.000223873	DT:J.O2	DC:J.N3	contact	False	2.4
177	0.000223524	DT:J.OP2	DT:J.C2'	contact	False	4.0
178	0.00021759	DG:I.N2	DC:J.C1'	contact	False	3.7
179	0.000213911	DG:I.C2	DC:J.N3	contact	False	2.4
180	0.000201256	DG:I.N1	DC:J.N3	contact	False	2.4
181	0.000200271	DT:I.C5	DC:J.N4	contact	False	2.4
182	0.000195521	DG:I.N1	DC:J.C4	contact	False	1.4
183	0.000192445	DT:I.C4	DC:J.C4	contact	False	1.4
184	0.000188727	DC:J.N1	DA:J.C4	contact	False	2.4
185	0.000188721	DT:J.C6	DC:J.N1	contact	False	2.4
186	0.00018716	DT:J.C3'	DC:J.N1	contact	False	2.4
187	0.000186928	DA:J.C4'	DT:J.OP2	contact	False	5.9
188	0.000183288	DT:J.OP2	DT:J.C1'	contact	False	4.3
189	0.000181327	DC:J.N1	DA:J.P	contact	False	2.4
190	0.000181263	DC:J.C5'	DC:J.C1'	contact	False	3.7
191	0.000171722	DG:I.N2	DT:J.O2	contact	False	4.6
192	0.000168642	DC:J.C1'	DC:J.C2	contact	False	2.8
193	0.000164943	DA:J.C5'	DT:J.OP2	contact	False	5.9
194	0.000164434	DA:J.C3'	DT:J.OP2	contact	False	5.9
195	0.000164155	DC:J.C2'	DC:J.C6	contact	False	1.3
196	0.000163564	DC:J.C1'	DA:J.OP1	contact	False	3.7
197	0.000155895	DT:J.C5	DC:J.N1	contact	False	2.4
198	0.000154982	DG:I.N2	DT:J.N3	contact	False	4.0
199	0.000153158	DC:J.N3	DA:J.N3	contact	False	2.4
200	0.000152492	DC:J.O4'	DC:J.C1'	covalent	False	3.7
