source,n_members,set,best_single_ORACLE,random_single,graph_chosen_single,random_set,mean_single
AATF,67,0.7456465363502502,0.6493828296661377,0.4744905525818467,0.5503793358802795,0.0005013479385524988,0.4562499847318699
ABCE1,103,0.5649256706237793,0.5096626877784729,0.20850039299111814,0.3523397743701935,0.30556403622031214,0.2628708927184615
ACTL6A,38,0.3596300184726715,0.31294694542884827,0.059924548002891244,0.020885806530714035,-0.01982598229078576,0.08753038885218925
AQR,67,0.5827183723449707,0.6121707558631897,0.19323485628701748,0.3689175844192505,0.11978211612440645,0.24347707586112752
BCR,7,-0.06152886152267456,0.15641474723815918,-0.01615688744932413,-0.09937122464179993,-0.03773164686281234,-0.022622883452900817
BUD13,80,0.6399369835853577,0.6580607295036316,0.2882178849889897,0.14216774702072144,-0.10256349999690428,0.2236298451985931
BYSL,101,0.6648232936859131,0.5669151544570923,0.3391080987639725,0.4952126145362854,-0.08316226023162017,0.29947602259004397
CCT7,43,0.4024776220321655,0.5434383153915405,0.10733676934614778,0.5175158381462097,-0.05978749548085034,0.07980322366753637
CDC5L,84,0.5807702541351318,0.5003745555877686,0.1985909037757665,0.12603209912776947,0.07759899041120662,0.2320216949918263
CDC73,37,0.34455540776252747,0.5411046743392944,0.10217610271647573,0.5342050790786743,0.022189011704176663,0.10343787833935002
CHAF1A,5,0.32270684838294983,0.4893731474876404,0.14275037362240256,0.4893731474876404,-0.019576725747901945,0.15397281367331744
CHAF1B,7,0.29396626353263855,0.4893731474876404,0.03558093118481338,0.4893731474876404,-0.015115859638899564,0.11211319347577435
CHMP2A,17,0.43104252219200134,0.6125102639198303,0.24429683620110154,0.3528790771961212,0.027860921970568598,0.12801675701185183
CHMP3,14,0.5819153189659119,0.6721938252449036,0.14355221055448056,0.6125102639198303,0.028818802314344794,0.20720801183155604
CNOT1,5,0.4185948669910431,0.4671729803085327,0.2598755191080272,0.4671729803085327,0.06351856652181595,0.20749701038002968
CNOT3,6,0.39595434069633484,0.4671729803085327,0.17995170261710883,0.4671729803085327,0.06534371776506305,0.17794515006244183
CPSF3,22,0.46434515714645386,0.5322088599205017,0.16015536912309472,0.04779321327805519,0.01475574488285929,0.1511634118902624
CPSF4,21,0.37328585982322693,0.33388960361480713,0.11933941340539604,0.2541636526584625,0.009294369025155902,0.10319907502049491
CPSF6,128,-0.021995268762111664,0.5141783356666565,-0.0005766668589785695,0.015979407355189323,0.1272795457392931,-0.005027118307054934
CTR9,40,0.3612348437309265,0.6883791089057922,0.16536814495921134,0.6883791089057922,-0.04419378330057953,0.0998674371818197
CWC15,76,0.7129091024398804,0.6046722531318665,0.3097170689608902,0.5277064442634583,-0.10664641261100768,0.30130574236299207
CWC22,74,0.4164242446422577,0.3699136972427368,0.19005503379739822,-0.0015636729076504707,-0.026554095582105218,0.1852776441169349
DDX10,23,0.5219603776931763,0.493984192609787,0.2750939154997468,0.19349947571754456,0.07193449246697128,0.2827914828515571
DDX18,37,0.6301684975624084,0.6959888339042664,0.28098474580328914,0.0947391465306282,-0.0284823642577976,0.2784861497253784
DDX41,5,0.3663291931152344,0.5947752594947815,0.11265021301805973,0.5947752594947815,0.046133441803976896,0.1659140929579735
DDX47,20,0.8032987117767334,0.7304613590240479,0.4999757558107376,0.6868518590927124,0.06668414333835244,0.5043725302442909
DDX52,21,0.5563617944717407,0.49184662103652954,0.3339158374816179,0.4618821442127228,0.09131994938943536,0.3317245660083635
DDX6,89,0.13228058815002441,0.24334435164928436,0.05101638939231634,0.06225062534213066,0.22188107669353485,0.05252401028717921
DHX15,51,0.46762815117836,0.4484858512878418,0.22095929440110923,0.13572758436203003,0.06410091519355773,0.17641830305550613
DHX16,65,0.6906360387802124,0.6580607295036316,0.28318959502503277,-0.01803833432495594,-0.1361512506380677,0.3035199437684451
DIMT1,64,0.5973371267318726,0.5232105255126953,0.3547901321202517,0.4768628776073456,0.04992909845896065,0.33604142717376817
DIS3,17,0.537531316280365,0.5156101584434509,0.2550252849236131,0.40706542134284973,0.08584619676694275,0.24232731891029022
DMAP1,31,0.4249534606933594,0.4975680708885193,0.16195538616739213,0.25743964314460754,0.01135096864309162,0.11805678302170558
DNAJC17,9,0.5432350635528564,0.41225114464759827,0.259563734382391,0.41225114464759827,0.04288324058579747,0.30225278106000686
DNAJC19,6,0.6925174593925476,0.6516066193580627,0.4405477285385132,0.3856041431427002,0.27818364426493647,0.4642220288515091
DNTTIP2,63,0.7990127801895142,0.7116278409957886,0.5654518156778068,0.6050840020179749,0.08799690436571836,0.4950865723954011
EIF2B2,10,0.6905564665794373,0.6262159943580627,0.32408614456653595,0.619592547416687,0.1223729318473488,0.3539922121912241
EIF2B3,9,0.6019762754440308,0.5414936542510986,0.3297500293701887,0.5244374871253967,0.08171016166452319,0.35038868462045986
EIF2B4,8,0.6985413432121277,0.619592547416687,0.4747601430863142,0.5933790802955627,0.1831860371399671,0.4466650439426303
EIF2B5,15,0.6129004955291748,0.6121262311935425,0.2058310029678978,0.5933790802955627,0.11074028618168086,0.23080903485727808
EIF2S1,66,0.3215801417827606,0.6413363218307495,0.10717114978469908,0.3166195750236511,0.4531285583972931,0.1314246626782485
EIF2S3,90,0.28736263513565063,0.6413363218307495,0.16630948893725872,0.09777439385652542,0.3894113481044769,0.13479654812383363
EIF3A,74,0.7320803999900818,0.642352819442749,0.2529227260034531,0.6273336410522461,0.1634868030436337,0.2734351344217823
EIF3B,81,0.5214512944221497,0.46331581473350525,0.22135590501129626,0.3501216173171997,0.09483591525349766,0.21008147568302515
EIF3D,65,0.048231616616249084,0.4122711718082428,0.0402755216229707,0.03051108866930008,0.16249208773951979,0.019217791878439198
EIF4E,28,0.1546252816915512,0.45636725425720215,0.04869927386753261,0.45636725425720215,0.07891582581214607,0.030018066837718443
EP400,32,0.16758446395397186,0.4975680708885193,0.08638885375112296,0.4952723979949951,0.04330182438716292,0.04435754486303267
ETF1,80,-0.053813256323337555,0.2726704180240631,-0.051361190946772696,-0.09401021897792816,0.29784721285104754,-0.030848302255617455
EXOC7,11,-0.07751960307359695,0.09230849891901016,-0.019176842458546162,-0.03679380565881729,-0.0657416597707197,-0.02384831722487103
EXOSC2,24,0.6991737484931946,0.7004241943359375,0.42095876336097715,0.08510471135377884,0.19997552856802941,0.2552322312258184
EXOSC3,20,0.6675243973731995,0.664546012878418,0.21697423812001942,0.664546012878418,0.15485945604741574,0.2592675332911313
EXOSC4,20,0.6861621141433716,0.6994981169700623,0.24621242340654134,0.6994981169700623,0.17643196173012257,0.25589716602116824
EXOSC5,25,0.5480961799621582,0.5967315435409546,0.16123134074732662,0.5967315435409546,0.17034874856472015,0.20602086343918927
EXOSC6,15,0.665245771408081,0.6645625233650208,0.2505003508646041,0.4808996319770813,0.17079152464866637,0.32274822297816474
EXOSC7,17,0.3772203326225281,0.40041571855545044,0.22196243023499845,0.3671135902404785,-0.028020083834417165,0.17138019697192838
EXOSC8,23,0.6841832399368286,0.7004241943359375,0.3407234448939562,0.5598181486129761,0.0858869468793273,0.23517326313151937
EXOSC9,21,0.5404936075210571,0.5541813373565674,0.19119429001584648,0.5216314792633057,0.1562190752476454,0.2017105145690342
FAM50A,9,0.23228302597999573,0.28428059816360474,0.09804012209642679,0.2326309084892273,-0.04147359803318977,0.09771550759776598
FARSA,4,0.23049190640449524,0.40842729806900024,0.1623219722881913,0.40842729806900024,-0.012422609468922019,0.1170726204290986
FARSB,3,0.24886848032474518,0.40842729806900024,0.21357906125485898,0.40842729806900024,-0.02624799394980073,0.14345530172189078
FAU,164,0.6021111607551575,0.5781882405281067,0.19867928722524084,0.5417947769165039,-0.10041859871707856,0.19086761767468444
FBL,74,0.7527719140052795,0.6718743443489075,0.480622685700655,0.567865788936615,0.10132614080794156,0.38653697432144674
FCF1,62,0.7909294366836548,0.6858241558074951,0.45325682163238523,0.37970536947250366,0.04440622224938125,0.5021761282677611
FTSJ3,80,-0.0014913049526512623,0.16603483259677887,-0.00604465245269239,0.04145635664463043,0.09646757781156338,-0.0005337319104000926
GAB2,6,-0.07827265560626984,-0.007251294795423746,-0.03642827603034675,-0.04207387939095497,-0.014497282408410684,-0.03443214988025526
GATA1,3,0.2806010842323303,0.4439193606376648,0.17744180634617807,-0.1277577430009842,0.04897689716890454,0.16183567543824515
GINS1,21,0.5342039465904236,0.553336501121521,0.2285428333096206,0.43886739015579224,-0.10450966571079334,0.17749236603932722
GPN1,19,0.5349692702293396,0.5040572285652161,0.14323224914842286,0.14065594971179962,-0.012511558843834791,0.21558404876237833
GPN2,5,0.43838125467300415,0.360000878572464,0.3073934331536293,0.33133620023727417,0.08351924019516446,0.2989920437335968
GPN3,29,0.6489806771278381,0.6187485456466675,0.24690242428332568,0.12081818282604218,0.13066642684862018,0.24002622723065573
GTF2A1,57,0.37640970945358276,0.2954022288322449,0.17441392177715898,0.18250685930252075,0.13051861114799976,0.16101773664878125
HBS1L,88,0.053777966648340225,0.3851333558559418,0.009632262820377945,-0.015443599782884121,0.41125886142253876,0.028170663253976356
HEATR1,57,0.6090350151062012,0.6222516894340515,0.3945246279239655,0.3601634204387665,0.25756329111754894,0.40056402118582474
HGS,39,0.18345969915390015,0.273215651512146,0.0368038026150316,-0.03379565849900246,0.05662611465668306,0.037621696097537495
HNRNPC,64,0.11394679546356201,0.20840370655059814,0.004294844780815765,0.0666186511516571,0.06387551367370178,0.019354197864231537
HSPA5,22,0.1210782527923584,0.4265866279602051,0.021523564588278532,0.02566467970609665,-0.06677857485337882,0.029459204143759878
HSPA9,20,0.5498784780502319,0.6516066193580627,0.14900458013871684,0.1757097989320755,0.09837484901072457,0.1810890276276041
IARS2,9,0.04710002616047859,0.1848265826702118,0.01733864676207304,-0.007986518554389477,-0.010868606460280716,0.017843857407569885
IMP4,74,0.7898645997047424,0.6993524432182312,0.4473215420730412,0.5993835926055908,0.08301974781497848,0.46673085553118504
INTS2,26,0.6041317582130432,0.7170311212539673,0.27002972196787595,0.05523787811398506,0.2342365499585867,0.23242405207397845
INTS4,26,0.40366148948669434,0.5761328339576721,0.16827266635373234,0.3073248565196991,0.10949588390067219,0.1558521964515631
INTS5,27,0.4159327745437622,0.6648555397987366,0.14655095199123025,0.12207979708909988,0.12919520102441312,0.15249269824750997
INTS7,26,0.43587324023246765,0.5642908215522766,0.12549353931099178,0.3073248565196991,0.12188410675153136,0.16777071543037891
INTS8,26,0.48497623205184937,0.7170311212539673,0.2255284994840622,0.10063721984624863,0.18883471004664898,0.18869051944392806
INTS9,27,0.4554356038570404,0.5761328339576721,0.22343599992454982,-0.0018548312364146113,0.14751187014626338,0.17135271830570506
KPNB1,40,0.16558881103992462,0.2544023394584656,0.015584483393467963,0.0771254152059555,-0.0017173308762721718,0.033209731405077034
KRR1,125,0.7717843651771545,0.6825315356254578,0.33452205194626006,0.6625720858573914,-0.13276108745485543,0.3619411960504949
LSM2,70,0.7225313186645508,0.6793377995491028,0.3594830119982362,0.6793377995491028,-0.029473817744292318,0.3015070669263618
LSM6,74,0.7136690020561218,0.7051506638526917,0.2954381711781025,0.5056551694869995,-0.014107072120532393,0.28584254802380865
MAX,23,0.1368875354528427,0.43310853838920593,0.007979977317154408,0.024336284026503563,0.07170757649000734,0.032600543421247734
MED1,59,0.6899462938308716,0.667754590511322,0.31655675210058687,0.5222448110580444,0.33955497294664383,0.2932393453320709
MED10,55,0.6506638526916504,0.6179677248001099,0.3014922317117453,0.4031056761741638,0.31345503553748133,0.2854571160945025
MED11,56,0.6385192275047302,0.6243773698806763,0.37045417055487634,0.4884844124317169,0.31879489198327066,0.27828649496327024
MED12,25,0.745822012424469,0.7000941634178162,0.30775183290243147,0.6387524008750916,0.4656836226582527,0.3744184738025069
MED14,58,0.5675286650657654,0.5458549857139587,0.31695214975625274,0.5222448110580444,0.3602980703115463,0.24536687450419212
MED17,57,0.687333345413208,0.6888316869735718,0.33915115259587764,0.5208269357681274,0.42017682641744614,0.30624085315094707
MED19,58,0.6306701302528381,0.6778301000595093,0.3228427535810624,0.6183028817176819,0.3946707397699356,0.2721933842268331
MED20,55,0.5827698707580566,0.5299074649810791,0.2862153513357043,0.49920976161956787,0.2882261581718922,0.2553416432982141
MED21,58,0.6033234000205994,0.604425847530365,0.3012034293264151,0.3703164756298065,0.3386102892458439,0.255059276964387
MED22,61,0.6019802093505859,0.6340479254722595,0.2787726979702711,0.5040506720542908,0.38684415966272356,0.23557106139649805
MED28,56,0.5781627893447876,0.5683525800704956,0.2646589952521026,0.5224028825759888,0.30447538793087003,0.25646585448911147
MED29,62,0.5007318258285522,0.452138751745224,0.19705362941604107,0.35609352588653564,0.23478030264377595,0.1935528279207046
MED30,56,0.7494361400604248,0.7000941634178162,0.2763165157288313,0.5857053995132446,0.46640307903289796,0.32257579386766466
MED4,60,0.5718790888786316,0.5857053995132446,0.16031342316418887,0.35609352588653564,0.33837412893772123,0.22961574306245894
MED6,55,0.674554169178009,0.64300137758255,0.35167511496983933,0.600214421749115,0.36347356885671617,0.29580836120082743
MED7,53,0.6952196359634399,0.696004331111908,0.2578041348606348,0.6557561159133911,0.4572572484612465,0.3167297066066344
MED9,57,0.6940323114395142,0.69291090965271,0.2697265472263098,0.6183028817176819,0.4226564273238182,0.3066546214058211
MPHOSPH10,83,0.6045519113540649,0.5291804671287537,0.3471842149272561,0.5098729133605957,-0.013715740479528903,0.34209205265190584
MRPS14,70,0.27078723907470703,0.21211650967597961,0.08048963617184199,0.10405007749795914,0.01405623839236796,0.08395900977858609
NAA38,14,0.7171830534934998,0.7051506638526917,0.22755925115197898,0.518436074256897,-0.028395380638539792,0.3513889318065984
NACA,49,0.20589861273765564,0.33122676610946655,0.12424351298250258,0.20978949964046478,0.32118537202477454,0.10807192645852967
NAT10,81,0.5258182287216187,0.4574907720088959,0.30686441361904143,0.40168794989585876,0.04085244748857804,0.27535692333347267
NCBP1,72,0.15332914888858795,0.5987569093704224,0.01121134110726416,0.5987569093704224,0.02274133376777172,0.04809693903775446
NCBP2,71,0.2273111194372177,0.5987569093704224,0.05011302536004223,0.5987569093704224,0.07448079017922282,0.06876685208725844
NDUFA2,25,-0.31702497601509094,-0.018261106684803963,-0.12708581238985062,-0.13141091167926788,-0.21699925921857358,-0.10471576906740665
NEDD8,19,0.3135872483253479,0.3194252550601959,0.10094929486513138,0.2883843183517456,0.01869850138318725,0.09200981725007296
NOC4L,72,0.5273948907852173,0.4574430584907532,0.3586777847260237,0.4544658660888672,0.015348395647015423,0.32636531721800566
NOL11,64,0.5878039002418518,0.6222516894340515,0.26277654701843856,0.3661332130432129,0.08648516624234617,0.36343469182611443
NOL6,63,0.7757092714309692,0.6766031384468079,0.5249051585793495,0.4140413701534271,0.0747018376365304,0.48494738230984363
NOP14,60,0.510983943939209,0.4240376353263855,0.2874989045783877,0.2622382938861847,-0.019035152706783263,0.30270932540297507
NOP2,64,0.6038669347763062,0.5360682606697083,0.25914532523602246,0.4886051118373871,0.04769126134924591,0.2541713732643984
NPLOC4,5,-0.10288631170988083,0.003999552223831415,-0.04636051489505917,0.003999552223831415,-0.046248441492207346,-0.04556546090170741
NUDT21,8,0.15815629065036774,0.5141783356666565,0.10821044943295419,0.5141783356666565,0.07264217318152077,0.06545093341264874
NUP62,41,0.3547206521034241,0.46430525183677673,0.11363151400000789,0.46430525183677673,-0.07090537904296071,0.0804843361427008
NUTF2,15,0.37076646089553833,0.3138599097728729,0.11419604674447328,-0.009395672008395195,0.0004672300143283792,0.11709880322838823
OGT,31,-0.004586144350469112,0.04259173199534416,0.0003742419648915529,0.006633916404098272,-0.026084711306975806,-0.001251340378075838
PABPN1,24,0.14949476718902588,0.15812109410762787,0.028966639703139663,0.10013464093208313,-0.008164658816531301,0.03639147262826251
PAF1,39,0.422443687915802,0.6883791089057922,0.13832011783961207,0.6883791089057922,0.06292810098675546,0.12382433610036969
PAM16,5,0.43919169902801514,0.4142557978630066,0.303677099943161,0.3856041431427002,0.11907519598025829,0.30472679138183595
PCNA,34,0.5103943347930908,0.47805631160736084,0.19244803530164062,0.28527745604515076,-0.09005924833472818,0.15841148440342614
PDCD11,80,0.7656424045562744,0.6868518590927124,0.3714979588985443,0.6800627708435059,0.009501470904797315,0.374022003938444
PHF5A,93,0.4893202483654022,0.4120030701160431,0.18652990106493234,0.29063838720321655,0.03489728750428185,0.18681795172072868
PLRG1,77,0.7034778594970703,0.6076332330703735,0.3065815033391118,0.39830923080444336,-0.003290863148868084,0.2938835017213767
PMPCB,9,0.31620877981185913,0.3721705675125122,0.13528032996691763,0.3721705675125122,-0.0032243777764961123,0.12449095491319895
PNO1,78,0.7259879112243652,0.6365847587585449,0.3516293144784868,0.606923520565033,-0.021480996254831554,0.4274269321049826
POLE,34,0.46542778611183167,0.47805631160736084,0.1604037782177329,0.05645953491330147,-0.0961540078977123,0.1547762075685622
POLR1A,15,0.28865721821784973,0.5043179392814636,0.13757563093677164,0.0117310406640172,0.04541896868031472,0.10149005794276794
POLR1B,13,0.4260556995868683,0.5043179392814636,0.15120756011456252,0.03693287819623947,0.06350209584925323,0.16095118367901215
POLR2B,102,0.6669923067092896,0.6109888553619385,0.2344622164964676,0.11142537742853165,0.2054023563861847,0.23414081143324866
POLR2C,92,0.6478208303451538,0.5942521095275879,0.19436521343886853,0.5596116185188293,0.2777725696563721,0.23120227740677682
POLR2G,90,0.712500274181366,0.6363973021507263,0.22785236537456513,0.4057598412036896,0.29726280495524404,0.2507042313486131
POLR2H,99,0.6574934124946594,0.6363973021507263,0.22290118932723998,0.09523633867502213,0.25265117511153223,0.20945932001646872
POLR2I,81,0.5094351172447205,0.5447797775268555,0.1672739981673658,0.4526045620441437,0.1891248680651188,0.19135610527433686
PPIE,66,0.6083207130432129,0.5428870916366577,0.21705921553075314,0.11807609349489212,-0.050684223603457215,0.25544928578716336
PRPF3,67,0.6936220526695251,0.6247884631156921,0.33841871772892773,0.5372067093849182,0.03384853824973107,0.2710608694565121
PRPF4,66,0.6938835978507996,0.6153564453125,0.2344419446424581,0.5778516530990601,-0.014538723113946616,0.2838720120665984
PSMA3,27,0.6080756783485413,0.5549121499061584,0.26157029829919337,0.2917152941226959,0.018471399223199115,0.22992987689320687
PSMA4,30,0.6063573360443115,0.5549121499061584,0.21699823252856731,0.33436229825019836,0.011699547495209118,0.2074404261695842
PSMB2,25,0.5150471925735474,0.42852577567100525,0.1821784452535212,0.313498854637146,0.03779383001383394,0.21081747962161898
PSMB3,28,0.34158745408058167,0.2917152941226959,0.10603884346783161,0.1855088621377945,-0.0006217582209501416,0.1287052928070937
PSMB5,26,0.6000036001205444,0.5198734402656555,0.25307870488613843,0.23975256085395813,0.04294028793810867,0.237183666573121
PSMB6,25,0.6041316986083984,0.5022293329238892,0.2526783131019329,0.32576656341552734,0.028533420035091694,0.24565828337916173
PSMC1,25,0.6190672516822815,0.6339612007141113,0.24904227070510387,0.24124479293823242,0.16097903475165368,0.2501709958910942
PSMC2,27,0.6080437898635864,0.5824604034423828,0.235397975333035,0.5824604034423828,0.15072574969381095,0.24189063679012987
PSMC3,35,0.3009668290615082,0.2754119336605072,0.11813065968453884,0.24124479293823242,-0.00779107438866049,0.09303679360974847
PSMC4,29,0.5992025136947632,0.6339612007141113,0.24242836935445666,0.6339612007141113,0.03803231627680361,0.2098219413792008
PSMC6,30,0.45142462849617004,0.4501568078994751,0.17590244016610085,0.1988755166530609,0.0885404511471279,0.1563289572795232
PSMD11,27,0.5244802236557007,0.47140106558799744,0.17978883245959879,0.3281325697898865,0.05654948596493341,0.19995880989288842
PWP2,64,0.5271233320236206,0.44865477085113525,0.346357275173068,0.4304637610912323,-0.03742951725143939,0.33067715480865445
RAE1,31,0.09026595950126648,0.24736374616622925,0.052164855203591286,0.24736374616622925,-0.05078240180737339,0.024433432700818464
RBM14,47,0.07967714965343475,0.19567428529262543,0.020466213359031826,0.04011814668774605,-0.013876806781627237,0.012323492940631599
RBM25,37,0.27293428778648376,0.41055694222450256,0.020702571887522937,0.41055694222450256,-0.002438374223129358,0.057188387104385605
RCL1,58,0.712827205657959,0.6170121431350708,0.5048981386236846,0.5557416081428528,0.07178500893060118,0.4566484120321171
RIOK1,48,0.7172669768333435,0.6450116634368896,0.16065320493653418,0.6137906908988953,0.08202613494358957,0.3656594208829726
RIOK2,41,0.7284313440322876,0.642410159111023,0.5337640326470137,0.5466136336326599,0.13509860318154096,0.4993294173079293
RNF113A,60,0.620024561882019,0.6136425137519836,0.34643321773037317,-0.01907431147992611,-0.12502540210261942,0.30043836740466456
RNF20,17,0.338781476020813,0.3270878195762634,0.09133851155638695,0.3270878195762634,0.09225157396867871,0.0962051653631908
ROMO1,5,0.3895559310913086,0.3540255129337311,0.2764669291675091,0.21756479144096375,0.04013734310865402,0.27374462187290194
RPAP1,7,0.4640919864177704,0.4466768205165863,0.2233817670494318,0.14017345011234283,0.05524619875941426,0.237095748473491
RPAP2,21,0.7322675585746765,0.6289423704147339,0.37593853955622764,0.5890254378318787,0.20209553092718124,0.37854962013218374
RPL10,111,0.6959786415100098,0.6552000641822815,0.23226395742967726,0.6383342742919922,0.08388861757848645,0.2763515196673505
RPL10A,110,0.6488704681396484,0.5897923111915588,0.3753714829683304,0.5754747986793518,0.06238751570926979,0.2878896476277574
RPL12,100,0.36865952610969543,0.3851333558559418,0.19042977885110304,0.3411486744880676,0.3117384187877178,0.1652602403028868
RPL14,134,0.779312789440155,0.727144181728363,0.2476648632902652,0.7254428267478943,0.12615761980414392,0.296794712439235
RPL15,167,0.5053519010543823,0.544343113899231,0.16339705185091588,0.4774891436100006,0.07671992471441627,0.18525943658935062
RPL17,191,0.7377045750617981,0.7570393085479736,0.2502294244244695,0.021282969042658806,-0.04308087171521038,0.217596297944696
RPL18,157,0.716841459274292,0.6911924481391907,0.19897589068859817,0.6802889704704285,0.03167944613378495,0.25763252350222915
RPL19,188,0.7564231753349304,0.7477732300758362,0.22944847675971686,0.7336993217468262,-0.02817001738585532,0.20896984498695212
RPL21,117,0.7163757085800171,0.665833592414856,0.18867311729118227,0.5693359971046448,0.13992374981753528,0.2936695122715229
RPL23,136,0.760398268699646,0.7428765296936035,0.2791995994746685,0.6358501315116882,0.18515488933771848,0.25139509711880237
RPL23A,167,0.7558721303939819,0.7340621948242188,0.23348947316408158,-0.01986314356327057,0.001968953863251954,0.2558808380070081
RPL24,113,0.7524450421333313,0.6939319968223572,0.2890892875846475,0.6668311357498169,0.06271361910039559,0.3060129767333248
RPL26,156,0.7369027137756348,0.6953076124191284,0.3140879936516285,0.6850053668022156,-0.04813236350892112,0.23307699002646423
RPL27,118,0.650534451007843,0.6138628721237183,0.32999022463336586,0.5443310737609863,0.16879941957013217,0.26406947136817155
RPL27A,159,0.7577472925186157,0.7366220951080322,0.29934901390224694,0.7159512639045715,0.027527633344288916,0.22925682590524638
RPL30,141,0.7221028208732605,0.6621196269989014,0.29516343302093445,0.6533279418945312,-0.02543855135445483,0.2851029024310806
RPL31,133,0.7660594582557678,0.7380837202072144,0.36393635384738443,0.7177165150642395,0.14889699779450893,0.2959694161913113
RPL34,114,0.7795938849449158,0.7168437838554382,0.4150000451132655,-0.008719496428966522,0.10957693993113934,0.32617489717647496
RPL35,131,0.570770800113678,0.5364211797714233,0.2266173515468836,0.5178688764572144,0.03813797514885664,0.20459366129810802
RPL35A,140,0.6991901397705078,0.6527419090270996,0.3849785150028765,0.5687448382377625,0.03815636695362627,0.2292941314750351
RPL36,173,0.7954930067062378,0.7515888810157776,0.34153053611516954,0.6661656498908997,-0.054488734994083646,0.28690618385340094
RPL37A,142,0.7186602354049683,0.6700652837753296,0.2485741924494505,0.5791022181510925,-0.016966888698516414,0.27773676494556204
RPL38,119,0.7576825618743896,0.6897454857826233,0.21222456344403326,0.6564514636993408,0.03854343520360999,0.307722907740341
RPL4,187,0.691179096698761,0.6752328872680664,0.24485735574853607,0.6661656498908997,-0.04843030089105014,0.24952484555243648
RPL5,192,0.7235313057899475,0.6720073819160461,0.2548184157349169,0.43120986223220825,-0.006155393365770578,0.2096061641423148
RPL6,147,0.7926155924797058,0.7570393085479736,0.15264285593293608,0.7477732300758362,0.04750244403257966,0.26234397173583585
RPL7,123,0.7587476372718811,0.6945016384124756,0.41876142292749136,0.6128363609313965,0.0983965874183923,0.30559967151025264
RPL8,137,0.7544488906860352,0.712125837802887,0.3144913544878364,0.7006074786186218,0.0685559950361494,0.2869586726246116
RPP14,14,0.2968655824661255,0.30144208669662476,0.09700843072496354,0.30144208669662476,-0.040528088924475014,0.10243657277897
RPP40,17,0.4571886956691742,0.4564304053783417,0.1254087399924174,0.36601704359054565,-0.0775011065416038,0.14582164215800517
RPS10,147,0.5749529600143433,0.5518540740013123,0.20374767472967506,0.5518540740013123,-0.03436804712400772,0.2200208706258587
RPS11,191,0.8020247220993042,0.7411892414093018,0.36599641693755985,0.7190338373184204,-0.18108581751585007,0.2890687567907367
RPS12,160,0.7769259214401245,0.7172913551330566,0.4174809271469712,0.6619282960891724,-0.17891138717532157,0.33763454102736434
RPS13,175,0.7977438569068909,0.7423771619796753,0.25521896677091715,0.6039187908172607,-0.1744734026491642,0.3289675935840101
RPS15A,165,0.7778657078742981,0.7196320295333862,0.4211802477017045,0.6879395842552185,-0.1606401911005378,0.32688913655213336
RPS16,254,0.6754151582717896,0.6321769952774048,0.18133214086701627,0.6201501488685608,-0.2806267268955708,0.20594911551076414
RPS18,192,0.7853038907051086,0.7372245192527771,0.3072218900546432,0.7190338373184204,-0.1521708894520998,0.27578214144765906
RPS19,196,0.8176229596138,0.769359290599823,0.43789463210850954,0.769359290599823,-0.19198450781404972,0.31090262581057354
RPS19BP1,55,0.6273643374443054,0.5338400602340698,0.4177766863256693,0.4423271119594574,0.06771332488860934,0.38502461523325604
RPS23,170,0.7452501654624939,0.6848452091217041,0.38327269433066247,0.5921615362167358,-0.1253610632265918,0.30555518948625404
RPS24,171,0.8179237246513367,0.7658355832099915,0.4352386129554361,0.6510634422302246,-0.15715867150574922,0.3366511046766625
RPS26,129,0.7120867371559143,0.7013454437255859,0.16270452592398216,0.6079325675964355,0.057924069184809926,0.2682486127625114
RPS27,156,0.6448637843132019,0.5911056995391846,0.2418590711429715,0.5732365846633911,-0.029558172170072793,0.28756914935650296
RPS27A,209,0.7846884727478027,0.732072651386261,0.2547895173542202,0.16503049433231354,-0.12018655827268958,0.25651523101023227
RPS28,171,0.7191692590713501,0.6743073463439941,0.39037417992949486,0.5727525949478149,-0.15164307728409768,0.29625226015276795
RPS3,179,0.773049533367157,0.7501826286315918,0.2885376174002886,0.6138697266578674,-0.14461799953132867,0.24608804159875772
RPS4X,169,0.8226613998413086,0.7652085423469543,0.33322222335264085,0.7257598638534546,-0.09173681216780097,0.33373523699450336
RPS5,169,0.7558550834655762,0.6977010369300842,0.3453792150132358,0.5982879400253296,-0.15774365812540053,0.3177596367702726
RPS6,212,0.8108196258544922,0.769359290599823,0.3516077321022749,0.6983405351638794,-0.20289234407246112,0.30106459715054096
RPS7,174,0.7954511046409607,0.7352044582366943,0.26075926553457973,0.6879395842552185,-0.047122628125362095,0.3273781163175724
RPS9,226,0.758526623249054,0.7067398428916931,0.3786571230739355,0.6983405351638794,-0.2613327600061893,0.2417356347597196
RRM1,4,0.16790837049484253,0.3059898316860199,0.1216824285686016,0.3059898316860199,-0.03309489781968296,0.08402186259627342
RRN3,12,0.3852914571762085,0.45255526900291443,0.08177682179957628,0.09335196018218994,-0.004437979659996927,0.15534212657560906
RRP12,51,0.7096208930015564,0.6357066631317139,0.517076376080513,0.5396837592124939,0.12926052063703536,0.41724614620975714
RRP7A,62,0.503889799118042,0.4609893560409546,0.29487703926861286,0.4140413701534271,0.12692983569577337,0.3188384418045321
RTF1,29,0.2191450446844101,0.5168001055717468,0.06873178462265059,0.5168001055717468,0.014827487437287346,0.07673201041199781
RUVBL1,61,0.10568737983703613,0.5093536376953125,0.022293994668871164,-0.11238737404346466,0.02159063017461449,0.01889593623717865
SAMM50,5,0.3627767860889435,0.42655596137046814,0.26299723200500014,0.06685883551836014,0.013090362408547662,0.1839326187968254
SAP18,40,-0.05162223055958748,0.16483895480632782,0.012730129342526198,0.14371785521507263,-0.044462914718315004,-0.010102741391165182
SETD1A,7,0.07542971521615982,0.15170849859714508,0.008840983361005783,0.03491431847214699,0.0854685221798718,0.02855623885989189
SF3B5,95,0.6064536571502686,0.5674804449081421,0.19990194514393805,0.5155075192451477,-0.03202337883412838,0.22544809703862195
SFPQ,13,-0.03164491802453995,0.19567428529262543,-0.039443235378712416,-0.06655755639076233,-0.02052856595837511,-0.008611327610336818
SLBP,12,0.0893644466996193,0.2829538881778717,0.04870052153710276,-0.014168750494718552,0.018200836535834243,0.027238156064413488
SLU7,51,0.7047694325447083,0.6121707558631897,0.24215822778642176,0.37093836069107056,-0.0008340875152498484,0.2717004199055772
SMC1A,10,0.3474840521812439,0.5466637015342712,0.032821631070692095,0.41179195046424866,-0.0839756339788437,0.1163872551289387
SMC3,5,0.4253895878791809,0.5466637015342712,0.27542900131084025,0.5466637015342712,0.0384694380016299,0.2141239596530795
SMG5,4,0.16858907043933868,0.2710624039173126,0.08273416077718139,0.2710624039173126,-0.0021561840763752115,0.08372093131765723
SMU1,56,0.37448328733444214,0.4024941921234131,0.17158554519992322,0.2480008453130722,0.12010793087538332,0.16757535026512674
SNRNP70,77,0.3387208580970764,0.4723498225212097,0.09351645465940236,0.3305823802947998,0.05537567054852843,0.09217162295955221
SNRPA1,103,0.648552417755127,0.5993916392326355,0.22551351832516958,0.5783621668815613,-0.20999857569113373,0.24873965687075522
SNRPC,133,0.28129786252975464,0.46069538593292236,0.06622990858741104,0.1606300324201584,0.07391771678812802,0.07526461285142022
SNRPD1,119,0.6296717524528503,0.6405268907546997,0.2533370088785887,0.6405268907546997,-0.018690408067777754,0.2130845527178334
SNRPE,133,0.6439669728279114,0.6351736187934875,0.26887292554602027,0.38921964168548584,-0.14232828326057642,0.19974642566009598
SNRPF,172,0.6932991743087769,0.6405268907546997,0.16877051601186394,0.4148644208908081,-0.16414532344788313,0.18565038017397964
SPC24,10,0.38965338468551636,0.5103262066841125,0.17946590408682822,0.5103262066841125,-0.1011150480248034,0.1488976489752531
SPC25,11,0.40422913432121277,0.5103262066841125,0.19672781303524972,0.5103262066841125,-0.06591138895601034,0.14627339411526918
SRRT,54,0.2006411850452423,0.4786722958087921,0.031595532223582266,-0.07158026099205017,0.03988997710403055,0.04780778269007526
SRSF1,92,0.18567797541618347,0.2023514360189438,0.06018136581405997,0.03584457188844681,0.11084597837179899,0.043762409035717494
SSRP1,165,0.25475645065307617,0.5986148118972778,0.0569674659636803,0.07250485569238663,0.08948021326214076,0.0406885842273892
SUPT16H,40,0.4058731496334076,0.5986148118972778,0.1268355331150815,0.5986148118972778,0.17369328252971172,0.10307471579872071
SUPT4H1,32,0.16910646855831146,0.21424071490764618,0.07306936434470117,0.122157983481884,-0.013854764914140106,0.05789651300801779
SUPT5H,74,0.49867403507232666,0.5741043090820312,0.02694783891784027,0.3314456641674042,0.285333888977766,0.1208427627822636
SUPT6H,33,0.38456064462661743,0.5741043090820312,0.119861498195678,0.5741043090820312,0.35533246025443077,0.1342690982714747
SYMPK,20,0.4706866145133972,0.5322088599205017,0.15856642359867693,0.5322088599205017,0.052676224207971245,0.149112428445369
TAF1,64,0.42207664251327515,0.4516576826572418,0.16942120087333024,0.16513662040233612,0.12437199279665948,0.1576871157376445
TAF10,61,0.3997983932495117,0.4057596027851105,0.10679122989531606,0.3672436475753784,0.1313132554292679,0.1590984508839625
TAF12,62,0.4978691339492798,0.4037843346595764,0.15925818383693696,0.3672436475753784,0.2897527992725372,0.19495929391573993
TAF2,61,0.3259250819683075,0.45908159017562866,0.15547131216153504,0.3800753653049469,0.019877891190117226,0.13078811363179665
TAF5,60,0.3345298767089844,0.35028108954429626,0.10852093826979399,0.305254191160202,0.12375677358359098,0.13544472630189072
TAF6,70,0.3318573534488678,0.3899162709712982,0.13743202737532556,0.09038625657558441,0.07434431943111122,0.11588920428018484
TAF7,69,0.16000662744045258,0.16513662040233612,0.06909750174963847,0.09038625657558441,0.08756470000371337,0.05663989030459113
TAF8,52,0.3202599883079529,0.45908159017562866,0.14488944187760353,0.08817055076360703,0.009720019373344258,0.14716395685592523
TBL3,59,0.5887160301208496,0.48951828479766846,0.33910509794950483,0.46584102511405945,-0.021632142827729694,0.3790326911514088
TERF2,16,-0.002482225652784109,0.3169832229614258,0.008462612796574832,0.028460636734962463,0.028244511722004973,-0.0005766410613432527
THOC2,10,0.45475348830223083,0.44581282138824463,0.2017318951897323,0.15369673073291779,0.004382204625289887,0.17330842157825826
THOC5,17,0.33239808678627014,0.44356006383895874,0.10902404203079641,0.06299103051424026,-0.019100957598448078,0.09643645740716773
TIMM44,5,0.4085407257080078,0.38668546080589294,0.2541955545544624,0.2179139107465744,0.13993803452467546,0.2856927663087845
TOMM22,9,0.22629015147686005,0.2200220227241516,0.0904323413502425,0.08730372041463852,0.028451536770444364,0.08860134157455629
TPR,31,0.20170876383781433,0.3471410870552063,0.0890684044919908,-0.056496791541576385,-0.06305378268007189,0.05368240072482055
TRRAP,40,0.09497451782226562,0.4952723979949951,-0.008735651662573219,-0.02760845609009266,0.16840910259634256,0.02143135462538339
TSG101,21,0.41972124576568604,0.6553642749786377,0.1563573340885341,0.25482434034347534,-0.027278492273762823,0.10243510357325986
U2AF1,12,0.25509557127952576,0.3663807511329651,0.03290439508855343,0.20112013816833496,-0.07942948266863822,0.0793826204414169
U2SURP,40,0.2766572833061218,0.3608282804489136,0.06908119930885732,0.3608282804489136,0.040934880106942725,0.05810491471784189
UBA1,13,-0.07929527014493942,0.02850336581468582,-0.023220074662822297,0.02719872072339058,-0.09793817978352308,-0.025352883936228372
UBAP1,14,0.33406540751457214,0.38216036558151245,0.07663808763027191,0.3584322929382324,0.03256699453340843,0.1196348781564406
UPF1,49,0.1521323174238205,0.5136449337005615,0.017310600398923272,0.016510365530848503,-0.014304201165214182,0.026299883827700148
UTP15,60,0.5628207325935364,0.5998128056526184,0.32473526895046234,0.46050262451171875,0.23976703509688377,0.34416746891414124
UTP23,55,0.4441803991794586,0.49315690994262695,0.12905237609520553,0.06264177709817886,-0.042594473727513106,0.13251656627028502
UTP6,59,0.67197585105896,0.5793483257293701,0.4431327968835831,0.4714055359363556,-0.01852352423593402,0.42533904206702267
VPS28,19,0.490339070558548,0.6721938252449036,0.135630386415869,0.5895834565162659,0.006750545743852854,0.13895946594053193
VPS35,17,-0.020726071670651436,0.22727803885936737,-0.013956731650978327,0.22727803885936737,-0.04442435159580782,-0.005712290787521531
WDR3,67,0.7252742648124695,0.6247413754463196,0.4407183859497309,0.5852905511856079,0.0080654077231884,0.4197030423848487
WDR36,68,0.7408115267753601,0.6390138864517212,0.48582148645073175,0.6057027578353882,-0.010496470762882381,0.43527766840313287
WDR5,52,0.21911266446113586,0.23910263180732727,0.04349267614306882,-0.02760845609009266,-0.05137729500420392,0.0390779279850204
WDR75,62,0.5741360187530518,0.5832952857017517,0.42302123103290795,0.4387757480144501,0.22541011013090612,0.3525905162696877
WDR82,28,0.23596060276031494,0.297193318605423,0.02213458209298551,0.08278948813676834,0.15889836298301815,0.05662490058291171
XAB2,67,0.5995569825172424,0.6032508015632629,0.21820897879078985,0.43822193145751953,-0.14548693802207707,0.2608039607224402
XPO1,27,0.19885693490505219,0.3757494390010834,0.04805343388579786,-0.07860905677080154,0.05509482813067734,0.047912461320973106
ZFC3H1,36,0.48839789628982544,0.5113092064857483,0.10548149226233364,0.05266040191054344,0.011584516405127943,0.12147596995863649
