pid	gene	second_opinion	agree	retrieval	calibrated_rate
915	FPGS	FPGS	True	thin retrieval	0.782
1304	MCOLN1	MCOLN1	True	full retrieval	0.796
314	MMP3	MMP3	True	thin retrieval	0.782
920	FGFR3	NONE	False	thin retrieval	0.370
890	SLC5A6	SLC5A6	True	full retrieval	0.796
265	PLA2G6	PLA2G4A	False	thin retrieval	0.370
409	DPM1	DPM1	True	thin retrieval	0.782
309	MMP13	MMP13	True	thin retrieval	0.782
243	ABHD16A	PLA2G4A	False	thin retrieval	0.370
68	POLR3A	POLR3A	True	full retrieval	0.796
1064	CYP2E1	CYP2A6	False	full retrieval	0.741
827	CAPN1	NONE	False	thin retrieval	0.370
60	PNP	PNP	True	thin retrieval	0.782
1350	PPP1CB	PPP1CB	True	full retrieval	0.796
784	SLC27A5	SLC27A2	False	full retrieval	0.741
394	TNPO3	KPNB1	False	thin retrieval	0.370
1245	ESCO1	ESCO1	True	full retrieval	0.796
710	ALAS1	ALAS1	True	full retrieval	0.796
541	ZDHHC20	ZDHHC20	True	thin retrieval	0.782
521	FIG4	FIG4	True	thin retrieval	0.782
739	SRC	SRC	True	thin retrieval	0.782
866	COASY	COASY	True	full retrieval	0.796
94	PRDX5	PRDX5	True	thin retrieval	0.782
1102	CYP4F3	CYP4F3	True	full retrieval	0.796
257	PLA2G4A	PLA2G6	False	thin retrieval	0.370
88	ADAM17	ADAM17	True	thin retrieval	0.782
666	INPP5A	INPP5A	True	thin retrieval	0.782
1364	TXN	TXN	True	thin retrieval	0.782
994	DOHH	DOHH	True	full retrieval	0.796
1200	TPMT	INMT	False	thin retrieval	0.370
940	EXT1	EXT1	True	thin retrieval	0.782
1081	ABCB1	ABCB1	True	thin retrieval	0.782
1269	MMP3	MMP19	False	thin retrieval	0.370
236	LCLAT1	LPGAT1	False	thin retrieval	0.370
565	XPO1	XPO1	True	thin retrieval	0.782
132	MRI1	MRI1	True	thin retrieval	0.782
951	NDST1	NDST1	True	thin retrieval	0.782
174	MTCH2	NONE	False	thin retrieval	0.370
1154	NOTCH1	NONE	False	thin retrieval	0.370
412	PIGB	PIGB	True	thin retrieval	0.782
1073	CTSL	CTSS	False	thin retrieval	0.370
1334	HLCS	HLCS	True	full retrieval	0.796
760	AKR1C4	AKR1C4	True	full retrieval	0.796
1067	CYP2F1	CYP2E1	False	full retrieval	0.741
815	HSD3B7	HSD3B7	True	thin retrieval	0.782
1112	ALOX15	ALOX15	True	thin retrieval	0.782
1162	HYAL4	HYAL1	False	thin retrieval	0.370
789	IPO7	KPNB1	False	thin retrieval	0.370
238	PNPLA7	PNPLA6	False	thin retrieval	0.370
310	CYP3A4	CYP3A4	True	full retrieval	0.796
492	PIK3CA	PIK3CA	True	full retrieval	0.796
709	LCT	LCT	True	full retrieval	0.796
619	SULT1C2	SULT1A1	False	thin retrieval	0.370
1360	KDM1A	KDM1A	True	full retrieval	0.796
1016	CYP2R1	CYP2R1	True	full retrieval	0.796
370	GBA1	GBA1	True	thin retrieval	0.782
592	PLTP	NONE	False	thin retrieval	0.370
207	ABCA4	ABCA4	True	thin retrieval	0.782
1283	GUCA1A	NONE	False	full retrieval	0.741
1086	PRXL2B	PRXL2B	True	thin retrieval	0.782
804	AKR1D1	AKR1D1	True	full retrieval	0.796
764	ANP32A	NONE	False	full retrieval	0.741
520	INPP4B	INPP4B	True	thin retrieval	0.782
851	TPK1	TPK1	True	full retrieval	0.796
336	UGT1A1	UGT1A1	True	thin retrieval	0.782
1335	HLCS	HLCS	True	full retrieval	0.796
553	ETFDH	ETFDH	True	full retrieval	0.796
667	PPIP5K2	PPIP5K1	False	thin retrieval	0.370
331	PLAT	SERPINE1	False	thin retrieval	0.370
467	POLR2A	RNGTT	False	thin retrieval	0.370
519	PIK3C2A	PIK3C2A	True	thin retrieval	0.782
1091	PTGES3	PTGES	False	thin retrieval	0.370
663	PPIP5K1	PPIP5K1	True	thin retrieval	0.782
428	GNS	GNS	True	thin retrieval	0.782
293	ETNK1	ETNK1	True	thin retrieval	0.782
1040	KPNB1	KPNB1	True	thin retrieval	0.782
80	TTF2	POLR2A	False	thin retrieval	0.370
319	PSEN1	PSEN1	True	thin retrieval	0.782
5	ECI1	ECI1	True	thin retrieval	0.782
302	G6PD	G6PD	True	thin retrieval	0.782
387	SMPD2	SMPD2	True	full retrieval	0.796
1079	ABCC5	ABCC5	True	thin retrieval	0.782
1141	FYN	BTK	False	thin retrieval	0.370
575	RAB11A	NONE	False	thin retrieval	0.370
1164	HYAL1	GAA	False	thin retrieval	0.370
685	IPMK	IPMK	True	thin retrieval	0.782
1042	XPO1	XPO1	True	thin retrieval	0.782
659	PLCD1	PLCG1	False	full retrieval	0.741
1007	HS3ST1	HS3ST1	True	thin retrieval	0.782
642	NMT1	NMT1	True	full retrieval	0.796
358	GGCX	GGCX	True	full retrieval	0.796
967	FGFR4	NONE	False	thin retrieval	0.370
400	CTH	CBS	False	thin retrieval	0.370
1129	ABCA1	ATP8A1	False	thin retrieval	0.370
362	GGCX	GGCX	True	full retrieval	0.796
503	FIG4	FIG4	True	thin retrieval	0.782
1210	LYN	LYN	True	thin retrieval	0.782
23	ADK	ADK	True	thin retrieval	0.782
1265	PPP2CA	PPP2CA	True	thin retrieval	0.782
743	FDFT1	FDFT1	True	full retrieval	0.796
1243	RDH5	RDH5	True	thin retrieval	0.782
826	NSDHL	NSDHL	True	full retrieval	0.796
186	PAOX	PAOX	True	full retrieval	0.796
286	SELENOI	SELENOI	True	thin retrieval	0.782
456	MBTPS1	MBTPS1	True	thin retrieval	0.782
222	LPCAT1	LPCAT1	True	full retrieval	0.796
1287	PCSK1	PCSK1	True	thin retrieval	0.782
965	FGFR3	NONE	False	thin retrieval	0.370
13	NT5C2	NT5C2	True	thin retrieval	0.782
1065	CYP2C9	CYP2C9	True	full retrieval	0.796
87	BAX	BAX	True	thin retrieval	0.782
969	DROSHA	DROSHA	True	thin retrieval	0.782
150	KCNQ1	KCNMA1	False	full retrieval	0.741
356	PLA2G10	PLA2G2A	False	thin retrieval	0.370
1184	NUDT15	NUDT1	False	full retrieval	0.741
1060	CYP3A5	CYP3A4	False	full retrieval	0.741
665	IP6K1	IP6K1	True	thin retrieval	0.782
440	MRE11	NONE	False	thin retrieval	0.370
1199	TPMT	TPMT	True	thin retrieval	0.782
1314	FYN	FYN	True	thin retrieval	0.782
1053	CYP3A4	CYP3A5	False	full retrieval	0.741
1080	ADAL	ADAL	True	thin retrieval	0.782
1221	SYK	LCK	False	thin retrieval	0.370
578	CDC14A	CDC14A	True	full retrieval	0.796
418	PIGW	PIGW	True	full retrieval	0.796
692	XYLT1	XYLT1	True	thin retrieval	0.782
481	ERCC3	ERCC3	True	thin retrieval	0.782
869	FLAD1	FLAD1	True	full retrieval	0.796
1388	KAT5	EP300	False	full retrieval	0.741
405	PIGM	PIGM	True	thin retrieval	0.782
1150	HLA-DMA	HLA-DMA	True	thin retrieval	0.782
1219	SREBF1	NONE	False	thin retrieval	0.370
18	NT5C3A	NT5C3A	True	thin retrieval	0.782
1100	HPGDS	HPGDS	True	thin retrieval	0.782
228	PNPLA8	DDHD1	False	thin retrieval	0.370
1227	RDH11	AKR1B1	False	full retrieval	0.741
1062	CYP2C8	CYP2J2	False	full retrieval	0.741
559	PLK1	PLK1	True	thin retrieval	0.782
1171	NUDT5	NUDT5	True	full retrieval	0.796
332	PLAU	NONE	False	thin retrieval	0.370
840	CAPN1	NONE	False	thin retrieval	0.370
879	KPNA2	KPNB1	False	thin retrieval	0.370
66	TYMP	TYMP	True	thin retrieval	0.782
124	SEC61A1	SEC61A1	True	thin retrieval	0.782
19	ACADM	ACADM	True	thin retrieval	0.782
1220	SREBF2	NONE	False	thin retrieval	0.370
1324	SLC26A6	SLC4A1	False	thin retrieval	0.370
295	TAMM41	TAMM41	True	thin retrieval	0.782
793	HSD17B4	HSD17B4	True	thin retrieval	0.782
932	UST	UST	True	thin retrieval	0.782
779	CYP27A1	CYP27A1	True	full retrieval	0.796
791	CYP27A1	CYP27A1	True	full retrieval	0.796
1278	KCNQ1	KCNJ2	False	full retrieval	0.741
1377	SLC37A4	SLC37A4	True	thin retrieval	0.782
1286	RIPK3	NONE	False	thin retrieval	0.370
854	FLAD1	FLAD1	True	full retrieval	0.796
444	RAD52	NONE	False	thin retrieval	0.370
37	AK1	AK1	True	full retrieval	0.796
165	CHCHD4	CHCHD4	True	thin retrieval	0.782
801	AKR1D1	AKR1D1	True	full retrieval	0.796
1222	SREBF2	NONE	False	thin retrieval	0.370
1095	CYP1A1	CYP1A2	False	full retrieval	0.741
1116	ALOX12B	ALOX12B	True	full retrieval	0.796
350	SULT1A3	SULT1A3	True	thin retrieval	0.782
1264	MMP7	BMP1	False	thin retrieval	0.370
870	QPRT	QPRT	True	full retrieval	0.796
1004	ACE	ACE	True	thin retrieval	0.782
450	TPT1	TPT1	True	thin retrieval	0.782
690	FURIN	FURIN	True	thin retrieval	0.782
1107	COQ7	COQ7	True	full retrieval	0.796
1320	CLCN1	CFTR	False	thin retrieval	0.370
1282	XPO1	XPO1	True	thin retrieval	0.782
759	HSD17B4	HSD17B4	True	full retrieval	0.796
855	CHST11	CHST11	True	thin retrieval	0.782
556	UCP1	UCP1	True	full retrieval	0.796
581	SLC35D1	SLC35D1	True	thin retrieval	0.782
938	CTSG	ACE	False	thin retrieval	0.370
16	SLC28A1	SLC28A1	True	full retrieval	0.796
511	DNM2	DNM2	True	thin retrieval	0.782
1056	CYP2E1	CYP2E1	True	full retrieval	0.796
507	PIP5K1A	PIP5K1A	True	full retrieval	0.796
498	DNM2	DNM2	True	thin retrieval	0.782
111	SEC61A1	NONE	False	thin retrieval	0.370
635	FEN1	FEN1	True	thin retrieval	0.782
237	PLA2G6	PLA2G4A	False	thin retrieval	0.370
996	MAP2K7	MAP2K4	False	thin retrieval	0.370
730	LFNG	LFNG	True	thin retrieval	0.782
206	ABCB1	ABCB1	True	thin retrieval	0.782
1115	ALOX12	ALOX12	True	thin retrieval	0.782
1347	KPNA2	KPNB1	False	thin retrieval	0.370
929	DSE	DSE	True	thin retrieval	0.782
210	CA4	CA4	True	full retrieval	0.796
1192	PSTK	PSTK	True	thin retrieval	0.782
496	MTM1	MTM1	True	thin retrieval	0.782
502	MTM1	MTMR2	False	thin retrieval	0.370
717	UROD	UROD	True	full retrieval	0.796
41	APEX1	APEX1	True	thin retrieval	0.782
560	PKMYT1	PKMYT1	True	thin retrieval	0.782
379	GALC	GALC	True	thin retrieval	0.782
1375	TRPV6	ORAI1	False	full retrieval	0.741
1224	LIPC	LIPC	True	thin retrieval	0.782
568	RAB5A	NONE	False	thin retrieval	0.370
1083	PTGR1	PTGR1	True	full retrieval	0.796
447	RNASEH1	NONE	False	thin retrieval	0.370
172	ABCA1	ABCA1	True	thin retrieval	0.782
109	CAT	CAT	True	full retrieval	0.796
846	ZDHHC3	ZDHHC3	True	thin retrieval	0.782
528	GUSB	GUSB	True	thin retrieval	0.782
538	KPNA4	KPNA4	True	thin retrieval	0.782
1063	CYP2C9	CYP2C9	True	full retrieval	0.796
942	ITK	ITK	True	thin retrieval	0.782
1193	SCLY	SCLY	True	thin retrieval	0.782
17	NT5C1A	NT5C1A	True	full retrieval	0.796
288	PLD1	PLD1	True	thin retrieval	0.782
189	MAD1L1	MAD1L1	True	thin retrieval	0.782
136	SLC4A1	SLC4A1	True	full retrieval	0.796
73	POLR2A	NELFE	False	thin retrieval	0.370
988	ELOVL2	ELOVL2	True	full retrieval	0.796
1125	GUSB	GUSB	True	thin retrieval	0.782
829	ARHGEF12	ARHGEF1	False	thin retrieval	0.370
516	PI4KA	PI4K2A	False	thin retrieval	0.370
263	LCLAT1	LCLAT1	True	full retrieval	0.796
504	PIK3C3	PIK3C3	True	thin retrieval	0.782
1399	GBE1	GBE1	True	thin retrieval	0.782
289	LPIN1	LPIN1	True	thin retrieval	0.782
654	ITPK1	ITPK1	True	thin retrieval	0.782
287	PTDSS2	PTDSS2	True	thin retrieval	0.782
625	HYAL1	HYAL1	True	thin retrieval	0.782
1088	SLC29A1	SLC29A1	True	thin retrieval	0.782
788	SCP2	SCP2	True	full retrieval	0.796
683	IP6K1	IP6K1	True	thin retrieval	0.782
1021	TPO	TPO	True	thin retrieval	0.782
363	PLA2G1B	PLA2G2A	False	thin retrieval	0.370
212	MMP8	MMP1	False	thin retrieval	0.370
449	TERT	TERT	True	thin retrieval	0.782
410	PIGK	PIGK	True	thin retrieval	0.782
195	TBC1D4	TBC1D4	True	thin retrieval	0.782
348	GGCX	GGCX	True	full retrieval	0.796
153	KCNJ11	KCNJ2	False	full retrieval	0.741
233	MBOAT7	MBOAT7	True	full retrieval	0.796
539	KPNB1	NUP62	False	thin retrieval	0.370
180	BAD	NONE	False	thin retrieval	0.370
921	MTHFD1	MTHFD1	True	thin retrieval	0.782
657	IPPK	IPPK	True	thin retrieval	0.782
603	HNMT	HNMT	True	thin retrieval	0.782
1035	IYD	IYD	True	thin retrieval	0.782
964	KPNB1	KPNB1	True	thin retrieval	0.782
604	NNMT	NNMT	True	thin retrieval	0.782
54	RRM1	RRM1	True	thin retrieval	0.782
168	DYRK1A	DYRK1A	True	thin retrieval	0.782
1216	SREBF2	NONE	False	thin retrieval	0.370
737	KIF5B	KIF5B	True	thin retrieval	0.782
303	MMP2	MMP2	True	thin retrieval	0.782
537	POLR2A	POLR2A	True	thin retrieval	0.782
678	IP6K1	IP6K1	True	thin retrieval	0.782
273	PLA2G4A	PLA2G4A	True	thin retrieval	0.782
315	MMP12	MMP12	True	thin retrieval	0.782
74	POLR2A	POLR2A	True	thin retrieval	0.782
232	CA5B	CA5A	False	full retrieval	0.741
1315	CLCN6	CLCN6	True	thin retrieval	0.782
26	MAPK1	MAPK1	True	thin retrieval	0.782
1173	HYAL1	HEXB	False	thin retrieval	0.370
555	RAPGEF1	RAPGEF1	True	thin retrieval	0.782
1239	ABCA4	ABCA4	True	thin retrieval	0.782
161	KCNN2	KCNA1	False	full retrieval	0.741
1279	HVCN1	HVCN1	True	thin retrieval	0.782
816	CYP11B1	CYP11B1	True	full retrieval	0.796
1090	PTGR2	PTGR1	False	full retrieval	0.741
833	HSD17B7	TM7SF2	False	full retrieval	0.741
264	DGAT1	DGAT1	True	full retrieval	0.796
802	SLCO1B1	SLCO1B1	True	thin retrieval	0.782
514	MTMR4	MTM1	False	thin retrieval	0.370
577	RNASEH1	RNASEH1	True	thin retrieval	0.782
774	CYP17A1	CYP17A1	True	full retrieval	0.796
338	MMP3	MMP3	True	thin retrieval	0.782
246	GPAM	GPAM	True	full retrieval	0.796
3	AK3	AK3	True	full retrieval	0.796
465	POLR2A	TCEA1	False	thin retrieval	0.370
727	AMY2A	AMY2A	True	thin retrieval	0.782
139	ADI1	ADI1	True	full retrieval	0.796
1372	NALCN	SCNN1A	False	full retrieval	0.741
1281	GRK1	GRK1	True	thin retrieval	0.782
1151	BMP1	BMP1	True	thin retrieval	0.782
891	SLC25A42	SLC25A16	False	full retrieval	0.741
294	PTDSS1	PTDSS1	True	thin retrieval	0.782
462	POLR2A	POLR2A	True	thin retrieval	0.782
684	GBA2	GBA2	True	thin retrieval	0.782
97	PRDX1	PRDX1	True	thin retrieval	0.782
1303	ADAM10	PSEN1	False	thin retrieval	0.370
202	SRGN	NONE	False	thin retrieval	0.370
871	FPGS	FPGS	True	thin retrieval	0.782
740	AKR1C4	AKR1C4	True	full retrieval	0.796
1338	HLCS	HLCS	True	full retrieval	0.796
230	LPGAT1	LPGAT1	True	full retrieval	0.796
1266	BMP1	CTSL	False	thin retrieval	0.370
807	AKR1D1	AKR1D1	True	full retrieval	0.796
1099	CYP4F2	CYP4F2	True	full retrieval	0.796
371	MMP2	MMP14	False	thin retrieval	0.370
925	CHST15	CHST15	True	thin retrieval	0.782
411	PIGN	PIGN	True	thin retrieval	0.782
627	IDS	IDS	True	thin retrieval	0.782
713	PPOX	PPOX	True	thin retrieval	0.782
1139	CDK8	CDK8	True	thin retrieval	0.782
862	COASY	COASY	True	full retrieval	0.796
1025	CYP24A1	CYP24A1	True	full retrieval	0.796
29	TK2	TK2	True	full retrieval	0.796
1118	COQ4	COQ4	True	full retrieval	0.796
141	OPLAH	OPLAH	True	thin retrieval	0.782
557	STT3A	STT3A	True	thin retrieval	0.782
517	INPP4A	INPP4A	True	thin retrieval	0.782
480	PI4K2A	PI4KA	False	thin retrieval	0.370
339	ADAMTS4	ADAMTS4	True	thin retrieval	0.782
346	MMP3	MMP3	True	thin retrieval	0.782
852	PANK1	PANK1	True	thin retrieval	0.782
403	PIGZ	PIGZ	True	thin retrieval	0.782
335	PLAU	PLAU	True	thin retrieval	0.782
448	SLC22A5	SLC22A5	True	full retrieval	0.796
1202	CTH	CTH	True	thin retrieval	0.782
576	C7	NONE	False	thin retrieval	0.370
543	SAR1A	NONE	False	thin retrieval	0.370
715	HMBS	HMBS	True	thin retrieval	0.782
138	AQP1	AQP1	True	full retrieval	0.796
352	ACSM2B	ACSM2B	True	full retrieval	0.796
689	INPP1	INPP1	True	thin retrieval	0.782
1092	CBR1	AKR1C3	False	full retrieval	0.741
345	SLC27A5	SLC27A5	True	full retrieval	0.796
6	NT5E	NT5E	True	thin retrieval	0.782
471	POLR2A	POLR2A	True	thin retrieval	0.782
970	DUSP1	DUSP1	True	full retrieval	0.796
729	RBPJ	NOTCH1	False	thin retrieval	0.370
722	SEC23A	SAR1A	False	thin retrieval	0.370
962	FGFR2	FGFR2	True	thin retrieval	0.782
636	CFD	CFD	True	thin retrieval	0.782
248	MBOAT2	MBOAT2	True	full retrieval	0.796
484	NELFE	NELFE	True	thin retrieval	0.782
1108	ALOX12	ALOX12	True	full retrieval	0.796
1003	REN	REN	True	thin retrieval	0.782
254	PLA2G4A	PLA2G4A	True	thin retrieval	0.782
38	AK9	AK9	True	thin retrieval	0.782
1298	CETP	CETP	True	thin retrieval	0.782
805	CYP11B2	CYP11B2	True	full retrieval	0.796
1183	NUDT1	NUDT1	True	full retrieval	0.796
1297	PSEN1	ADAM17	False	thin retrieval	0.370
1327	MIB1	MIB1	True	thin retrieval	0.782
488	PIP4K2A	PIP4K2A	True	full retrieval	0.796
540	ITGB6	ITGB6	True	thin retrieval	0.782
100	DLD	DLD	True	thin retrieval	0.782
378	GLA	GLA	True	thin retrieval	0.782
365	PLA2G2A	PLA2G2A	True	thin retrieval	0.782
637	ZMYM2	FGFR1	False	thin retrieval	0.370
1223	SREBF2	NONE	False	thin retrieval	0.370
485	CD4	NONE	False	thin retrieval	0.370
542	ATP6V0C	NONE	False	thin retrieval	0.370
1380	AMN	NONE	False	thin retrieval	0.370
361	GGCX	GGCX	True	full retrieval	0.796
279	CRLS1	CRLS1	True	thin retrieval	0.782
305	MMP9	MMP2	False	thin retrieval	0.370
1174	SYK	SYK	True	thin retrieval	0.782
906	NMNAT3	NMNAT3	True	full retrieval	0.796
1274	HDAC8	HDAC8	True	full retrieval	0.796
240	LCLAT1	TAFAZZIN	False	thin retrieval	0.370
1296	ABCA1	ABCA1	True	thin retrieval	0.782
841	RAB11A	NONE	False	thin retrieval	0.370
628	SEC11A	SEC11A	True	thin retrieval	0.782
1114	ADH1B	ADH1A	False	full retrieval	0.741
958	FGFR2	NONE	False	thin retrieval	0.370
224	PNPLA7	PNPLA6	False	thin retrieval	0.370
95	HSP90AA1	NONE	False	thin retrieval	0.370
569	DNM2	NONE	False	thin retrieval	0.370
1190	KYAT1	CTH	False	thin retrieval	0.370
761	CYP8B1	CYP8B1	True	full retrieval	0.796
1351	BTD	BTD	True	thin retrieval	0.782
441	POLD1	NONE	False	thin retrieval	0.370
763	ANP32A	NONE	False	full retrieval	0.741
838	CAPN1	NONE	False	thin retrieval	0.370
89	MAP3K7	MAP3K7	True	thin retrieval	0.782
156	KCNC1	KCNA1	False	full retrieval	0.741
424	SMPD3	SMPD3	True	thin retrieval	0.782
756	SCP2	SCP2	True	full retrieval	0.796
703	BLVRA	BLVRA	True	full retrieval	0.796
1059	CYP24A1	CYP27A1	False	full retrieval	0.741
245	PNPLA2	CES1	False	thin retrieval	0.370
1157	HGSNAT	HGSNAT	True	thin retrieval	0.782
435	CXCR4	NONE	False	thin retrieval	0.370
849	AKR1A1	AKR1B1	False	full retrieval	0.741
91	FURIN	FURIN	True	thin retrieval	0.782
463	NTRK1	NTRK1	True	thin retrieval	0.782
880	SLC37A4	SLC37A4	True	thin retrieval	0.782
984	ELOVL5	ELOVL5	True	full retrieval	0.796
1156	RALGDS	RALGDS	True	thin retrieval	0.782
946	ACE2	ACE2	True	thin retrieval	0.782
434	RAD52	NONE	False	thin retrieval	0.370
1050	KPNB1	KPNB1	True	thin retrieval	0.782
596	SAR1B	SAR1B	True	thin retrieval	0.782
190	ADAM17	ADAM17	True	thin retrieval	0.782
753	CEL	CEL	True	full retrieval	0.796
466	NELFE	POLR2A	False	thin retrieval	0.370
500	MTMR2	MTM1	False	thin retrieval	0.370
622	RPIA	RPIA	True	thin retrieval	0.782
757	CYP39A1	CYP39A1	True	full retrieval	0.796
1104	CYP2J2	CYP2J2	True	full retrieval	0.796
1323	MIB1	MIB1	True	thin retrieval	0.782
1134	FMO3	FMO1	False	full retrieval	0.741
949	FGFR1	NONE	False	thin retrieval	0.370
1196	AHCY	AHCY	True	thin retrieval	0.782
1121	COQ5	COQ5	True	full retrieval	0.796
769	PNLIPRP2	LPL	False	full retrieval	0.741
382	GLB1	GLB1	True	thin retrieval	0.782
27	UCK2	UCK2	True	thin retrieval	0.782
40	APEX1	APEX1	True	thin retrieval	0.782
285	PLD1	PLD1	True	thin retrieval	0.782
1290	TRPV6	ORAI1	False	full retrieval	0.741
1378	G6PC3	G6PC1	False	thin retrieval	0.370
860	CHPF	CHSY1	False	thin retrieval	0.370
546	RAB1A	NONE	False	thin retrieval	0.370
895	ADAMTS2	ADAMTS2	True	thin retrieval	0.782
651	NUDT3	NUDT3	True	thin retrieval	0.782
372	MMP3	MMP3	True	thin retrieval	0.782
786	CYP17A1	CYP17A1	True	full retrieval	0.796
1117	COQ3	COQ3	True	full retrieval	0.796
606	GSTP1	GSTP1	True	thin retrieval	0.782
1186	SYK	ZAP70	False	thin retrieval	0.370
1280	CHAT	CHAT	True	full retrieval	0.796
721	MGAM	MGAM	True	full retrieval	0.796
105	TXN	NONE	False	thin retrieval	0.370
889	AASDHPPT	AASDHPPT	True	full retrieval	0.796
1291	LTA4H	LTA4H	True	thin retrieval	0.782
1057	CYP26A1	CYP26A1	True	full retrieval	0.796
116	HIF1AN	HIF1AN	True	full retrieval	0.796
858	NAPRT	NAPRT	True	full retrieval	0.796
1049	CYP3A4	CYP3A4	True	full retrieval	0.796
126	CA4	CA4	True	full retrieval	0.796
1046	CYP26A1	CYP2C8	False	full retrieval	0.741
926	CSNK1G1	CSNK1G1	True	thin retrieval	0.782
723	SI	MGAM	False	full retrieval	0.741
745	CH25H	CH25H	True	full retrieval	0.796
749	SLC27A5	SLC27A2	False	full retrieval	0.741
1153	FBXW7	RBX1	False	thin retrieval	0.370
1045	ARHGAP10	ARHGAP10	True	thin retrieval	0.782
981	ELOVL2	ELOVL2	True	full retrieval	0.796
453	FMO1	FMO1	True	full retrieval	0.796
1387	MMACHC	MMACHC	True	thin retrieval	0.782
0	FUT8	FUT8	True	thin retrieval	0.782
259	PLAAT3	PLA2G6	False	thin retrieval	0.370
417	PIGK	PIGK	True	thin retrieval	0.782
333	UGT1A1	UGT1A1	True	thin retrieval	0.782
693	KPNA2	KPNB1	False	thin retrieval	0.370
1359	XPO1	XPO1	True	thin retrieval	0.782
354	GLYAT	GLYAT	True	thin retrieval	0.782
734	FDFT1	FDFT1	True	full retrieval	0.796
680	MINPP1	MINPP1	True	thin retrieval	0.782
260	DAGLA	LIPE	False	thin retrieval	0.370
108	SLC22A17	ABCB6	False	thin retrieval	0.370
129	AQP1	AQP1	True	full retrieval	0.796
785	ABCD3	ABCD3	True	thin retrieval	0.782
214	MMP13	MMP13	True	thin retrieval	0.782
1201	CBS	CBS	True	thin retrieval	0.782
326	NXF1	NXF1	True	thin retrieval	0.782
632	TERT	L1RE1	False	thin retrieval	0.370
328	PLAT	PLAT	True	thin retrieval	0.782
25	NT5C3B	NT5C	False	thin retrieval	0.370
595	RAB5A	HSPA8	False	thin retrieval	0.370
746	CYP27A1	CYP27A1	True	full retrieval	0.796
624	IDUA	IDUA	True	thin retrieval	0.782
1005	NAGLU	HEXA	False	thin retrieval	0.370
776	HSD3B2	HSD3B2	True	thin retrieval	0.782
340	PLG	PLG	True	thin retrieval	0.782
551	KPNB1	KPNB1	True	thin retrieval	0.782
944	ACE2	ACE2	True	thin retrieval	0.782
1167	PTEN	PTEN	True	full retrieval	0.796
1386	GSTK1	GSTK1	True	thin retrieval	0.782
835	EBP	EBP	True	thin retrieval	0.782
821	CYP8B1	CYP8B1	True	full retrieval	0.796
1203	MAPK1	MAPK1	True	thin retrieval	0.782
90	ACVR1B	TGFBR1	False	thin retrieval	0.370
256	PLA2G4A	PLA2G4A	True	thin retrieval	0.782
1340	SENP1	SENP1	True	thin retrieval	0.782
218	AGPAT5	AGPAT5	True	full retrieval	0.796
341	PRKAA1	PRKAA1	True	thin retrieval	0.782
549	MAP3K3	MAP3K7	False	thin retrieval	0.370
1345	PIAS4	PIAS1	False	full retrieval	0.741
135	MTAP	MTAP	True	thin retrieval	0.782
822	SLC10A1	SLC10A1	True	full retrieval	0.796
330	SULT1A1	SULT1A1	True	thin retrieval	0.782
20	NT5C	NT5C3A	False	thin retrieval	0.370
316	MMP3	MMP3	True	thin retrieval	0.782
1058	CYP1B1	CYP1B1	True	full retrieval	0.796
1168	PTGS2	PTGS2	True	thin retrieval	0.782
918	MTHFR	MTHFR	True	full retrieval	0.796
524	PI4K2B	PI4KB	False	thin retrieval	0.370
566	TGFBR1	TGFBR2	False	thin retrieval	0.370
497	PIK3C2A	PIK3C2A	True	thin retrieval	0.782
1361	JAK2	JAK2	True	thin retrieval	0.782
893	SLC6A8	SLC6A8	True	full retrieval	0.796
114	CYGB	NGB	False	full retrieval	0.741
149	CBL	CBL	True	thin retrieval	0.782
620	DNM1	DNM1	True	thin retrieval	0.782
1218	SREBF2	SREBF2	True	thin retrieval	0.782
56	CALM1	CALM1	True	thin retrieval	0.782
1152	ADAM10	ADAM10	True	thin retrieval	0.782
191	ADAM10	ADAM10	True	thin retrieval	0.782
318	KPNB1	NONE	False	thin retrieval	0.370
1260	MMP13	MMP12	False	thin retrieval	0.370
24	SLC29A1	SLC29A1	True	thin retrieval	0.782
414	GALNS	GALNS	True	thin retrieval	0.782
1179	NUDT18	NUDT5	False	thin retrieval	0.370
34	AK1	AK1	True	thin retrieval	0.782
547	RAB11A	NONE	False	thin retrieval	0.370
1103	CYP4F3	CYP4F3	True	full retrieval	0.796
1237	AKR1B1	RDH12	False	full retrieval	0.741
662	ITPK1	ITPK1	True	thin retrieval	0.782
1257	ITPA	ITPA	True	full retrieval	0.796
1093	HPGD	HPGD	True	thin retrieval	0.782
591	PLTP	NONE	False	thin retrieval	0.370
235	PNPLA6	PNPLA6	True	thin retrieval	0.782
1369	PADI4	PADI4	True	full retrieval	0.796
1366	UBE2I	UBE2I	True	full retrieval	0.796
422	PPP2CA	PPP2CA	True	thin retrieval	0.782
564	XPO1	XPO1	True	thin retrieval	0.782
660	INPP4A	INPP4A	True	thin retrieval	0.782
454	P4HA1	P4HA1	True	thin retrieval	0.782
999	HSD17B4	HSD17B4	True	thin retrieval	0.782
1101	GPX1	GPX1	True	thin retrieval	0.782
201	MMP1	MMP1	True	thin retrieval	0.782
770	ANP32A	NONE	False	thin retrieval	0.370
593	PSIP1	NONE	False	thin retrieval	0.370
1321	CFI	NONE	False	thin retrieval	0.370
916	SHMT1	SHMT1	True	thin retrieval	0.782
1022	TPH1	TPH1	True	full retrieval	0.796
133	CA4	CA4	True	full retrieval	0.796
110	PRDX5	PRDX5	True	thin retrieval	0.782
1367	JAK1	JAK1	True	thin retrieval	0.782
158	KCND2	KCNJ2	False	full retrieval	0.741
239	MBOAT1	MBOAT2	False	full retrieval	0.741
1363	SMYD2	SMYD2	True	full retrieval	0.796
1317	MIB1	MIB1	True	thin retrieval	0.782
612	SULT1B1	SULT1A1	False	thin retrieval	0.370
178	MTCH2	MTCH2	True	thin retrieval	0.782
179	FMO3	FMO3	True	full retrieval	0.796
284	CHPT1	CHPT1	True	thin retrieval	0.782
857	CSGALNACT1	CSGALNACT1	True	thin retrieval	0.782
483	PIKFYVE	PIKFYVE	True	thin retrieval	0.782
671	INPP5B	INPP5A	False	full retrieval	0.741
527	NAGLU	NAGLU	True	thin retrieval	0.782
1163	NAGLU	NAGLU	True	thin retrieval	0.782
842	CAPN1	NONE	False	thin retrieval	0.370
1241	OPN1LW	NONE	False	thin retrieval	0.370
1106	ALOX12	ALOX12	True	full retrieval	0.796
499	FIG4	FIG4	True	thin retrieval	0.782
1356	SLC52A3	SLC52A2	False	thin retrieval	0.370
208	VAMP7	NONE	False	thin retrieval	0.370
1319	CLCN2	CFTR	False	thin retrieval	0.370
477	POLR2A	POLR2A	True	thin retrieval	0.782
1342	COX15	COX15	True	full retrieval	0.796
691	KPNA2	KPNB1	False	thin retrieval	0.370
923	CASP3	CASP3	True	thin retrieval	0.782
252	PLA2G4A	PLA2G4A	True	thin retrieval	0.782
216	MMP13	MMP1	False	thin retrieval	0.370
1339	SENP2	SENP1	False	thin retrieval	0.370
1394	KAT6A	KAT2A	False	full retrieval	0.741
501	PIK3C3	PIK3C3	True	thin retrieval	0.782
953	B3GNT7	B3GNT7	True	thin retrieval	0.782
980	B4GALT4	B4GALT4	True	thin retrieval	0.782
1358	AOX1	AOX1	True	full retrieval	0.796
1322	KPNA4	KPNB1	False	thin retrieval	0.370
96	SOD1	SOD1	True	full retrieval	0.796
1037	CACNA1B	ORAI1	False	full retrieval	0.741
290	PEMT	PEMT	True	thin retrieval	0.782
847	TSPO	STARD3	False	thin retrieval	0.370
209	CA4	CA4	True	full retrieval	0.796
1169	PTGS1	NONE	False	thin retrieval	0.370
67	TYMP	TYMP	True	thin retrieval	0.782
699	AMY2A	AMY2A	True	thin retrieval	0.782
874	DHFR	DHFR	True	full retrieval	0.796
166	MRI1	MRI1	True	thin retrieval	0.782
824	SLC10A2	SLC10A1	False	full retrieval	0.741
594	DNM2	DNM2	True	thin retrieval	0.782
598	UGT1A1	UGT1A1	True	thin retrieval	0.782
151	KCNA1	KCNA1	True	full retrieval	0.796
643	INPP1	INPP1	True	thin retrieval	0.782
8	NT5E	NT5E	True	thin retrieval	0.782
719	B4GALT1	B4GALT1	True	thin retrieval	0.782
173	MTCH2	NONE	False	thin retrieval	0.370
169	ABCB6	ABCB6	True	thin retrieval	0.782
122	RAB5A	NONE	False	thin retrieval	0.370
396	CTH	CTH	True	thin retrieval	0.782
106	DLAT	DLAT	True	thin retrieval	0.782
359	PLA2G2A	PLA2G2A	True	thin retrieval	0.782
1251	NIPBL	SMC1A	False	thin retrieval	0.370
170	ABCG1	ABCG1	True	thin retrieval	0.782
160	KCNK2	KCNQ1	False	full retrieval	0.741
1039	SLC1A3	SLC1A2	False	thin retrieval	0.370
1012	IDUA	IDUA	True	thin retrieval	0.782
1031	SLC5A5	SLC5A5	True	full retrieval	0.796
794	PSEN1	PSEN1	True	thin retrieval	0.782
777	SLC27A2	SLC27A2	True	full retrieval	0.796
590	PAPSS1	PAPSS1	True	thin retrieval	0.782
200	ABCA1	ABCA1	True	thin retrieval	0.782
1126	XPO1	XPO1	True	thin retrieval	0.782
301	PRDX5	PRDX6	False	thin retrieval	0.370
525	HGSNAT	HGSNAT	True	full retrieval	0.796
878	KPNB1	KPNB1	True	thin retrieval	0.782
808	AKR1C4	AKR1C4	True	full retrieval	0.796
973	FADS2	FADS2	True	full retrieval	0.796
159	KCNK3	KCNA1	False	full retrieval	0.741
249	PLA2G6	PNPLA8	False	full retrieval	0.741
728	ST6GAL1	ST3GAL4	False	thin retrieval	0.370
44	APEX1	APEX1	True	thin retrieval	0.782
863	PPCS	PPCS	True	full retrieval	0.796
31	AKT2	NONE	False	full retrieval	0.741
682	IP6K1	IP6K1	True	thin retrieval	0.782
544	NEU1	NEU1	True	thin retrieval	0.782
145	ERBB4	NONE	False	thin retrieval	0.370
687	ITPKB	ITPKB	True	thin retrieval	0.782
523	INPP5E	OCRL	False	full retrieval	0.741
313	DAPK3	DAPK3	True	thin retrieval	0.782
334	NXF1	NXF1	True	thin retrieval	0.782
102	STEAP3	STEAP3	True	full retrieval	0.796
532	IDS	IDS	True	thin retrieval	0.782
766	HSD17B3	AKR1C3	False	full retrieval	0.741
976	PDP1	PDP1	True	full retrieval	0.796
1252	MMP13	MMP13	True	thin retrieval	0.782
1308	CLCN5	CLCN5	True	thin retrieval	0.782
1395	SOD2	SOD2	True	full retrieval	0.796
1013	GLB1	GLB1	True	thin retrieval	0.782
907	MTHFD1	MTHFD1	True	thin retrieval	0.782
401	SUOX	SUOX	True	full retrieval	0.796
461	SAR1A	SAR1A	True	thin retrieval	0.782
621	KPNA1	KPNB1	False	thin retrieval	0.370
952	B4GALT1	B4GALT1	True	thin retrieval	0.782
529	EIF4E2	EIF4E2	True	thin retrieval	0.782
307	MMP1	MMP2	False	thin retrieval	0.370
935	ENPEP	ENPEP	True	thin retrieval	0.782
1	ST6GAL1	ST6GAL1	True	thin retrieval	0.782
203	STX3	VAMP7	False	thin retrieval	0.370
910	MTHFD1	MTHFD1	True	full retrieval	0.796
1236	OPN1SW	NONE	False	thin retrieval	0.370
1382	TGFBR1	TGFBR1	True	thin retrieval	0.782
506	PIK3C3	PIK3C3	True	thin retrieval	0.782
1348	PIAS1	PIAS1	True	full retrieval	0.796
754	CYP27A1	CYP27A1	True	full retrieval	0.796
1142	DNM2	DNM2	True	thin retrieval	0.782
474	POLR2A	POLR2A	True	thin retrieval	0.782
572	UGDH	UGDH	True	full retrieval	0.796
1180	TBK1	TBK1	True	thin retrieval	0.782
436	PSIP1	PSIP1	True	thin retrieval	0.782
143	ENOPH1	ENOPH1	True	thin retrieval	0.782
48	PRPS1	PRPS1	True	thin retrieval	0.782
443	CD4	NONE	False	thin retrieval	0.370
45	APEX1	APEX1	True	thin retrieval	0.782
134	KYAT1	KYAT1	True	thin retrieval	0.782
661	ISYNA1	ISYNA1	True	thin retrieval	0.782
442	CCR5	NONE	False	thin retrieval	0.370
582	KPNB1	KPNB1	True	thin retrieval	0.782
536	ATP6V0C	NONE	False	thin retrieval	0.370
933	ACE	ACE	True	thin retrieval	0.782
57	PRKACA	PRKACA	True	thin retrieval	0.782
1148	ADAM10	ADAM10	True	thin retrieval	0.782
937	ACE	ACE	True	thin retrieval	0.782
711	B4GALT7	B4GALT7	True	thin retrieval	0.782
430	PPP2CA	PPP2CA	True	full retrieval	0.796
101	EGFR	NONE	False	thin retrieval	0.370
1357	MMAB	MMAB	True	full retrieval	0.796
597	UGT1A4	UGT1A4	True	thin retrieval	0.782
707	SI	SI	True	full retrieval	0.796
53	ADSS2	ADSS2	True	full retrieval	0.796
198	PRTN3	PRTN3	True	thin retrieval	0.782
185	SMOX	PAOX	False	full retrieval	0.741
1331	SLC9C1	SLC9C1	True	full retrieval	0.796
1105	ALOX12	ALOX15	False	full retrieval	0.741
383	SMPD3	SMPD3	True	thin retrieval	0.782
62	POLR3A	POLR3A	True	thin retrieval	0.782
563	KPNA2	KPNB1	False	thin retrieval	0.370
323	KPNB1	KPNA4	False	thin retrieval	0.370
1109	COQ3	COQ3	True	full retrieval	0.796
688	PPIP5K1	PPIP5K1	True	thin retrieval	0.782
1270	MMP7	ADAM10	False	thin retrieval	0.370
272	DDHD1	DDHD1	True	thin retrieval	0.782
1133	ADAM17	ADAM17	True	thin retrieval	0.782
694	VAMP2	NONE	False	thin retrieval	0.370
864	ACP1	ACP1	True	thin retrieval	0.782
726	POFUT1	POFUT1	True	thin retrieval	0.782
1370	TBK1	TBK1	True	thin retrieval	0.782
806	CYP11B2	CYP11B2	True	full retrieval	0.796
901	BMP1	BMP1	True	thin retrieval	0.782
1205	PAPSS1	PAPSS1	True	thin retrieval	0.782
431	UGCG	UGCG	True	thin retrieval	0.782
321	PSEN1	PSEN1	True	thin retrieval	0.782
809	CYP27A1	CYP27A1	True	full retrieval	0.796
451	CSAD	CSAD	True	full retrieval	0.796
364	PLA2G2A	PLA2G2A	True	thin retrieval	0.782
1111	ALOX15	ALOX15	True	full retrieval	0.796
892	SLC5A6	SLC5A6	True	full retrieval	0.796
144	APIP	APIP	True	thin retrieval	0.782
1346	NSMCE2	NSMCE2	True	full retrieval	0.796
1119	GPX1	GPX4	False	thin retrieval	0.370
957	PLPP1	LPIN1	False	thin retrieval	0.370
644	NUDT3	NUDT3	True	thin retrieval	0.782
376	MMP13	MMP3	False	thin retrieval	0.370
1272	MMP9	MMP3	False	thin retrieval	0.370
1217	SREBF2	NONE	False	thin retrieval	0.370
985	DHPS	DHPS	True	thin retrieval	0.782
1069	SLC38A1	SLC38A1	True	full retrieval	0.796
1014	GLCE	EXT1	False	thin retrieval	0.370
120	CLTC	DNM2	False	thin retrieval	0.370
991	TIAM1	TIAM1	True	thin retrieval	0.782
741	PRMT5	PRMT5	True	thin retrieval	0.782
10	NT5M	NT5M	True	full retrieval	0.796
1120	COQ6	COQ6	True	full retrieval	0.796
629	DNM2	DNM2	True	thin retrieval	0.782
385	SMPD1	SMPD1	True	thin retrieval	0.782
271	CDIPT	CDIPT	True	thin retrieval	0.782
425	GGCX	GGCX	True	full retrieval	0.796
698	TREH	TREH	True	full retrieval	0.796
1385	KAT7	KAT7	True	full retrieval	0.796
1089	ADAL	ADAL	True	thin retrieval	0.782
63	POLR3A	POLR3A	True	thin retrieval	0.782
1177	LTBP1	NONE	False	thin retrieval	0.370
825	MSMO1	MSMO1	True	full retrieval	0.796
512	PIKFYVE	PIKFYVE	True	thin retrieval	0.782
11	SLC28A2	SLC28A2	True	full retrieval	0.796
1330	SLC17A3	SLC20A2	False	full retrieval	0.741
146	ADAM17	ADAM17	True	thin retrieval	0.782
509	PTEN	TPTE2	False	thin retrieval	0.370
872	NADSYN1	NADSYN1	True	full retrieval	0.796
1209	SREBF1	NONE	False	thin retrieval	0.370
349	GLYAT	GLYAT	True	thin retrieval	0.782
1160	GALNS	GALNS	True	thin retrieval	0.782
600	MGST1	MGST1	True	thin retrieval	0.782
278	PNPLA8	PNPLA8	True	thin retrieval	0.782
107	ADH5	ADH5	True	thin retrieval	0.782
36	ECI1	ECI1	True	thin retrieval	0.782
1010	NDST1	HS6ST1	False	thin retrieval	0.370
421	SLC25A5	SLC25A4	False	full retrieval	0.741
115	HVCN1	HVCN1	True	full retrieval	0.796
199	ABCC1	ABCC1	True	thin retrieval	0.782
1393	MMADHC	NONE	False	thin retrieval	0.370
1130	GUSB	GUSB	True	thin retrieval	0.782
508	PI4K2A	PI4K2A	True	thin retrieval	0.782
155	PMPCB	PMPCB	True	full retrieval	0.796
490	POLR2A	POLR2A	True	thin retrieval	0.782
491	OCRL	OCRL	True	thin retrieval	0.782
658	IP6K2	IP6K1	False	thin retrieval	0.370
1302	ADAM17	ADAM17	True	thin retrieval	0.782
194	CAMK2A	CAMK2A	True	thin retrieval	0.782
887	PANK3	PANK1	False	thin retrieval	0.370
513	SACM1L	SACM1L	True	thin retrieval	0.782
1337	VRK1	VRK1	True	thin retrieval	0.782
225	CA5A	CA5A	True	full retrieval	0.796
1349	RANBP2	RANBP2	True	full retrieval	0.796
733	MVK	MVK	True	thin retrieval	0.782
813	HSD11B1	HSD11B1	True	full retrieval	0.796
535	MAPK8	MAPK8	True	thin retrieval	0.782
103	MSRA	MSRA	True	thin retrieval	0.782
1074	CYP3A4	CYP3A4	True	full retrieval	0.796
848	B4GALT1	B4GALT1	True	thin retrieval	0.782
1137	FMO3	FMO3	True	full retrieval	0.796
337	BMP1	BMP1	True	thin retrieval	0.782
306	MMP3	MMP3	True	thin retrieval	0.782
1189	LIPA	LIPA	True	thin retrieval	0.782
701	B3GAT3	B3GAT3	True	thin retrieval	0.782
1175	NUDT1	NUDT1	True	full retrieval	0.796
251	PLA2G6	PLA2G6	True	full retrieval	0.796
1336	COX10	COX10	True	full retrieval	0.796
43	APEX1	APEX1	True	thin retrieval	0.782
983	FADS2	FADS2	True	full retrieval	0.796
152	TOMM40	TOMM40	True	thin retrieval	0.782
867	ART1	ART1	True	thin retrieval	0.782
32	MAPK1	MAPK1	True	thin retrieval	0.782
283	GPCPD1	GPCPD1	True	thin retrieval	0.782
205	SRGN	NONE	False	thin retrieval	0.370
668	INPP5D	INPP5A	False	thin retrieval	0.370
1182	NUDT5	NUDT5	True	thin retrieval	0.782
845	HSD3B2	HSD3B2	True	thin retrieval	0.782
672	INPP4B	INPP4A	False	thin retrieval	0.370
1132	HPX	NONE	False	thin retrieval	0.370
781	CYP17A1	CYP17A1	True	full retrieval	0.796
584	AHCY	AHCY	True	thin retrieval	0.782
772	PNLIP	PNLIP	True	full retrieval	0.796
982	FADS2	FADS2	True	full retrieval	0.796
803	ABCD3	ABCD3	True	thin retrieval	0.782
81	VDAC2	NONE	False	thin retrieval	0.370
407	PIGV	PIGV	True	thin retrieval	0.782
853	NADK	NADK	True	full retrieval	0.796
389	CTH	CTH	True	thin retrieval	0.782
558	KPNA2	NONE	False	thin retrieval	0.370
1017	DNM2	NONE	False	thin retrieval	0.370
1070	SLC38A3	SLC38A3	True	thin retrieval	0.782
561	KPNB1	NONE	False	thin retrieval	0.370
217	MMP14	MMP13	False	thin retrieval	0.370
399	BHMT	BHMT	True	thin retrieval	0.782
995	SQSTM1	NONE	False	thin retrieval	0.370
1306	ANO1	CFTR	False	thin retrieval	0.370
700	B3GALT6	B3GALT6	True	thin retrieval	0.782
433	TERT	NONE	False	full retrieval	0.741
455	AKT1	AKT1	True	thin retrieval	0.782
955	ACE2	ACE2	True	thin retrieval	0.782
1019	AANAT	AANAT	True	full retrieval	0.796
479	POLR2A	NONE	False	thin retrieval	0.370
12	SLC29A2	SLC29A2	True	thin retrieval	0.782
127	CA4	CA4	True	full retrieval	0.796
329	SULT1A2	SULT1A1	False	thin retrieval	0.370
86	BAX	BAX	True	thin retrieval	0.782
121	ERBB4	NONE	False	thin retrieval	0.370
1043	CYP4F3	CYP4F3	True	full retrieval	0.796
914	FPGS	FPGS	True	full retrieval	0.796
1076	TGFBR2	TGFBR2	True	thin retrieval	0.782
1371	G6PC1	G6PC1	True	thin retrieval	0.782
844	HSD3B2	HSD3B2	True	thin retrieval	0.782
70	POLR3A	NONE	False	thin retrieval	0.370
269	PLA2G6	PLA2G4A	False	thin retrieval	0.370
1178	LOX	LOX	True	full retrieval	0.796
1268	MMP3	MMP3	True	thin retrieval	0.782
46	APEX1	NONE	False	thin retrieval	0.370
1275	HDAC8	HDAC8	True	full retrieval	0.796
782	HSD17B4	HSD17B4	True	thin retrieval	0.782
261	LCLAT1	LCLAT1	True	full retrieval	0.796
9	DECR1	DECR1	True	full retrieval	0.796
1299	CETP	CETP	True	thin retrieval	0.782
656	INPP5A	INPP5A	True	full retrieval	0.796
587	PAPSS1	PAPSS1	True	full retrieval	0.796
670	PLCZ1	PLCB1	False	full retrieval	0.741
137	GGCT	GGCT	True	thin retrieval	0.782
1027	CYP27B1	CYP27B1	True	full retrieval	0.796
614	BPNT1	BPNT1	True	full retrieval	0.796
900	CKB	CKB	True	thin retrieval	0.782
58	PDE7A	PDE4B	False	full retrieval	0.741
1098	CYP4A11	CYP4A11	True	full retrieval	0.796
768	LIPF	LPL	False	full retrieval	0.741
1379	G6PC2	G6PC1	False	full retrieval	0.741
712	SI	SI	True	full retrieval	0.796
118	EGLN1	EGLN1	True	full retrieval	0.796
832	CAPN1	NONE	False	thin retrieval	0.370
258	PNPLA8	PNPLA8	True	thin retrieval	0.782
679	PLCE1	PLCB1	False	full retrieval	0.741
49	STAT1	NONE	False	thin retrieval	0.370
320	ADAM10	ADAM10	True	thin retrieval	0.782
69	POLR3A	POLR3A	True	thin retrieval	0.782
533	IDUA	IDUA	True	thin retrieval	0.782
898	LOX	LOX	True	full retrieval	0.796
404	PIGA	PIGA	True	full retrieval	0.796
997	TRAF6	TRAF6	True	thin retrieval	0.782
92	TXN	TXN	True	thin retrieval	0.782
76	POLR2A	POLR2A	True	full retrieval	0.796
299	FTH1	FTH1	True	full retrieval	0.796
1023	TH	TH	True	full retrieval	0.796
327	SULT1A1	SULT1A1	True	thin retrieval	0.782
281	CHKA	CHKA	True	thin retrieval	0.782
928	PTPRC	PTPRC	True	thin retrieval	0.782
1094	HPGD	HPGD	True	thin retrieval	0.782
720	POGLUT1	POGLUT1	True	thin retrieval	0.782
47	APEX1	APEX1	True	thin retrieval	0.782
585	CANX	FURIN	False	thin retrieval	0.370
573	CFD	CFD	True	thin retrieval	0.782
163	KCNK1	KCNJ2	False	full retrieval	0.741
828	MSMO1	MSMO1	True	full retrieval	0.796
1362	MAPKAPK3	MAPKAPK3	True	thin retrieval	0.782
458	LBP	LBP	True	thin retrieval	0.782
956	PAK1	PAK1	True	thin retrieval	0.782
856	CHSY1	CHSY1	True	thin retrieval	0.782
384	NEU3	NEU3	True	thin retrieval	0.782
1051	CYP2C8	CYP2C8	True	full retrieval	0.796
1263	METAP2	METAP2	True	thin retrieval	0.782
324	TPMT	TPMT	True	thin retrieval	0.782
641	IMPA1	IMPA1	True	thin retrieval	0.782
1000	HSD17B4	HSD17B4	True	full retrieval	0.796
708	CPOX	CPOX	True	thin retrieval	0.782
1136	MIB1	MIB1	True	thin retrieval	0.782
954	GLCE	GLCE	True	thin retrieval	0.782
167	SLC25A37	SLC25A37	True	thin retrieval	0.782
274	CEPT1	CEPT1	True	thin retrieval	0.782
104	TXNRD1	TXNRD1	True	full retrieval	0.796
1195	PAPSS1	PAPSS2	False	full retrieval	0.741
1144	MMP7	CTSL	False	thin retrieval	0.370
1082	ABCG2	ABCB1	False	thin retrieval	0.370
649	NUDT4	NUDT3	False	thin retrieval	0.370
1289	BMP1	BMP1	True	thin retrieval	0.782
7	IRF3	NONE	False	thin retrieval	0.370
476	TCEA1	TCEA1	True	thin retrieval	0.782
911	MTHFD1	MTHFD1	True	thin retrieval	0.782
220	PNPLA6	PNPLA6	True	thin retrieval	0.782
1230	RHO	NONE	False	thin retrieval	0.370
930	BMP1	BMP1	True	thin retrieval	0.782
677	ITPK1	ITPK1	True	thin retrieval	0.782
85	PRKCA	NONE	False	full retrieval	0.741
1001	TJP2	KPNB1	False	thin retrieval	0.370
775	CYP27A1	CYP27A1	True	full retrieval	0.796
51	RRM1	RRM1	True	thin retrieval	0.782
464	MASP2	C1S	False	thin retrieval	0.370
311	MMP2	MMP2	True	thin retrieval	0.782
518	MTMR6	MTM1	False	thin retrieval	0.370
1097	CYP2J2	CYP2C9	False	full retrieval	0.741
395	CTH	CTH	True	thin retrieval	0.782
615	ACSM1	ACSM1	True	full retrieval	0.796
1271	ADAM10	ADAM10	True	thin retrieval	0.782
868	RFK	RFK	True	thin retrieval	0.782
1309	LCK	LCK	True	thin retrieval	0.782
751	CYP27A1	CYP27A1	True	full retrieval	0.796
1155	PSEN1	PSEN1	True	thin retrieval	0.782
876	SLC25A11	SLC25A11	True	thin retrieval	0.782
1048	CYP2A6	CYP2A6	True	full retrieval	0.796
605	XRCC6	XRCC6	True	thin retrieval	0.782
28	DCK	DCK	True	thin retrieval	0.782
1055	CYP1B1	CYP1B1	True	full retrieval	0.796
747	CYP7B1	CYP7B1	True	full retrieval	0.796
1123	NT5C2	NT5C2	True	thin retrieval	0.782
1127	PDSS1	PDSS1	True	thin retrieval	0.782
795	KPNB1	KPNB1	True	thin retrieval	0.782
885	CYB5R3	CYB5R3	True	thin retrieval	0.782
1344	PIAS1	PIAS4	False	full retrieval	0.741
725	SI	MGAM	False	full retrieval	0.741
1333	SLC2A9	SLC2A9	True	thin retrieval	0.782
1301	JAK2	JAK2	True	thin retrieval	0.782
909	NMNAT1	NMNAT1	True	full retrieval	0.796
1329	SLC9A1	SLC9A1	True	full retrieval	0.796
531	CTSL	CTSL	True	thin retrieval	0.782
974	PDK1	PDK1	True	full retrieval	0.796
65	POLR3A	POLR3A	True	full retrieval	0.796
1204	SEPSECS	SEPSECS	True	thin retrieval	0.782
1006	SGSH	ARSG	False	thin retrieval	0.370
215	VAMP3	NONE	False	thin retrieval	0.370
617	SULT1E1	SULT1E1	True	thin retrieval	0.782
14	SLC28A3	SLC28A3	True	full retrieval	0.796
960	PLD1	PLD2	False	thin retrieval	0.370
1253	ESCO2	ESCO2	True	full retrieval	0.796
1036	SLC1A2	SLC1A2	True	full retrieval	0.796
881	GLRX	GLRX	True	thin retrieval	0.782
1165	ARSG	ARSG	True	thin retrieval	0.782
275	PGS1	PGS1	True	thin retrieval	0.782
674	INPP1	INPP1	True	thin retrieval	0.782
227	MBOAT7	MBOAT7	True	full retrieval	0.796
724	ARF1	KIF5B	False	thin retrieval	0.370
171	KCNH1	KCNQ1	False	full retrieval	0.741
478	POLR2A	CDK9	False	thin retrieval	0.370
989	ST3GAL1	ST3GAL1	True	thin retrieval	0.782
1233	RDH8	AKR1B1	False	full retrieval	0.741
413	NMT1	NMT1	True	full retrieval	0.796
571	RAPGEF1	RAPGEF2	False	thin retrieval	0.370
33	AK1	AK1	True	full retrieval	0.796
1078	CYP4F3	CYP4F3	True	full retrieval	0.796
242	PNPLA8	PNPLA8	True	full retrieval	0.796
77	POLR2A	POLR2A	True	full retrieval	0.796
1018	TPO	TPO	True	thin retrieval	0.782
78	POLR2A	CDK9	False	thin retrieval	0.370
1147	HLA-DMA	HLA-DMA	True	thin retrieval	0.782
1246	RBP4	NONE	False	thin retrieval	0.370
758	HSD3B7	HSD3B7	True	thin retrieval	0.782
515	SACM1L	SACM1L	True	thin retrieval	0.782
1353	PPIA	NONE	False	thin retrieval	0.370
1300	MIB1	PSEN1	False	thin retrieval	0.370
640	IP6K1	IP6K1	True	thin retrieval	0.782
884	SLC23A1	SLC23A1	True	full retrieval	0.796
1259	ITPA	ITPA	True	full retrieval	0.796
1122	GPX1	GPX1	True	thin retrieval	0.782
633	AP1M1	NONE	False	thin retrieval	0.370
972	ACSL1	ACSL1	True	thin retrieval	0.782
634	RNASEH1	NONE	False	thin retrieval	0.370
388	ASAH2	ASAH2	True	thin retrieval	0.782
530	LGMN	CTSL	False	thin retrieval	0.370
397	SLC25A10	SLC25A10	True	thin retrieval	0.782
1077	IL4I1	IL4I1	True	full retrieval	0.796
1332	RDH11	DHRS3	False	full retrieval	0.741
1011	HS2ST1	HS6ST1	False	thin retrieval	0.370
369	HEXB	HEXB	True	thin retrieval	0.782
423	PPP2CA	PPP2CA	True	full retrieval	0.796
374	MMP3	MMP3	True	thin retrieval	0.782
493	PIK3C2B	PIK3C2A	False	thin retrieval	0.370
1207	MAT2A	MAT2A	True	full retrieval	0.796
1389	MMACHC	MMACHC	True	thin retrieval	0.782
762	PNLIP	LPL	False	full retrieval	0.741
1326	CLCNKB	CFTR	False	thin retrieval	0.370
1307	ADAM10	ADAM17	False	thin retrieval	0.370
1284	RGS9	RGS9	True	thin retrieval	0.782
554	LBP	LBP	True	thin retrieval	0.782
117	EGLN1	EGLN1	True	full retrieval	0.796
280	PCYT1A	PCYT1A	True	full retrieval	0.796
1310	LCK	LCK	True	thin retrieval	0.782
894	PRKACA	PRKACA	True	thin retrieval	0.782
1002	ACOX2	ACOX1	False	thin retrieval	0.370
599	SULT1A1	SULT1A1	True	thin retrieval	0.782
131	CA4	CA4	True	full retrieval	0.796
494	PIKFYVE	PIKFYVE	True	thin retrieval	0.782
219	PNPLA6	PNPLA6	True	thin retrieval	0.782
580	GCLC	GCLC	True	thin retrieval	0.782
886	PHLPP1	PHLPP1	True	thin retrieval	0.782
767	HSD3B2	HSD3B2	True	thin retrieval	0.782
438	RNASEH1	NONE	False	thin retrieval	0.370
1328	SLC9B2	SLC9B2	True	full retrieval	0.796
570	RAB11A	NONE	False	thin retrieval	0.370
211	STAT5A	NONE	False	thin retrieval	0.370
913	SLC25A32	SLC25A32	True	thin retrieval	0.782
226	LPCAT3	LPCAT1	False	full retrieval	0.741
4	KPNA1	KPNB1	False	thin retrieval	0.370
526	SGSH	SGSH	True	thin retrieval	0.782
1038	HEXB	HEXB	True	thin retrieval	0.782
623	ADAM10	ADAM17	False	thin retrieval	0.370
415	GLB1	GLB1	True	thin retrieval	0.782
429	HEXB	HEXB	True	thin retrieval	0.782
377	NEU2	NEU2	True	thin retrieval	0.782
655	IPPK	IPPK	True	thin retrieval	0.782
1311	NALCN	SCNN1A	False	full retrieval	0.741
406	PGAP1	PGAP1	True	thin retrieval	0.782
1240	OPN1MW	OPN1MW	True	thin retrieval	0.782
213	CA3	CA2	False	full retrieval	0.741
181	P4HB	P4HB	True	thin retrieval	0.782
231	CA7	CA2	False	full retrieval	0.741
55	PRKACA	NONE	False	thin retrieval	0.370
175	MTCH2	NONE	False	thin retrieval	0.370
1255	MMP12	MMP13	False	thin retrieval	0.370
1226	SREBF2	NONE	False	thin retrieval	0.370
790	HSD17B4	HSD17B4	True	full retrieval	0.796
742	CYP7B1	CYP7B1	True	full retrieval	0.796
748	AKR1D1	AKR1D1	True	full retrieval	0.796
162	KCNT1	KCNJ2	False	full retrieval	0.741
82	POLR2A	POLR2A	True	thin retrieval	0.782
939	ANPEP	ANPEP	True	thin retrieval	0.782
489	PI4KA	PI4KA	True	thin retrieval	0.782
487	PIKFYVE	PIKFYVE	True	thin retrieval	0.782
192	CYP2E1	CYP2E1	True	full retrieval	0.796
648	MINPP1	MINPP1	True	thin retrieval	0.782
473	POLR2A	POLR2A	True	thin retrieval	0.782
1131	HEXB	HEXA	False	thin retrieval	0.370
1256	SLC24A1	SLC24A1	True	full retrieval	0.796
947	NDST1	NDST1	True	thin retrieval	0.782
588	MAT2A	MAT2A	True	full retrieval	0.796
819	CYP21A2	CYP21A2	True	full retrieval	0.796
325	UGT1A6	UGT1A6	True	thin retrieval	0.782
1229	RPE65	RPE65	True	thin retrieval	0.782
922	IPO7	KPNB1	False	thin retrieval	0.370
1258	ITPA	ITPA	True	full retrieval	0.796
1149	FBXW7	NONE	False	thin retrieval	0.370
653	IPMK	IPMK	True	thin retrieval	0.782
344	PLG	MMP3	False	thin retrieval	0.370
426	CERK	CERK	True	thin retrieval	0.782
1026	IYD	IYD	True	thin retrieval	0.782
545	TMPRSS2	NONE	False	thin retrieval	0.370
266	PLB1	PNPLA8	False	thin retrieval	0.370
800	CYP27A1	CYP27A1	True	full retrieval	0.796
716	FECH	FECH	True	full retrieval	0.796
373	HEXA	HEXA	True	thin retrieval	0.782
381	NEU1	NEU4	False	thin retrieval	0.370
142	RHAG	AQP1	False	full retrieval	0.741
267	PLA1A	PLA1A	True	thin retrieval	0.782
39	GUK1	GUK1	True	thin retrieval	0.782
312	MMP9	MMP2	False	thin retrieval	0.370
669	IMPA1	IMPA1	True	thin retrieval	0.782
1273	CTSL	BMP1	False	thin retrieval	0.370
64	POLR3A	POLR3A	True	thin retrieval	0.782
255	PLA2G6	PLA2G4A	False	thin retrieval	0.370
187	NMT1	NMT1	True	thin retrieval	0.782
1313	PIK3CD	PIK3CD	True	thin retrieval	0.782
1293	GGT1	GGT1	True	full retrieval	0.796
112	PRDX6	PRDX6	True	thin retrieval	0.782
1305	NEDD4L	NEDD4L	True	thin retrieval	0.782
343	MMP3	MMP19	False	thin retrieval	0.370
574	CFB	C2	False	thin retrieval	0.370
221	PNPLA7	PNPLA6	False	thin retrieval	0.370
905	SLC46A1	SLC46A1	True	thin retrieval	0.782
1232	LRAT	LRAT	True	thin retrieval	0.782
705	HMOX1	HMOX1	True	full retrieval	0.796
1041	CASP3	KPNB1	False	thin retrieval	0.370
282	PLA2G6	PLA2G4A	False	thin retrieval	0.370
796	KPNB1	KPNB1	True	thin retrieval	0.782
912	SLC19A1	SLC19A1	True	thin retrieval	0.782
567	SMAD4	NONE	False	thin retrieval	0.370
877	IDO1	TDO2	False	full retrieval	0.741
391	CTH	CTH	True	thin retrieval	0.782
22	NT5C1B	NT5C2	False	thin retrieval	0.370
778	SLC27A2	SLC27A2	True	full retrieval	0.796
1124	SLC17A5	SLC17A5	True	thin retrieval	0.782
1113	EPHX2	EPHX2	True	thin retrieval	0.782
931	CHST14	CHST14	True	thin retrieval	0.782
771	ANP32A	NONE	False	full retrieval	0.741
562	PKMYT1	PKMYT1	True	thin retrieval	0.782
773	ACOX2	ACOX2	True	thin retrieval	0.782
959	FGFR2	NONE	False	thin retrieval	0.370
1384	TCN2	NONE	False	thin retrieval	0.370
276	PHOSPHO1	PHOSPHO1	True	thin retrieval	0.782
147	PSEN1	PSEN1	True	thin retrieval	0.782
1191	CTH	CTH	True	thin retrieval	0.782
164	KCNK5	KCNJ2	False	full retrieval	0.741
977	ACSL1	ACSL1	True	thin retrieval	0.782
631	RCC1	RCC1	True	thin retrieval	0.782
998	SREBF2	NONE	False	thin retrieval	0.370
157	PMPCB	PMPCB	True	full retrieval	0.796
1390	CBLIF	NONE	False	thin retrieval	0.370
1071	CTSS	CTSS	True	thin retrieval	0.782
968	FGFR3	NONE	False	thin retrieval	0.370
814	HSD3B2	HSD3B2	True	thin retrieval	0.782
986	ELOVL2	ELOVL2	True	full retrieval	0.796
505	PIKFYVE	PIKFYVE	True	thin retrieval	0.782
427	GGCX	GGCX	True	full retrieval	0.796
1166	DENND4C	RAB3IP	False	thin retrieval	0.370
1128	ABCA1	ABCA1	True	thin retrieval	0.782
971	NMT1	NMT1	True	full retrieval	0.796
125	CTSS	CTSS	True	thin retrieval	0.782
297	PISD	PISD	True	thin retrieval	0.782
375	MMP14	MMP14	True	thin retrieval	0.782
702	UROS	UROS	True	thin retrieval	0.782
1381	KAT2A	KAT2A	True	full retrieval	0.796
445	TERT	NONE	False	thin retrieval	0.370
1146	LOX	NONE	False	thin retrieval	0.370
1238	OPN1MW	NONE	False	thin retrieval	0.370
904	SLC25A20	SLC25A20	True	thin retrieval	0.782
908	SLC46A1	SLC46A1	True	thin retrieval	0.782
1044	CYP4F8	CYP4F8	True	full retrieval	0.796
787	KPNB1	KPNB1	True	thin retrieval	0.782
182	MTCH2	NONE	False	thin retrieval	0.370
268	PNPLA8	PNPLA8	True	full retrieval	0.796
993	B4GALT4	B4GALT4	True	thin retrieval	0.782
664	ITPK1	ITPK1	True	thin retrieval	0.782
1277	PXDN	PXDN	True	thin retrieval	0.782
1376	CUBN	NONE	False	thin retrieval	0.370
61	PRKCA	PRKCA	True	thin retrieval	0.782
1312	KPNB1	KPNB1	True	thin retrieval	0.782
961	KPNB1	KPNB1	True	thin retrieval	0.782
457	MBTPS2	MBTPS2	True	thin retrieval	0.782
140	CNDP2	CNDP2	True	thin retrieval	0.782
1075	CTSS	CTSS	True	thin retrieval	0.782
353	ACSM2B	ACSM1	False	full retrieval	0.741
686	GBA3	GBA2	False	thin retrieval	0.370
943	CTSD	REN	False	thin retrieval	0.370
978	FADS2	FADS2	True	full retrieval	0.796
731	SQLE	SQLE	True	full retrieval	0.796
1294	ABCG5	ABCG5	True	thin retrieval	0.782
148	SPRY2	NONE	False	thin retrieval	0.370
919	ACSL1	ACSL1	True	full retrieval	0.796
1234	STRA6	STRA6	True	thin retrieval	0.782
262	PNPLA8	PNPLA6	False	thin retrieval	0.370
1285	RHO	NONE	False	thin retrieval	0.370
71	POLR3A	POLR3A	True	full retrieval	0.796
1009	HGSNAT	HGSNAT	True	full retrieval	0.796
292	PHOSPHO1	PHOSPHO1	True	thin retrieval	0.782
460	MASP1	MASP1	True	thin retrieval	0.782
1138	XPO1	XPO1	True	thin retrieval	0.782
408	PIGO	PIGO	True	thin retrieval	0.782
459	MASP2	C1S	False	thin retrieval	0.370
979	ELOVL5	ELOVL5	True	full retrieval	0.796
652	IP6K1	IP6K1	True	thin retrieval	0.782
799	CYP27A1	CYP27A1	True	full retrieval	0.796
482	PIP5K1C	PIP5K1A	False	full retrieval	0.741
1033	PNMT	PNMT	True	thin retrieval	0.782
987	CHST6	CHST6	True	thin retrieval	0.782
1030	DDC	DDC	True	full retrieval	0.796
752	ACOX2	ACOX2	True	thin retrieval	0.782
1015	EXT1	EXT1	True	thin retrieval	0.782
1032	DDC	DDC	True	full retrieval	0.796
1212	SREBF2	NONE	False	thin retrieval	0.370
1159	GNS	GNS	True	thin retrieval	0.782
347	GGCX	GGCX	True	full retrieval	0.796
50	RRM1	RRM1	True	thin retrieval	0.782
355	PLA2G2A	PLA2G2A	True	thin retrieval	0.782
673	IP6K2	IP6K1	False	thin retrieval	0.370
277	GDPD5	GDE1	False	thin retrieval	0.370
188	GSPT1	GSPT1	True	thin retrieval	0.782
419	TERT	TERT	True	thin retrieval	0.782
1228	RDH5	RDH5	True	thin retrieval	0.782
1110	GPX1	GPX1	True	thin retrieval	0.782
817	AKR1C4	AKR1C4	True	full retrieval	0.796
681	IMPA1	IMPA1	True	thin retrieval	0.782
882	MAP2K5	MAP2K5	True	thin retrieval	0.782
1276	KPNB1	NONE	False	thin retrieval	0.370
1145	DNM2	NONE	False	thin retrieval	0.370
1392	SMAD4	NONE	False	thin retrieval	0.370
21	SLC29A2	SLC29A2	True	thin retrieval	0.782
610	SULT1E1	SULT1E1	True	thin retrieval	0.782
589	DNA2	DNA2	True	full retrieval	0.796
123	LNPEP	LNPEP	True	thin retrieval	0.782
1213	SREBF2	NONE	False	thin retrieval	0.370
1143	IDUA	IDUA	True	thin retrieval	0.782
843	DHCR24	DHCR24	True	full retrieval	0.796
1235	DGAT1	AWAT2	False	full retrieval	0.741
244	LPGAT1	LPGAT1	True	full retrieval	0.796
1354	MYD88	NONE	False	thin retrieval	0.370
608	SULT2A1	SULT2A1	True	thin retrieval	0.782
300	FTH1	FTH1	True	full retrieval	0.796
992	DHPS	DHPS	True	thin retrieval	0.782
475	POLR2A	POLR2A	True	full retrieval	0.796
1054	CYP2C8	CYP26C1	False	full retrieval	0.741
128	SLC4A1	SLC4A1	True	full retrieval	0.796
470	POLR2A	POLR2A	True	thin retrieval	0.782
380	STS	STS	True	thin retrieval	0.782
1244	RDH12	AKR1B1	False	thin retrieval	0.370
298	TGFBR1	TGFBR1	True	thin retrieval	0.782
184	PAOX	PAOX	True	full retrieval	0.796
611	SULT2B1	SULT2B1	True	thin retrieval	0.782
586	GSS	GSS	True	thin retrieval	0.782
367	MMP14	MMP14	True	thin retrieval	0.782
941	KLK1	ACE	False	thin retrieval	0.370
1247	OPN1LW	NONE	False	thin retrieval	0.370
903	MTHFD1	MTHFD1	True	full retrieval	0.796
1368	KPNB1	KPNA4	False	thin retrieval	0.370
579	CDC25A	CDC25A	True	full retrieval	0.796
830	NSDHL	NSDHL	True	full retrieval	0.796
950	NUDT3	NUDT3	True	thin retrieval	0.782
98	PADI4	PADI2	False	thin retrieval	0.370
1008	HS6ST1	HS6ST1	True	thin retrieval	0.782
676	PTEN	PTEN	True	full retrieval	0.796
1343	SENP5	SENP5	True	thin retrieval	0.782
1029	TPO	TPO	True	full retrieval	0.796
1352	SAR1A	NONE	False	thin retrieval	0.370
755	CYP46A1	CYP46A1	True	full retrieval	0.796
706	UROD	UROD	True	full retrieval	0.796
247	MBOAT1	LPCAT3	False	full retrieval	0.741
270	CDS2	CDS1	False	full retrieval	0.741
390	TST	SQOR	False	thin retrieval	0.370
750	ABCD3	ABCD3	True	thin retrieval	0.782
2	ST3GAL4	ST6GAL1	False	thin retrieval	0.370
639	IP6K1	IP6K1	True	thin retrieval	0.782
368	MMP3	MMP3	True	thin retrieval	0.782
823	HSD17B7	HSD17B7	True	full retrieval	0.796
1391	MTRR	MTRR	True	thin retrieval	0.782
1262	NUDT16	NUDT16	True	full retrieval	0.796
1373	UBE2I	UBE2I	True	full retrieval	0.796
468	TCEA1	CDK9	False	thin retrieval	0.370
416	PIGL	PIGL	True	thin retrieval	0.782
714	MGAM	MGAM	True	full retrieval	0.796
1267	NMT1	NMT1	True	full retrieval	0.796
646	ITPK1	ITPK1	True	thin retrieval	0.782
626	ARSB	ARSB	True	thin retrieval	0.782
386	IDS	IDS	True	thin retrieval	0.782
616	DYNC1H1	DYNC1H1	True	thin retrieval	0.782
792	IRAK1	IRAK1	True	thin retrieval	0.782
675	IPMK	IPMK	True	thin retrieval	0.782
963	KPNA4	KPNA1	False	thin retrieval	0.370
1295	ADAM17	PSEN1	False	thin retrieval	0.370
945	EXT1	EXT1	True	thin retrieval	0.782
366	GLB1	GLB1	True	thin retrieval	0.782
510	PIKFYVE	PIKFYVE	True	thin retrieval	0.782
223	ABHD6	MGLL	False	thin retrieval	0.370
927	CHST3	CHST3	True	thin retrieval	0.782
1085	AKR1C3	AKR1C3	True	full retrieval	0.796
875	MIB1	MIB1	True	thin retrieval	0.782
1211	BTK	BTK	True	thin retrieval	0.782
550	IRF3	NONE	False	thin retrieval	0.370
865	C1GALT1	C1GALT1	True	thin retrieval	0.782
1024	DIO1	DIO1	True	full retrieval	0.796
486	MTMR2	MTM1	False	thin retrieval	0.370
902	SHMT1	SHMT1	True	thin retrieval	0.782
744	CYP27A1	CYP27A1	True	full retrieval	0.796
810	SLCO1B3	SLC10A1	False	thin retrieval	0.370
1176	NUDT1	NUDT1	True	full retrieval	0.796
1158	ITPK1	ITPK1	True	thin retrieval	0.782
609	SULT2A1	SULT2A1	True	thin retrieval	0.782
193	MMP1	MMP1	True	thin retrieval	0.782
831	CAPN1	NONE	False	thin retrieval	0.370
1292	DPEP1	DPEP1	True	thin retrieval	0.782
1047	CYP4F12	CYP4F8	False	full retrieval	0.741
695	SEC11A	SEC11A	True	thin retrieval	0.782
1198	TXNRD1	TXNRD1	True	full retrieval	0.796
1020	ASMT	ASMT	True	thin retrieval	0.782
1206	NNMT	NNMT	True	thin retrieval	0.782
738	TGS1	TGS1	True	thin retrieval	0.782
650	MINPP1	MINPP1	True	thin retrieval	0.782
990	CHST1	CHST6	False	thin retrieval	0.370
732	IDI1	IDI1	True	thin retrieval	0.782
1261	NUDT16	NUDT16	True	full retrieval	0.796
229	LCLAT1	LPGAT1	False	thin retrieval	0.370
812	CYP11B2	CYP11B1	False	full retrieval	0.741
1135	CTSL	CTSL	True	thin retrieval	0.782
357	PLA2G2A	PLA2G2A	True	thin retrieval	0.782
197	DEFA1	NONE	False	thin retrieval	0.370
392	SQOR	SQOR	True	thin retrieval	0.782
1365	SLC37A4	SLC37A4	True	thin retrieval	0.782
439	POLD1	L1RE1	False	thin retrieval	0.370
1161	GLB1	GLB1	True	thin retrieval	0.782
899	DUSP1	DUSP1	True	full retrieval	0.796
176	PPP3CA	PPP3CA	True	thin retrieval	0.782
797	SLC27A2	SLC27A5	False	full retrieval	0.741
469	POLR2A	POLR2A	True	thin retrieval	0.782
84	PPP1CA	PPP1CA	True	full retrieval	0.796
1188	LRAT	LRAT	True	thin retrieval	0.782
630	CAPN1	CAPN1	True	thin retrieval	0.782
966	ZDHHC21	ZDHHC21	True	full retrieval	0.796
1316	BEST1	CFTR	False	thin retrieval	0.370
696	RASGRF1	RASGRF1	True	thin retrieval	0.782
602	SULT2A1	SULT2B1	False	thin retrieval	0.370
79	POLR2A	CAVIN1	False	thin retrieval	0.370
1288	PTGES3	PTGES3	True	thin retrieval	0.782
601	SULT2B1	SULT2B1	True	thin retrieval	0.782
618	SULT1A1	SULT1A1	True	thin retrieval	0.782
402	CDO1	CDO1	True	full retrieval	0.796
1034	DBH	DBH	True	thin retrieval	0.782
1231	LYN	LYN	True	thin retrieval	0.782
1170	HYAL1	HYAL1	True	thin retrieval	0.782
645	ITPK1	ITPK1	True	thin retrieval	0.782
291	PCYT2	PCYT2	True	full retrieval	0.796
1052	CYP2C19	CYP2C19	True	full retrieval	0.796
850	SRC	SRC	True	thin retrieval	0.782
1355	AP1M1	NONE	False	thin retrieval	0.370
1197	SDC1	NONE	False	thin retrieval	0.370
1341	HLCS	HLCS	True	full retrieval	0.796
780	CYP17A1	CYP17A1	True	full retrieval	0.796
1248	PLD1	PLD1	True	thin retrieval	0.782
735	AKR1D1	AKR1D1	True	full retrieval	0.796
1072	CTSS	CTSS	True	thin retrieval	0.782
52	PLCD1	PLCB1	False	full retrieval	0.741
42	APEX1	APEX1	True	thin retrieval	0.782
1185	NUDT18	NUDT18	True	thin retrieval	0.782
1250	OPN1SW	NONE	False	thin retrieval	0.370
304	CHAC1	CHAC1	True	thin retrieval	0.782
548	PELI1	PELI1	True	full retrieval	0.796
1249	ABCA4	ABCA4	True	thin retrieval	0.782
522	MTMR6	SACM1L	False	thin retrieval	0.370
1215	SREBF1	NONE	False	thin retrieval	0.370
322	KPNB1	KPNB1	True	thin retrieval	0.782
1214	SREBF2	NONE	False	thin retrieval	0.370
1398	GBE1	GBE1	True	thin retrieval	0.782
253	DGAT1	MOGAT2	False	thin retrieval	0.370
1396	KAT8	KAT8	True	full retrieval	0.796
196	AKT2	PRKAA1	False	thin retrieval	0.370
647	JAK2	JAK2	True	thin retrieval	0.782
398	CBS	CBS	True	thin retrieval	0.782
1066	CYP2B6	CYP2B6	True	full retrieval	0.796
936	REN	REN	True	thin retrieval	0.782
296	PTPMT1	PTPMT1	True	full retrieval	0.796
495	INPPL1	INPP5D	False	full retrieval	0.741
896	RPE	RPE	True	thin retrieval	0.782
1172	NUDT9	NUDT9	True	full retrieval	0.796
119	EGLN1	EGLN1	True	full retrieval	0.796
1254	FURIN	FURIN	True	thin retrieval	0.782
697	GPD2	GPD2	True	thin retrieval	0.782
432	CD4	NONE	False	thin retrieval	0.370
99	SOD1	SOD1	True	full retrieval	0.796
613	SULT2A1	SULT2A1	True	thin retrieval	0.782
1084	TBXAS1	TBXAS1	True	thin retrieval	0.782
154	KCNB1	KCNJ2	False	full retrieval	0.741
472	POLR2A	CDK9	False	full retrieval	0.741
393	ETHE1	ETHE1	True	full retrieval	0.796
1325	RYR2	RYR1	False	full retrieval	0.741
1242	LRAT	LRAT	True	thin retrieval	0.782
1187	KPNB1	TCL1A	False	thin retrieval	0.370
798	SLC27A5	SLC27A5	True	full retrieval	0.796
1140	RANBP3	RANBP3	True	thin retrieval	0.782
783	ABCB11	ABCB11	True	thin retrieval	0.782
35	AK9	CMPK1	False	thin retrieval	0.370
1318	CLCN7	CLCN7	True	thin retrieval	0.782
15	SLC29A1	SLC29A1	True	thin retrieval	0.782
839	PPP2CA	CSNK1A1	False	thin retrieval	0.370
552	CANX	CANX	True	thin retrieval	0.782
1028	TPO	TPO	True	thin retrieval	0.782
888	SLC19A2	SLC19A2	True	thin retrieval	0.782
934	CMA1	ACE	False	thin retrieval	0.370
765	CEL	CEL	True	full retrieval	0.796
1087	AKR1B1	AKR1C3	False	full retrieval	0.741
897	CKB	CKB	True	thin retrieval	0.782
183	F13A1	NONE	False	full retrieval	0.741
820	CYP21A2	CYP21A2	True	full retrieval	0.796
836	GSK3B	GSK3B	True	thin retrieval	0.782
704	SLC2A2	SLC2A2	True	thin retrieval	0.782
241	DGAT1	DGAT1	True	thin retrieval	0.782
130	RHAG	AQP1	False	full retrieval	0.741
177	MTCH2	NONE	False	thin retrieval	0.370
308	MMP14	MMP14	True	thin retrieval	0.782
83	POLR3A	POLR3A	True	thin retrieval	0.782
351	GGCX	GGCX	True	full retrieval	0.796
917	SLC25A32	SLC25A32	True	thin retrieval	0.782
1194	SARS1	SARS1	True	full retrieval	0.796
250	MBOAT1	MBOAT1	True	full retrieval	0.796
975	ELOVL2	ELOVL2	True	full retrieval	0.796
317	EEF1B2	EEF1B2	True	thin retrieval	0.782
204	PRSS1	PRSS1	True	thin retrieval	0.782
818	HSD3B7	HSD3B7	True	thin retrieval	0.782
75	TCEA1	TCEA1	True	thin retrieval	0.782
1208	SREBF2	NONE	False	thin retrieval	0.370
30	PIK3CA	PIK3CA	True	full retrieval	0.796
1383	SMAD4	NONE	False	thin retrieval	0.370
1397	MTR	MTR	True	thin retrieval	0.782
420	RTEL1	RTEL1	True	full retrieval	0.796
1096	PTGR1	PTGR1	True	thin retrieval	0.782
638	ITPKA	ITPKA	True	full retrieval	0.796
93	NOS2	CYBB	False	full retrieval	0.741
1225	SREBF2	NONE	False	thin retrieval	0.370
1068	CYP2D6	CYP2D6	True	full retrieval	0.796
948	NUDT3	NUDT3	True	thin retrieval	0.782
452	AKT1	AKT1	True	thin retrieval	0.782
834	SLCO1A2	SLCO1B1	False	thin retrieval	0.370
1061	CYP4F11	CYP4F11	True	full retrieval	0.796
342	MMP3	MMP3	True	thin retrieval	0.782
1374	G6PC3	G6PC1	False	full retrieval	0.741
718	SAR1A	SAR1A	True	thin retrieval	0.782
859	NMNAT2	NMNAT2	True	full retrieval	0.796
1181	NUDT5	NUDT5	True	thin retrieval	0.782
234	PLA2G4A	PLA2G4A	True	thin retrieval	0.782
583	SAR1A	SAR1A	True	thin retrieval	0.782
837	P4HB	NONE	False	thin retrieval	0.370
59	PNP	PNP	True	thin retrieval	0.782
736	MVD	MVD	True	thin retrieval	0.782
861	PPCDC	PPCDC	True	full retrieval	0.796
924	CASP3	CASP3	True	thin retrieval	0.782
72	NELFE	NELFE	True	thin retrieval	0.782
446	CD4	NONE	False	thin retrieval	0.370
437	BANF1	NONE	False	thin retrieval	0.370
873	DHFR	DHFR	True	full retrieval	0.796
883	SLC2A1	SLC2A1	True	thin retrieval	0.782
534	ATP6V1A	NONE	False	thin retrieval	0.370
113	TXN	TXN	True	thin retrieval	0.782
360	MMP14	MMP14	True	thin retrieval	0.782
607	COMT	COMT	True	thin retrieval	0.782
811	AKR1C4	AKR1C4	True	full retrieval	0.796
