gene,chains_unlocked,hub_knockouts_served,via_regulatory,already_perturbed_effectively,measurable_as_target,is_TF,essential
CAPZB,136,17,0,False,True,False,1.0
CCNC,78,7,0,False,True,False,0.0
CCNH,75,9,0,False,True,False,1.0
TP53,61,15,54,False,False,True,0.0
CDK7,57,10,40,False,True,False,1.0
REL,53,14,49,False,True,True,0.0
MYC,52,14,52,False,True,True,1.0
ESR1,51,11,50,False,False,True,0.0
CHMP1A,48,1,0,False,True,False,0.0
BCAS2,45,2,0,False,True,False,1.0
ATF4,42,2,35,False,True,True,1.0
DDOST,40,3,0,False,True,False,1.0
CSNK2A1,40,8,18,False,True,False,0.0
CD44,34,3,0,False,False,False,0.0
AR,32,15,32,False,False,True,0.0
FOXP3,31,1,20,False,False,True,0.0
CTNNB1,30,7,21,False,True,True,0.0
ATP6V1D,28,1,0,False,True,False,1.0
APOA1,27,1,0,False,False,False,0.0
BIRC5,27,4,2,False,True,False,1.0
BCL2L1,27,1,0,False,True,False,1.0
AGGF1,25,2,0,False,True,False,0.0
HDAC1,24,7,9,False,True,True,0.0
CCDC57,24,1,0,False,True,False,0.0
CDK9,24,5,10,False,True,False,1.0
GYPA,22,3,0,False,True,False,0.0
SP1,22,12,22,False,True,True,0.0
CDK8,21,7,14,False,True,False,0.0
ERCC3,21,6,0,False,True,False,1.0
CD80,20,3,0,False,False,False,0.0
HSPA1A,19,3,0,False,True,False,1.0
GTF2E2,19,8,0,False,True,False,1.0
BSG,19,2,0,False,True,False,0.0
FHL2,18,5,1,False,False,True,0.0
BACH1,18,1,2,False,True,True,0.0
PICK1,18,11,0,False,True,False,0.0
MEOX2,18,12,0,False,False,True,0.0
ALYREF,18,1,0,False,True,False,1.0
CEBPA,17,2,17,False,False,True,0.0
DDB1,17,1,3,False,True,True,1.0
CANX,17,6,0,False,True,False,0.0
POLR2A,17,8,0,False,True,False,1.0
POLR2E,16,11,0,False,True,False,1.0
DVL3,16,1,0,False,True,False,0.0
CDKN1A,15,2,1,False,False,False,0.0
CTCFL,15,1,13,False,True,True,0.0
CD70,15,2,0,False,False,False,0.0
TBP,15,8,14,False,True,True,1.0
AMOT,15,1,0,False,False,False,0.0
CXCR4,14,4,0,False,False,False,0.0
E2F1,14,9,13,False,True,True,0.0
LMO2,14,6,3,False,True,True,0.0
GPR17,14,6,0,False,False,False,0.0
HCST,14,6,0,False,False,False,0.0
DEF6,14,1,0,False,True,False,0.0
CDC6,13,1,0,False,True,False,1.0
SRC,13,6,11,False,False,False,0.0
HIF1A,13,7,12,False,True,True,0.0
ARSF,13,2,0,False,False,False,0.0
GTF2B,13,7,0,False,True,True,1.0
ATL2,13,1,0,False,True,False,1.0
CMTM8,13,2,0,False,False,False,0.0
STAT3,12,6,10,False,True,True,0.0
ACTA1,12,3,0,False,False,False,0.0
HSF2BP,12,8,0,False,False,False,0.0
PPP2CA,12,4,9,False,True,False,1.0
CHMP4A,12,1,0,False,True,False,0.0
CHMP1B,12,1,0,False,True,False,0.0
ATP1B3,12,1,0,False,True,False,0.0
CAPZA1,12,1,0,False,True,False,0.0
CCND1,11,1,0,False,False,True,1.0
STAT1,11,7,10,False,True,True,0.0
CALM1,11,4,0,False,True,False,0.0
S100P,11,8,0,False,False,False,0.0
AFF4,11,2,0,False,True,False,0.0
ATL3,11,6,0,False,True,False,0.0
NCK2,11,4,0,False,False,False,0.0
DHX9,11,1,0,False,True,False,1.0
ABLIM1,11,1,0,False,False,False,0.0
ENY2,11,2,0,False,True,False,1.0
GOLGA2,10,7,0,False,True,False,0.0
CSNK2A2,10,6,2,False,True,False,0.0
MAPRE1,10,6,0,False,True,False,0.0
RBM8A,10,3,0,False,True,False,1.0
BUD31,10,2,0,False,True,False,1.0
EIF2B1,10,2,0,False,True,False,1.0
MCRS1,9,5,0,False,True,False,1.0
CDK2,9,7,5,False,True,False,1.0
CCDC47,9,5,0,False,True,False,0.0
CALM3,9,5,0,False,True,False,0.0
H2BC11,9,5,0,False,False,False,1.0
C14orf119,9,1,0,False,True,False,0.0
CRELD1,9,1,0,False,True,False,0.0
AKAP9,9,1,0,False,True,False,0.0
YBX1,8,2,2,False,True,True,1.0
CBFA2T3,8,1,2,False,True,True,0.0
C1QA,8,1,0,False,False,False,0.0
CDK5,8,7,6,False,True,False,0.0
BACE1,8,1,0,False,False,False,0.0
UBQLN2,8,5,0,False,True,False,0.0
ATM,8,5,7,False,True,True,0.0
FUS,8,1,1,False,True,True,0.0
AIMP2,8,2,0,False,True,False,0.0
POLR2J,8,6,0,False,True,False,1.0
KIR2DL4,8,4,0,False,False,False,0.0
NFKB2,8,1,8,False,False,True,0.0
ZC3H13,8,5,0,False,True,False,1.0
CCHCR1,8,2,0,False,True,False,0.0
CDC16,8,1,0,False,True,False,1.0
ACTN1,8,1,0,False,True,False,0.0
ARHGEF7,8,1,0,False,True,False,0.0
UBB,7,5,0,False,True,False,0.0
HOXA1,7,4,0,False,False,True,0.0
NFYA,7,4,7,False,True,True,0.0
AURKA,7,5,6,False,True,False,1.0
HSPA8,7,4,0,False,True,False,1.0
YWHAB,7,5,0,False,True,False,0.0
EAF1,7,5,0,False,True,True,0.0
ORAI1,7,5,0,False,True,False,1.0
CACTIN,7,2,0,False,True,False,1.0
CASC3,7,1,0,False,True,False,0.0
DDX39B,7,3,0,False,True,False,1.0
HDAC2,7,7,4,False,True,True,0.0
PAX5,7,6,5,False,False,True,0.0
TPX2,7,5,0,False,True,False,1.0
EGFR,7,3,5,False,False,False,0.0
EFNA4,7,2,0,False,True,False,0.0
INTS11,7,3,0,False,True,False,1.0
EP300,7,7,7,False,True,True,0.0
MED23,7,4,0,False,True,True,0.0
NFKB1,7,1,7,False,True,True,0.0
ACIN1,7,1,0,False,True,False,1.0
BRF1,7,1,0,False,True,False,1.0
GOT1,6,2,0,False,True,False,0.0
DACH1,6,1,1,False,False,True,0.0
DYNLL1,6,2,0,False,True,False,1.0
COPS5,6,2,1,False,True,True,1.0
CCT2,6,5,0,False,True,False,1.0
UBE2I,6,4,4,False,True,False,1.0
SGTA,6,5,0,False,True,False,0.0
TNF,6,6,0,False,False,False,0.0
FKBP5,6,5,0,False,True,False,0.0
CEBPB,6,5,6,False,True,True,0.0
CREB1,6,2,6,False,True,True,0.0
SNRPB,6,2,0,False,True,False,1.0
BLVRB,6,6,0,False,True,False,0.0
SRP9,6,2,0,False,True,False,1.0
SNRPA,6,4,0,False,True,False,0.0
TMEM14B,6,5,0,False,True,False,0.0
RBM39,6,3,0,False,True,False,1.0
KRT27,6,4,0,False,False,False,0.0
CMKLR1,6,2,0,False,False,False,0.0
FBXO2,6,5,0,False,False,False,0.0
B3GNT8,6,1,0,False,False,False,0.0
PIK3C2A,6,4,0,False,True,False,0.0
TOP1,6,3,0,False,True,False,1.0
CDK19,6,5,2,False,True,False,0.0
ERCC2,6,3,5,False,True,True,1.0
IFT20,6,5,0,False,True,False,0.0
NR1I2,6,5,6,False,False,True,0.0
STX8,6,4,0,False,True,False,0.0
GNB5,6,5,0,False,False,False,0.0
FGB,6,2,0,False,False,False,0.0
CAP2,6,1,0,False,False,False,0.0
ARHGEF6,6,1,0,False,True,False,0.0
TMEM131,6,1,0,False,True,False,0.0
MYB,5,3,5,False,True,True,0.0
EIF3J,5,4,0,False,True,False,1.0
WT1,5,1,3,False,True,True,0.0
CDK6,5,3,0,False,True,False,1.0
CDC42,5,3,0,False,True,False,1.0
CD79A,5,5,0,False,False,False,0.0
RUNX1,5,4,5,False,True,True,0.0
AQP6,5,4,0,False,False,False,0.0
RNPS1,5,4,0,False,True,False,1.0
JAG2,5,1,1,False,True,False,0.0
CSNK2B,5,3,1,False,True,False,1.0
NDUFA3,5,2,0,False,True,False,0.0
TTC19,5,5,0,False,True,False,0.0
SGPL1,5,2,0,False,False,False,0.0
ERCC6,5,2,0,False,True,False,0.0
ABI2,5,5,0,False,True,False,0.0
HNRNPCL2,5,1,0,False,False,False,0.0
COG6,5,2,0,False,True,False,0.0
BANP,5,5,0,False,True,False,1.0
MFAP1,5,1,0,False,True,False,1.0
HAUS1,5,2,0,False,True,False,1.0
LMNB1,5,1,0,False,True,False,0.0
TRAF2,5,5,0,False,True,False,0.0
NELFA,5,2,0,False,True,False,1.0
NELFCD,5,3,5,False,True,True,1.0
FCHO1,5,5,0,False,False,False,0.0
CCNL1,5,5,0,False,True,False,1.0
REPS1,5,4,0,False,True,False,0.0
PAK1,5,4,3,False,True,False,0.0
GTF2H5,5,5,0,False,True,False,0.0
H2AZ1,5,4,0,False,False,False,1.0
SCN3B,5,3,0,False,False,False,0.0
CARTPT,5,1,0,False,False,False,0.0
PPARG,5,5,5,False,False,True,0.0
LEO1,5,2,0,False,True,False,0.0
LNX1,5,3,0,False,False,False,0.0
ARHGAP18,5,1,0,False,True,False,0.0
JUND,5,2,5,False,True,True,0.0
S100A6,5,3,0,False,False,False,0.0
CTTN,5,1,0,False,True,False,0.0
ATF7,5,1,1,False,True,True,0.0
FCER1G,4,1,0,False,True,False,0.0
MUC1,4,1,0,False,False,True,0.0
CDKN1B,4,1,0,False,True,False,0.0
FAM9C,4,3,0,False,False,False,0.0
KCNE3,4,2,0,False,False,False,0.0
CLTA,4,3,0,False,True,False,0.0
TNPO3,4,4,0,False,True,False,1.0
KLRC1,4,2,0,False,False,False,0.0
BRD4,4,4,0,False,True,True,1.0
SKP2,4,3,2,False,True,False,1.0
PPM1G,4,4,0,False,True,False,0.0
CAV1,4,4,0,False,False,False,0.0
BORCS6,4,2,0,False,False,False,0.0
FBXO28,4,1,0,False,True,False,0.0
CYBB,4,1,0,False,False,False,0.0
JUN,4,4,4,False,True,True,0.0
CDK1,4,4,4,False,True,False,1.0
MIF,4,3,0,False,True,False,0.0
CLK2,4,4,0,False,True,False,0.0
PIGF,4,2,1,False,True,False,0.0
WWP1,4,3,0,False,True,True,0.0
HBEGF,4,4,0,False,False,False,0.0
WWP2,4,2,1,False,True,False,0.0
CEP70,4,2,0,False,True,False,0.0
BRCA1,4,2,1,False,True,True,0.0
ERCC8,4,3,0,False,True,False,0.0
PGR,4,1,4,False,False,True,0.0
PIN1,4,2,0,False,True,True,0.0
RBX1,4,1,1,False,True,False,1.0
EDA,4,2,0,False,False,False,0.0
ELF4,4,4,4,False,False,True,0.0
CTDP1,4,2,1,False,False,False,1.0
MTUS2,4,4,0,False,False,False,0.0
HCFC1,4,3,1,False,True,True,1.0
CWC25,4,1,0,False,True,False,0.0
LMO1,4,2,0,False,False,True,0.0
APC,4,2,2,False,True,True,0.0
EIF4A3,4,2,0,False,True,False,1.0
ILK,4,4,4,False,True,False,0.0
NIPBL,4,4,0,False,True,False,0.0
SDCBP,4,4,0,False,True,False,0.0
INTS10,4,3,0,False,True,False,0.0
DPEP1,4,1,0,False,False,False,0.0
EXOC8,4,3,0,False,True,False,0.0
INTS12,4,2,0,False,True,False,0.0
INTS3,4,2,0,False,True,False,1.0
PTH2R,4,1,0,False,False,False,0.0
INTS6,4,3,0,False,True,False,1.0
SREBF2,4,3,4,False,True,True,0.0
POLR2L,4,3,0,False,True,False,1.0
NICN1,4,4,0,False,False,False,0.0
NPC1,4,4,0,False,False,False,0.0
TRIM27,4,4,0,False,True,True,0.0
TBC1D15,4,4,0,False,True,False,0.0
NDUFB7,4,4,0,False,True,False,0.0
PPARGC1B,4,3,4,False,True,True,0.0
STAMBP,4,1,0,False,True,False,0.0
ACTB,4,3,0,False,True,False,1.0
ERH,4,2,0,False,True,False,1.0
SAR1B,4,2,0,False,True,False,0.0
ARL6IP1,4,2,0,False,True,False,0.0
WWC1,4,2,0,False,False,False,0.0
EFNA5,4,2,0,False,False,False,0.0
CYC1,4,4,0,False,True,False,0.0
IL2RA,4,1,0,False,False,False,0.0
LAMP3,4,2,0,False,False,False,0.0
MBIP,4,2,0,False,True,False,0.0
BDP1,4,1,4,False,True,True,1.0
CRYAA,4,1,0,False,False,False,0.0
CD3D,4,1,0,False,False,False,0.0
DTX2,3,3,0,False,True,False,0.0
IKZF1,3,1,0,False,True,True,0.0
EPOR,3,1,0,False,True,False,0.0
PLS1,3,2,0,False,True,False,0.0
AHSP,3,1,0,False,False,False,0.0
TAL1,3,1,3,False,True,True,0.0
MCC,3,3,0,False,False,False,0.0
HLA-E,3,2,0,False,True,False,0.0
STX17,3,1,0,False,True,False,0.0
TP63,3,2,3,False,False,True,0.0
CCR3,3,1,0,False,False,False,0.0
GP1BA,3,1,0,False,False,False,0.0
FKBP8,3,3,0,False,True,False,0.0
SMAD4,3,3,3,False,True,True,0.0
DICER1,3,1,0,False,True,False,0.0
SQSTM1,3,3,0,False,True,False,0.0
ELOB,3,2,0,False,True,False,1.0
ATF2,3,2,3,False,True,True,0.0
YWHAZ,3,2,0,False,True,False,0.0
CMTM5,3,1,0,False,False,False,0.0
APOD,3,3,0,False,False,False,0.0
CUL5,3,2,0,False,True,False,0.0
CBFB,3,1,1,False,True,True,0.0
ERGIC3,3,2,0,False,True,False,0.0
GRB2,3,1,0,False,True,False,1.0
VPS37C,3,2,0,False,True,False,0.0
USF1,3,3,3,False,True,True,0.0
PRKCD,3,3,3,False,False,False,0.0
HDAC4,3,1,1,False,False,True,0.0
AKT1,3,3,3,False,True,False,0.0
TCF4,3,3,2,False,True,True,0.0
RTN4,3,3,0,False,True,False,0.0
FLI1,3,1,3,False,False,True,0.0
PI15,3,2,0,False,False,False,0.0
RPRD1B,3,2,0,False,True,False,0.0
RAB1A,3,3,0,False,True,False,0.0
ASPH,3,1,0,False,False,False,0.0
LATS1,3,3,1,False,True,False,0.0
ST14,3,1,0,False,False,False,0.0
ELL,3,2,2,False,True,True,1.0
CYCS,3,3,0,False,True,False,1.0
TIAL1,3,3,0,False,True,True,0.0
SULF2,3,3,0,False,False,False,0.0
PPP1CC,3,2,0,False,True,False,0.0
NUFIP1,3,3,0,False,True,False,1.0
CDCA8,3,3,0,False,True,False,1.0
MYOZ3,3,3,0,False,False,False,0.0
APOE,3,2,0,False,True,False,0.0
CD6,3,2,0,False,False,False,0.0
CRNKL1,3,2,0,False,True,False,1.0
INPPL1,3,2,0,False,True,False,0.0
RPL11,3,3,0,False,True,False,1.0
ANKRD13D,3,1,0,False,True,False,0.0
CTNNBL1,3,1,0,False,True,False,1.0
PPIL1,3,2,0,False,True,False,1.0
PSME3,3,1,1,False,True,False,0.0
MAPK14,3,3,1,False,True,False,0.0
COPA,3,3,0,False,True,False,1.0
SNW1,3,1,0,False,True,True,1.0
ATP6AP2,3,2,0,False,True,False,1.0
EFTUD2,3,2,0,False,True,False,1.0
GADD45A,3,3,0,False,True,False,0.0
MZF1,3,3,3,False,True,True,0.0
SOX9,3,3,3,False,False,True,0.0
OR2A4,3,1,0,False,False,False,0.0
DKKL1,3,2,0,False,False,False,0.0
POLR2K,3,3,0,False,True,False,1.0
RUSC1,3,2,0,False,True,False,0.0
LMBRD2,3,2,0,False,True,False,0.0
CBX8,3,3,0,False,True,True,0.0
FAF2,3,2,0,False,True,False,0.0
LRRC25,3,3,0,False,False,False,0.0
RRP1,3,3,0,False,True,False,1.0
CST1,3,3,0,False,False,False,0.0
NR2F2,3,2,1,False,True,True,0.0
STX7,3,3,0,False,True,False,0.0
CT45A5,3,2,0,False,False,False,0.0
SMAD3,3,3,1,False,True,True,0.0
MED18,3,3,0,False,False,False,1.0
PMVK,3,3,0,False,True,False,0.0
SMARCA5,3,3,0,False,True,True,1.0
BLOC1S2,3,2,0,False,True,False,0.0
CDK12,3,2,0,False,True,False,1.0
ZBED1,3,3,1,False,True,True,0.0
CCL3,3,3,0,False,False,False,0.0
AGTRAP,3,3,0,False,True,False,0.0
GTF2H1,3,3,0,False,True,False,1.0
HSP90AA1,3,3,0,False,True,False,0.0
GSK3B,3,1,3,False,True,False,0.0
VAMP3,3,3,0,False,True,False,0.0
NME7,3,1,0,False,True,False,0.0
TAF9,3,3,0,False,True,False,0.0
SREBF1,3,2,2,False,True,True,0.0
MYO15B,3,2,0,False,False,False,0.0
PSPC1,3,2,0,False,True,False,0.0
NFATC1,3,2,3,False,False,True,0.0
CAB39,3,1,0,False,True,False,0.0
CD79B,3,2,0,False,False,False,0.0
CHMP4B,3,1,0,False,True,False,1.0
DDIT4L,3,1,0,False,False,False,0.0
VPS37B,3,1,0,False,True,False,0.0
DAXX,3,2,1,False,True,True,0.0
RELA,3,2,3,False,True,True,0.0
BCLAF1,3,1,3,False,True,True,1.0
INTS1,3,2,0,False,True,False,1.0
SLC1A5,3,3,0,False,True,False,0.0
RACK1,3,2,0,False,True,False,1.0
PRRC2A,3,1,0,False,True,False,0.0
ATG13,3,2,0,False,True,False,0.0
CKAP4,3,1,0,False,False,False,0.0
ATP2A1,3,2,0,False,False,False,0.0
HSPA4,3,2,0,False,True,False,0.0
KCNA2,3,2,0,False,False,False,0.0
NPTN,3,1,0,False,True,False,0.0
STAT5A,3,1,3,False,True,True,0.0
MAPK8,3,2,2,False,True,False,0.0
IKBKG,3,1,0,False,True,False,0.0
CCT4,3,3,0,False,True,False,1.0
PEG10,3,3,0,False,False,False,0.0
MAP3K7,3,2,2,False,True,False,0.0
HOXB2,2,1,1,False,True,True,0.0
PLCG1,2,1,0,False,False,False,0.0
E2F4,2,2,2,False,True,True,0.0
CRTAP,2,2,0,False,True,False,0.0
PBXIP1,2,1,0,False,False,False,0.0
MEN1,2,2,2,False,True,True,0.0
SETX,2,2,0,False,True,False,0.0
LDB1,2,1,0,False,True,True,0.0
CCL24,2,1,0,False,False,False,0.0
APOB,2,1,0,False,False,False,0.0
GP1BB,2,1,0,False,True,False,0.0
KANK2,2,1,0,False,True,False,0.0
APOC1,2,2,0,False,True,False,0.0
GSTP1,2,1,0,False,True,False,0.0
KRAS,2,1,0,False,True,False,0.0
RAMP1,2,2,0,False,False,False,0.0
GAPDH,2,2,0,False,True,False,1.0
STT3B,2,2,0,False,True,False,0.0
IRF8,2,1,2,False,False,True,0.0
HAVCR2,2,2,0,False,False,False,0.0
CDCP2,2,1,0,False,False,False,0.0
CCND3,2,2,0,False,True,False,0.0
APOA5,2,1,0,False,False,False,0.0
PARP1,2,2,2,False,True,True,0.0
STK3,2,2,2,False,True,False,0.0
IL6,2,2,2,False,False,False,0.0
HNRNPK,2,2,0,False,True,False,1.0
NR0B2,2,1,1,False,False,True,0.0
IFNG,2,1,2,False,False,False,0.0
FCGR1A,2,1,0,False,False,False,0.0
MTA3,2,2,2,False,True,True,0.0
FCGRT,2,1,0,False,True,False,0.0
SOD1,2,2,0,False,True,False,1.0
CSNK1A1,2,1,0,False,True,False,1.0
IP6K1,2,2,0,False,True,False,0.0
EDAR,2,2,0,False,False,False,0.0
GORAB,2,2,0,False,False,False,0.0
ITPR1,2,2,0,False,True,False,0.0
PLSCR4,2,2,0,False,False,False,0.0
C5AR1,2,1,0,False,False,False,0.0
CCR5,2,1,0,False,False,False,0.0
ATP6V1H,2,1,0,False,True,False,1.0
STIM1,2,2,0,False,True,False,0.0
BNIP3,2,1,0,False,True,False,0.0
KLF1,2,1,1,False,True,True,0.0
C3,2,2,0,False,False,False,0.0
TUBB8,2,1,0,False,False,False,0.0
E2F6,2,2,2,False,True,True,0.0
GLS,2,2,0,False,True,False,0.0
PEX5,2,1,0,False,False,False,0.0
H3-4,2,1,0,False,False,False,0.0
SPG21,2,2,0,False,True,False,0.0
GLI1,2,2,2,False,False,True,0.0
ATF6,2,2,2,False,True,True,0.0
GNG8,2,2,0,False,False,False,0.0
SSR2,2,2,0,False,True,False,0.0
PRPF8,2,2,0,False,True,False,1.0
MFNG,2,2,0,False,False,False,0.0
SNAPIN,2,2,0,False,True,False,0.0
COMMD1,2,1,0,False,True,False,0.0
NDUFAB1,2,2,0,False,True,False,1.0
RAB7A,2,2,0,False,True,False,0.0
MAPK1,2,2,2,False,True,False,0.0
P4HA1,2,2,0,False,True,False,0.0
TXNL4A,2,2,0,False,True,False,1.0
PAX6,2,2,2,False,True,True,0.0
MDM2,2,2,2,False,True,True,0.0
CP,2,2,0,False,False,False,0.0
SYT2,2,2,0,False,False,False,0.0
DISC1,2,2,0,False,False,False,0.0
CCDC120,2,2,0,False,False,False,0.0
NDC80,2,1,0,False,True,False,1.0
AP2M1,2,2,0,False,True,False,1.0
ATP5F1A,2,1,0,False,True,False,1.0
SCNM1,2,1,0,False,True,False,0.0
PABPC5,2,1,0,False,False,False,0.0
SYT1,2,2,0,False,False,False,0.0
KPRP,2,2,0,False,False,False,0.0
P4HB,2,2,0,False,True,False,0.0
LGALS3,2,1,0,False,False,False,0.0
HNRNPA2B1,2,2,0,False,True,False,0.0
ATP6AP1,2,2,0,False,True,False,1.0
PRKAA2,2,2,0,False,False,False,0.0
KLHL2,2,2,0,False,False,False,0.0
SEC22A,2,2,0,False,True,False,0.0
PNN,2,2,0,False,True,False,1.0
ZWINT,2,1,0,False,True,False,1.0
PFDN5,2,1,0,False,True,False,1.0
PSMB10,2,2,0,False,True,False,0.0
CENPM,2,2,0,False,True,False,1.0
DHX38,2,2,0,False,True,False,1.0
NPM1,2,2,0,False,True,True,0.0
OIP5,2,2,0,False,True,False,1.0
ATP6V0C,2,2,0,False,True,False,1.0
NR2F1,2,1,2,False,False,True,0.0
TMEM100,2,1,0,False,False,False,0.0
SUN1,2,2,0,False,True,False,0.0
FAM174A,2,1,0,False,False,False,0.0
KPNA1,2,2,0,False,True,False,0.0
H2AX,2,2,0,False,False,False,1.0
JAK1,2,1,0,False,True,False,0.0
MTOR,2,2,2,False,True,False,1.0
UTP20,2,2,0,False,True,False,1.0
METTL15,2,2,0,False,True,False,0.0
ICAM1,2,1,0,False,True,False,0.0
FAM161A,2,2,0,False,True,False,0.0
ATP6V0D1,2,2,0,False,True,False,1.0
B3GNT2,2,2,0,False,True,False,0.0
BRCC3,2,1,0,False,True,False,0.0
SCAMP1,2,2,0,False,True,False,0.0
ACTBL2,2,2,0,False,False,False,0.0
POU6F2,2,2,0,False,False,True,0.0
KPNA3,2,1,0,False,True,False,0.0
BAX,2,1,1,False,True,False,0.0
DPY30,2,2,0,False,True,False,0.0
COG7,2,2,0,False,True,False,0.0
TTI1,2,2,0,False,True,False,1.0
MED15,2,2,0,False,True,True,0.0
PLIN3,2,2,1,False,True,False,0.0
AGO1,2,2,0,False,True,False,0.0
DIABLO,2,1,0,False,False,False,0.0
USP22,2,2,0,False,True,False,0.0
TMEM42,2,2,0,False,False,False,0.0
GTF2F2,2,1,0,False,True,False,1.0
INCENP,2,2,0,False,True,False,1.0
FGL1,2,2,0,False,False,False,0.0
HPSE,2,2,0,False,False,False,0.0
AKAP8L,2,2,0,False,True,False,0.0
IGFBP3,2,2,0,False,False,False,0.0
HRG,2,1,0,False,False,False,0.0
GTF2H2,2,2,0,False,True,False,1.0
APOA2,2,1,0,False,False,False,0.0
EHMT2,2,1,0,False,True,True,0.0
SPAG8,2,2,0,False,False,False,0.0
ERBB2,2,2,0,False,False,False,0.0
THRA,2,2,1,False,True,True,0.0
ATP1B1,2,2,0,False,False,False,0.0
NUMA1,2,2,0,False,True,False,1.0
TCEA2,2,2,0,False,True,False,0.0
IGF2R,2,2,0,False,True,False,0.0
CYSRT1,2,2,0,False,False,False,0.0
ROCK1,2,1,0,False,True,False,0.0
VPS25,2,1,0,False,True,False,1.0
EZH1,2,1,0,False,True,False,0.0
NFYC,2,2,0,False,True,True,1.0
STMN4,2,1,0,False,False,False,0.0
CHMP5,2,1,0,False,True,False,1.0
MECP2,2,1,1,False,True,True,0.0
STAM,2,1,0,False,True,False,0.0
CTLA4,2,1,0,False,False,False,0.0
SNF8,2,2,0,False,True,False,1.0
KLF4,2,1,2,False,False,True,0.0
STAM2,2,1,0,False,True,False,0.0
GORASP2,2,2,0,False,True,False,0.0
TCIRG1,2,1,0,False,True,False,0.0
CERS4,2,2,0,False,False,False,0.0
CYB5B,2,2,0,False,True,False,0.0
AVPR2,2,1,0,False,False,False,0.0
CCT8L2,2,2,0,False,False,False,0.0
EFNB1,2,2,0,False,False,False,0.0
EIF4G1,2,1,0,False,True,False,1.0
CLINT1,2,2,0,False,True,False,0.0
PPP1CA,2,2,1,False,True,False,1.0
CCNA2,2,1,0,False,True,False,1.0
DRG1,2,1,0,False,True,False,0.0
EIF3L,2,2,0,False,True,False,0.0
EIF3G,2,2,0,False,True,False,1.0
HMGB2,2,2,0,False,True,True,0.0
NEFM,2,2,0,False,False,False,0.0
LONP1,2,2,0,False,True,False,1.0
COX4I1,2,1,0,False,True,False,0.0
HSP90B1,2,1,0,False,True,False,1.0
CDC27,2,2,0,False,True,False,1.0
SPSB4,2,2,0,False,False,False,0.0
CHCHD6,2,2,0,False,True,False,0.0
CTCF,2,1,2,False,True,True,1.0
KTN1,2,1,0,False,True,False,0.0
YWHAE,2,2,0,False,True,False,0.0
PA2G4,2,1,1,False,True,True,1.0
RNF40,2,2,0,False,True,False,0.0
PTPN11,2,1,0,False,True,False,1.0
FYN,2,2,1,False,True,False,0.0
KLRD1,2,1,0,False,False,False,0.0
DMXL2,2,2,0,False,True,False,0.0
RER1,2,1,0,False,True,False,0.0
NELFB,2,2,0,False,True,True,1.0
PRKDC,2,2,0,False,True,False,0.0
SERPINB13,2,2,0,False,False,False,0.0
POU2F1,2,2,2,False,True,True,0.0
LASP1,2,2,0,False,True,False,0.0
TRAPPC2,2,2,0,False,True,False,0.0
CALCOCO1,2,1,0,False,False,False,0.0
FHL3,2,2,0,False,True,False,0.0
PRKAA1,2,1,2,False,True,False,0.0
ACACB,2,1,0,False,False,False,0.0
AQP1,2,1,0,False,False,False,0.0
SNAP29,2,1,0,False,True,False,0.0
ITCH,2,1,1,False,True,False,0.0
C1orf54,2,1,0,False,False,False,0.0
CD2AP,2,1,0,False,True,False,0.0
EFHC2,2,1,0,False,True,False,0.0
PLEKHO1,2,1,0,False,True,False,0.0
CNOT2,2,1,0,False,True,False,0.0
PRKACA,2,1,2,False,True,False,0.0
TCEAL1,2,2,0,False,False,False,0.0
SATB2,2,1,2,False,True,True,0.0
HLA-B,2,1,0,False,False,False,0.0
C2CD4B,1,1,0,False,False,False,0.0
TUBB3,1,1,0,False,False,False,0.0
LIN28A,1,1,0,False,False,True,0.0
PSCA,1,1,0,False,False,False,0.0
CIT,1,1,0,False,True,False,0.0
LCN2,1,1,0,False,False,False,0.0
PSMB1,1,1,0,False,True,False,1.0
SPI1,1,1,1,False,True,True,0.0
ALOXE3,1,1,0,False,False,False,0.0
PLK2,1,1,0,False,False,False,0.0
YWHAQ,1,1,0,False,True,False,0.0
SPTA1,1,1,0,False,False,False,0.0
BACH2,1,1,0,False,False,True,0.0
ENPP1,1,1,0,False,False,False,0.0
RBM12,1,1,0,False,True,False,0.0
INSR,1,1,1,False,False,False,0.0
ARL6IP4,1,1,0,False,True,False,0.0
BID,1,1,0,False,True,False,0.0
STK11,1,1,0,False,True,False,0.0
NCKIPSD,1,1,0,False,False,False,0.0
CXCL9,1,1,0,False,False,False,0.0
CASP1,1,1,0,False,False,False,0.0
ALAS2,1,1,0,False,True,False,0.0
GYPB,1,1,0,False,True,False,0.0
PARP9,1,1,1,False,False,True,0.0
DTX3L,1,1,0,False,False,False,0.0
DCDC2,1,1,0,False,False,False,0.0
POP5,1,1,0,False,True,False,1.0
BACE2,1,1,0,False,False,False,0.0
RAN,1,1,0,False,True,False,1.0
KIF2B,1,1,0,False,False,False,0.0
MTA2,1,1,0,False,True,True,0.0
ASB7,1,1,0,False,False,False,0.0
TCF12,1,1,1,False,True,True,0.0
RNF4,1,1,0,False,True,False,1.0
FANCL,1,1,0,False,True,False,0.0
JAK2,1,1,0,False,False,False,0.0
NFIL3,1,1,0,False,True,True,0.0
YIF1A,1,1,0,False,True,False,0.0
ITGA4,1,1,0,False,False,False,0.0
MAPK6,1,1,0,False,True,False,0.0
HDAC3,1,1,1,False,True,True,1.0
MALL,1,1,0,False,False,False,0.0
ZNF558,1,1,0,False,False,False,0.0
KIT,1,1,0,False,True,False,0.0
PCYOX1,1,1,0,False,True,False,0.0
SCHIP1,1,1,0,False,False,False,0.0
GAD2,1,1,0,False,False,False,0.0
REEP4,1,1,0,False,True,False,0.0
GPX8,1,1,0,False,False,False,0.0
STXBP4,1,1,0,False,True,False,0.0
TECR,1,1,0,False,True,False,0.0
HOOK2,1,1,1,False,True,False,0.0
CDK16,1,1,0,False,True,False,0.0
ITGA2B,1,1,0,False,False,False,0.0
RUNX2,1,1,0,False,True,True,0.0
ADAM10,1,1,0,False,True,False,0.0
CDH23,1,1,0,False,False,False,0.0
ZBTB24,1,1,0,False,True,False,0.0
ANK1,1,1,0,False,True,False,0.0
EPB42,1,1,0,False,False,False,0.0
COMMD9,1,1,0,False,True,False,0.0
BST2,1,1,0,False,True,False,0.0
SLC25A30,1,1,0,False,False,False,0.0
BATF,1,1,0,False,False,True,0.0
CLMP,1,1,0,False,False,False,0.0
AMY1C,1,1,0,False,False,False,0.0
AMY1A,1,1,0,False,False,False,0.0
TMBIM6,1,1,0,False,True,False,0.0
KLHL20,1,1,0,False,True,False,0.0
HHEX,1,1,0,False,True,True,0.0
SRA1,1,1,0,False,True,False,0.0
FGF12,1,1,0,False,False,False,0.0
SLC19A1,1,1,0,False,True,False,0.0
RPRM,1,1,0,False,False,False,0.0
MFAP3,1,1,0,False,False,False,0.0
FCER1A,1,1,0,False,False,False,0.0
ST6GALNAC6,1,1,0,False,False,False,0.0
SMURF2,1,1,0,False,True,True,0.0
GGA3,1,1,0,False,True,False,0.0
CCNO,1,1,0,False,False,False,0.0
PTPA,1,1,0,False,True,False,1.0
NDUFAF1,1,1,0,False,True,False,0.0
FURIN,1,1,0,False,True,False,0.0
GATA2,1,1,1,False,True,True,0.0
LGALS1,1,1,0,False,True,False,0.0
SLC30A1,1,1,0,False,True,False,0.0
HSPA12A,1,1,0,False,False,False,0.0
ATF1,1,1,0,False,True,True,0.0
XRCC5,1,1,0,False,True,True,1.0
ERCC1,1,1,0,False,True,False,0.0
CCL15,1,1,0,False,False,False,0.0
EXOC6,1,1,0,False,True,False,0.0
SAT1,1,1,0,False,True,False,0.0
TLE5,1,1,0,False,True,True,0.0
RAF1,1,1,0,False,True,False,0.0
RAC1,1,1,0,False,True,False,1.0
HOXA10,1,1,1,False,False,True,0.0
CYB5R3,1,1,0,False,True,False,0.0
CX3CL1,1,1,0,False,False,False,0.0
PKP3,1,1,0,False,True,False,0.0
CENPQ,1,1,0,False,True,False,0.0
SLC39A7,1,1,0,False,True,False,1.0
GNAO1,1,1,0,False,False,False,0.0
BDKRB1,1,1,1,False,False,False,0.0
LGALS8,1,1,0,False,True,False,0.0
TCF3,1,1,0,False,True,True,0.0
TFAP2A,1,1,1,False,True,True,0.0
MTIF3,1,1,0,False,True,False,0.0
CSNK1A1L,1,1,0,False,False,False,0.0
SCGB2A1,1,1,0,False,False,False,0.0
IL13,1,1,1,False,False,False,0.0
PICALM,1,1,0,False,True,False,0.0
ADAM9,1,1,0,False,True,False,0.0
PPP1R13B,1,1,0,False,False,False,0.0
ERG28,1,1,0,False,True,False,0.0
C1orf198,1,1,0,False,False,False,0.0
MPO,1,1,0,False,False,False,0.0
DPM2,1,1,0,False,True,False,0.0
DIDO1,1,1,0,False,True,False,0.0
RBM42,1,1,0,False,True,False,1.0
AIRE,1,1,0,False,False,True,0.0
GOPC,1,1,0,False,True,False,0.0
HADHA,1,1,0,False,True,False,0.0
MRPS2,1,1,0,False,True,False,0.0
SCD,1,1,0,False,True,False,1.0
EPB41L3,1,1,0,False,False,False,0.0
DET1,1,1,0,False,False,False,0.0
COPS2,1,1,0,False,True,False,1.0
OST4,1,1,0,False,True,False,0.0
TCTN2,1,1,0,False,False,False,0.0
IWS1,1,1,0,False,True,False,0.0
DCAF17,1,1,0,False,True,False,0.0
DEFB136,1,1,0,False,False,False,0.0
PIGG,1,1,0,False,True,False,0.0
GRK6,1,1,0,False,True,False,0.0
PEX1,1,1,0,False,True,False,0.0
VBP1,1,1,0,False,True,False,1.0
CCAR1,1,1,0,False,True,False,1.0
IGFL3,1,1,0,False,False,False,0.0
KCMF1,1,1,0,False,True,False,1.0
ELP2,1,1,0,False,True,False,1.0
ZNF143,1,1,1,False,True,True,0.0
NSG1,1,1,0,False,False,False,0.0
MYOG,1,1,1,False,False,True,0.0
CEBPD,1,1,1,False,True,True,0.0
ATP5PO,1,1,0,False,True,False,0.0
CTXN3,1,1,0,False,False,False,0.0
RPN2,1,1,0,False,True,False,1.0
MLLT3,1,1,0,False,True,True,0.0
FAM9A,1,1,0,False,False,False,0.0
TEP1,1,1,0,False,False,False,0.0
AP3S1,1,1,0,False,True,False,0.0
LDB3,1,1,0,False,False,False,0.0
SCYL1,1,1,0,False,True,False,0.0
ELAVL1,1,1,1,False,True,False,0.0
TP73,1,1,1,False,False,True,0.0
CHRNA3,1,1,0,False,False,False,0.0
FYCO1,1,1,1,False,False,False,0.0
HMOX2,1,1,0,False,True,False,0.0
NOTCH2,1,1,0,False,False,False,0.0
PNKD,1,1,0,False,True,False,0.0
DCAF7,1,1,0,False,True,False,0.0
AKAP8,1,1,0,False,True,False,0.0
HNRNPU,1,1,0,False,True,False,1.0
PTGES3,1,1,0,False,True,False,0.0
DYNLL2,1,1,0,False,True,False,0.0
RBMXL1,1,1,0,False,True,False,1.0
RNASEK,1,1,0,False,True,False,0.0
FMR1,1,1,0,False,True,False,0.0
WWOX,1,1,0,False,True,False,0.0
PLAGL2,1,1,0,False,True,True,0.0
AKIRIN2,1,1,0,False,True,False,1.0
ARHGEF1,1,1,0,False,True,False,0.0
CLDN7,1,1,0,False,False,False,0.0
CAMKV,1,1,0,False,False,False,0.0
AP3M1,1,1,0,False,True,False,0.0
TRIP11,1,1,0,False,True,False,0.0
PLEKHF2,1,1,0,False,True,False,0.0
LAPTM5,1,1,0,False,True,False,0.0
ATP6V0A2,1,1,0,False,True,False,0.0
ANK2,1,1,0,False,False,False,0.0
MAP7,1,1,0,False,False,False,0.0
SNIP1,1,1,1,False,True,True,1.0
SNRPB2,1,1,0,False,True,False,1.0
SCAND1,1,1,0,False,True,True,0.0
HOXB5,1,1,1,False,False,True,0.0
SF3A2,1,1,0,False,True,False,1.0
HNRNPUL2,1,1,0,False,True,False,0.0
RPN1,1,1,0,False,True,False,1.0
MID2,1,1,0,False,False,True,0.0
ATG9A,1,1,0,False,True,False,0.0
SLC39A9,1,1,0,False,True,False,0.0
ITIH6,1,1,0,False,False,False,0.0
ABT1,1,1,0,False,True,False,1.0
COL8A1,1,1,0,False,False,False,0.0
SF3B4,1,1,0,False,True,False,1.0
SLC35B2,1,1,0,False,True,False,0.0
ECM1,1,1,0,False,False,False,0.0
PPIL2,1,1,0,False,True,False,1.0
METTL16,1,1,0,False,True,False,1.0
APP,1,1,0,False,False,False,0.0
GTF3C1,1,1,0,False,True,False,1.0
GADD45GIP1,1,1,0,False,True,False,0.0
PATZ1,1,1,0,False,True,True,0.0
PAK2,1,1,0,False,True,False,0.0
FGFR1,1,1,1,False,True,False,0.0
USP47,1,1,0,False,True,False,0.0
SRSF3,1,1,0,False,True,False,1.0
MAD2L1,1,1,0,False,True,False,1.0
ZMYND19,1,1,0,False,True,False,0.0
MTCH2,1,1,0,False,True,False,0.0
ARHGEF12,1,1,0,False,True,False,0.0
FTL,1,1,0,False,True,False,0.0
USP13,1,1,0,False,True,False,0.0
NCOA5,1,1,0,False,True,False,0.0
RABGAP1,1,1,0,False,True,False,0.0
DDX21,1,1,0,False,True,False,1.0
YJU2,1,1,0,False,True,False,1.0
TRIM28,1,1,0,False,True,True,0.0
RBPJ,1,1,0,False,True,True,0.0
NDEL1,1,1,0,False,True,False,0.0
TMPO,1,1,0,False,True,False,0.0
LAMA3,1,1,0,False,False,False,0.0
NANOG,1,1,1,False,False,True,0.0
PRPF31,1,1,0,False,True,False,1.0
RAB14,1,1,0,False,True,False,0.0
PRPF19,1,1,0,False,True,False,1.0
GNG2,1,1,0,False,False,False,0.0
TBC1D24,1,1,0,False,True,False,0.0
NKTR,1,1,0,False,True,False,0.0
ZNF71,1,1,0,False,False,False,0.0
ADD1,1,1,0,False,True,False,0.0
EZR,1,1,0,False,True,False,0.0
CCDC137,1,1,0,False,True,False,0.0
SPP1,1,1,0,False,False,False,0.0
LCK,1,1,1,False,False,False,0.0
TP53BP2,1,1,1,False,True,False,0.0
BTRC,1,1,1,False,True,False,0.0
RBAK,1,1,1,False,True,True,0.0
MAGOHB,1,1,0,False,True,False,0.0
NECAP1,1,1,0,False,True,False,0.0
MYOD1,1,1,1,False,False,True,0.0
TRIM41,1,1,0,False,True,False,0.0
ATP6V0A1,1,1,0,False,True,False,0.0
GCC2,1,1,0,False,True,False,0.0
RABGEF1,1,1,0,False,True,False,0.0
S100A8,1,1,0,False,False,False,0.0
RPL13A,1,1,0,False,True,False,0.0
DHX8,1,1,0,False,True,False,1.0
SPCS1,1,1,0,False,True,False,0.0
CDC40,1,1,0,False,True,False,1.0
GRPEL1,1,1,0,False,True,False,1.0
PAK4,1,1,1,False,True,False,0.0
TFIP11,1,1,0,False,True,False,1.0
CHPT1,1,1,0,False,True,False,0.0
CD2,1,1,0,False,False,False,0.0
PHTF2,1,1,0,False,True,False,0.0
STXBP1,1,1,0,False,False,False,0.0
URB1,1,1,0,False,True,False,1.0
SUMF1,1,1,0,False,False,False,0.0
PRKCQ,1,1,1,False,True,False,0.0
RMND1,1,1,0,False,True,False,0.0
SIDT2,1,1,0,False,False,False,0.0
UPRT,1,1,0,False,False,False,0.0
ANKRD13A,1,1,0,False,True,False,0.0
PCDH20,1,1,0,False,False,False,0.0
RALBP1,1,1,0,False,True,False,0.0
AMOTL2,1,1,0,False,False,False,0.0
DYNC2LI1,1,1,0,False,True,False,0.0
LRP10,1,1,0,False,True,False,0.0
TMEM31,1,1,0,False,False,False,0.0
TNFRSF10A,1,1,0,False,True,False,0.0
USO1,1,1,1,False,True,False,0.0
FLCN,1,1,0,False,True,False,0.0
EBP,1,1,0,False,True,False,0.0
ATP9A,1,1,0,False,False,False,0.0
VSIG1,1,1,0,False,False,False,0.0
PTK2,1,1,0,False,True,False,1.0
CREB5,1,1,0,False,False,True,0.0
RDH11,1,1,0,False,True,False,0.0
RANBP6,1,1,0,False,True,False,0.0
S100B,1,1,0,False,False,False,0.0
SORBS3,1,1,0,False,True,False,0.0
ELOA,1,1,0,False,True,False,0.0
TTYH1,1,1,0,False,False,False,0.0
RINT1,1,1,0,False,True,False,1.0
ROBO3,1,1,1,False,False,False,0.0
TMEM237,1,1,0,False,True,False,0.0
EXOC1,1,1,0,False,True,False,1.0
KLHL21,1,1,0,False,True,False,0.0
ARID5A,1,1,0,False,True,True,0.0
ARG1,1,1,0,False,False,False,0.0
LSR,1,1,0,False,True,False,0.0
ASCL1,1,1,1,False,False,True,0.0
GNA12,1,1,1,False,True,False,0.0
MLNR,1,1,1,False,False,False,0.0
INCA1,1,1,0,False,False,False,0.0
AHR,1,1,1,False,False,True,0.0
KEAP1,1,1,0,False,True,False,0.0
P2RY10,1,1,0,False,False,False,0.0
PSMB4,1,1,0,False,True,False,1.0
ABI1,1,1,0,False,True,False,0.0
A2M,1,1,0,False,False,False,0.0
SMARCA1,1,1,1,False,True,True,0.0
TCF7L2,1,1,1,False,True,True,0.0
JRK,1,1,0,False,True,False,0.0
FEM1A,1,1,0,False,True,False,0.0
ANKS1B,1,1,0,False,False,False,0.0
IKZF3,1,1,0,False,True,True,0.0
HEATR5B,1,1,0,False,True,False,0.0
ATG2B,1,1,0,False,False,False,0.0
ZBTB1,1,1,0,False,True,False,0.0
ATP7A,1,1,0,False,True,False,0.0
NDUFV2,1,1,0,False,True,False,0.0
PRPF40A,1,1,0,False,True,False,1.0
JMJD6,1,1,0,False,True,False,0.0
BTBD2,1,1,0,False,True,False,0.0
TAF4,1,1,0,False,True,True,0.0
TRIM72,1,1,0,False,False,False,0.0
GTF2F1,1,1,0,False,True,True,1.0
USP33,1,1,0,False,True,False,0.0
BIRC6,1,1,0,False,True,False,0.0
DCTN3,1,1,0,False,True,False,1.0
YWHAG,1,1,0,False,True,False,0.0
APPL2,1,1,0,False,False,False,0.0
NRSN1,1,1,0,False,False,False,0.0
FTO,1,1,0,False,True,False,0.0
SSC5D,1,1,0,False,False,False,0.0
GREB1,1,1,0,False,False,False,0.0
RHBDD1,1,1,0,False,True,False,0.0
KIRREL2,1,1,0,False,False,False,0.0
ATP6V1G2,1,1,0,False,False,False,0.0
PPP1R12A,1,1,0,False,True,False,1.0
AURKB,1,1,1,False,True,False,1.0
TPRX1,1,1,0,False,False,False,0.0
SERTAD3,1,1,0,False,True,False,0.0
CPD,1,1,0,False,True,False,0.0
NME2,1,1,0,False,True,True,0.0
DNAJC7,1,1,0,False,True,False,0.0
MED16,1,1,0,False,True,False,0.0
FBLN5,1,1,0,False,False,False,0.0
ZNF232,1,1,0,False,True,False,0.0
DUSP12,1,1,0,False,True,False,0.0
PCBD1,1,1,0,False,True,True,0.0
DNAJC2,1,1,0,False,True,True,0.0
BIK,1,1,0,False,False,False,0.0
DIAPH1,1,1,0,False,True,False,0.0
TRAF3IP3,1,1,0,False,False,False,0.0
MKS1,1,1,0,False,True,False,0.0
LECT2,1,1,0,False,False,False,0.0
HDAC9,1,1,0,False,False,True,0.0
ZNF76,1,1,0,False,True,True,0.0
PITX2,1,1,1,False,False,True,0.0
EXOC5,1,1,0,False,True,False,0.0
PDIA5,1,1,0,False,False,False,0.0
APOC3,1,1,0,False,False,False,0.0
SMAD1,1,1,1,False,True,True,0.0
IGFBP6,1,1,0,False,False,False,0.0
CDC37,1,1,0,False,True,False,1.0
TUBB4B,1,1,0,False,True,False,0.0
GATA3,1,1,1,False,False,True,0.0
LONP2,1,1,0,False,True,False,0.0
CD160,1,1,0,False,False,False,0.0
BANF1,1,1,0,False,True,False,1.0
SRP14,1,1,0,False,True,False,1.0
DNMT1,1,1,1,False,True,True,1.0
IFI16,1,1,0,False,False,True,0.0
DEFA5,1,1,0,False,False,False,0.0
CDX1,1,1,1,False,False,True,0.0
IGSF3,1,1,0,False,False,False,0.0
EMP1,1,1,0,False,False,False,0.0
ZYX,1,1,0,False,True,False,0.0
EZH2,1,1,0,False,True,True,0.0
PCCB,1,1,0,False,True,False,0.0
OR52B2,1,1,0,False,False,False,0.0
CLASP1,1,1,0,False,True,False,0.0
ASH2L,1,1,0,False,True,False,0.0
LMNB2,1,1,0,False,True,False,0.0
CASP3,1,1,1,False,True,False,0.0
PRPF18,1,1,0,False,True,False,1.0
STK26,1,1,0,False,True,False,0.0
MAGED1,1,1,0,False,False,False,0.0
CDK4,1,1,0,False,True,False,1.0
SHARPIN,1,1,0,False,True,False,0.0
MED25,1,1,0,False,True,False,0.0
CALCOCO2,1,1,0,False,True,False,0.0
TRAPPC2L,1,1,0,False,True,False,0.0
FCGR2A,1,1,0,False,True,False,0.0
CD63,1,1,0,False,True,False,0.0
CPNE7,1,1,0,False,True,False,0.0
SLC25A32,1,1,0,False,True,False,0.0
NDUFB10,1,1,0,False,True,False,1.0
MLKL,1,1,0,False,False,False,0.0
RIT2,1,1,0,False,False,False,0.0
MYCN,1,1,1,False,False,True,0.0
PPP2R2B,1,1,0,False,False,False,0.0
DLX6,1,1,0,False,False,True,0.0
HSPA2,1,1,0,False,False,False,0.0
CCNYL1,1,1,0,False,False,False,0.0
LAMC1,1,1,0,False,False,False,0.0
DNM1L,1,1,0,False,True,False,1.0
TGM1,1,1,0,False,False,False,0.0
RBBP6,1,1,1,False,True,False,1.0
LHX4,1,1,0,False,False,True,0.0
TRIM35,1,1,0,False,False,False,0.0
PDCD6,1,1,0,False,True,False,0.0
IST1,1,1,0,False,True,False,0.0
FATE1,1,1,0,False,False,False,0.0
FSD1,1,1,0,False,False,False,0.0
TRAF7,1,1,0,False,True,False,0.0
YY1,1,1,1,False,True,True,1.0
FSD2,1,1,0,False,False,False,0.0
GOLM1,1,1,0,False,True,False,0.0
EPS15,1,1,0,False,True,False,0.0
MVB12A,1,1,0,False,True,False,0.0
KRT18,1,1,0,False,True,False,0.0
VSX2,1,1,0,False,False,True,0.0
NCEH1,1,1,0,False,False,False,0.0
G3BP2,1,1,1,False,True,False,0.0
DLG4,1,1,0,False,False,False,0.0
SOX2,1,1,0,False,False,True,0.0
YES1,1,1,1,False,True,False,0.0
MEOX1,1,1,0,False,False,True,0.0
BBC3,1,1,0,False,True,False,0.0
TIMM8A,1,1,0,False,True,False,0.0
PLEKHB2,1,1,0,False,True,False,0.0
SH3RF1,1,1,1,False,False,False,0.0
ETS1,1,1,1,False,False,True,0.0
CLTB,1,1,0,False,True,False,0.0
HLA-C,1,1,0,False,True,False,0.0
TMEM97,1,1,0,False,True,False,0.0
CGRRF1,1,1,0,False,False,False,0.0
ATP5F1D,1,1,0,False,True,False,1.0
SRSF11,1,1,0,False,True,False,1.0
INIP,1,1,0,False,True,False,0.0
ACTG1,1,1,0,False,True,False,1.0
SRSF4,1,1,0,False,True,False,0.0
SHOX,1,1,0,False,False,True,0.0
GCGR,1,1,0,False,False,False,0.0
ITGA7,1,1,0,False,False,False,0.0
COPG2,1,1,0,False,True,False,0.0
EPB41L2,1,1,0,False,True,False,0.0
HPSE2,1,1,0,False,False,False,0.0
CCNT1,1,1,0,False,True,False,0.0
OPRL1,1,1,0,False,False,False,0.0
ACTA2,1,1,0,False,False,False,0.0
HES6,1,1,0,False,True,True,0.0
VTI1B,1,1,0,False,True,False,0.0
CCL1,1,1,0,False,False,False,0.0
CIB1,1,1,0,False,True,False,0.0
PRKN,1,1,1,False,False,False,0.0
MTPN,1,1,0,False,True,False,0.0
RPL22,1,1,0,False,True,False,1.0
CEBPG,1,1,1,False,True,True,0.0
SLPI,1,1,0,False,False,False,0.0
ELANE,1,1,0,False,False,False,0.0
BATF2,1,1,0,False,False,True,0.0
TOMM40,1,1,0,False,True,False,1.0
IFNAR1,1,1,0,False,True,False,0.0
CDC7,1,1,1,False,True,False,1.0
PEX14,1,1,0,False,True,False,0.0
ALDH5A1,1,1,0,False,True,False,0.0
METAP2,1,1,0,False,True,False,1.0
HMOX1,1,1,0,False,False,False,0.0
GPC1,1,1,0,False,False,False,0.0
CREB3L1,1,1,0,False,False,True,0.0
H6PD,1,1,0,False,False,False,0.0
DARS2,1,1,0,False,True,False,0.0
SYN2,1,1,0,False,False,False,0.0
NIPSNAP3A,1,1,0,False,True,False,0.0
HSPD1,1,1,0,False,True,False,1.0
SEC13,1,1,0,False,True,False,1.0
VDAC1,1,1,0,False,True,False,1.0
AP1B1,1,1,0,False,True,False,0.0
MVD,1,1,0,False,True,False,1.0
APOOL,1,1,0,False,True,False,0.0
MFN2,1,1,0,False,True,False,1.0
SLC7A1,1,1,0,False,True,False,0.0
MAVS,1,1,0,False,True,False,0.0
SPCS3,1,1,0,False,True,False,1.0
DNLZ,1,1,0,False,False,False,0.0
MYO1C,1,1,0,False,True,False,0.0
AFTPH,1,1,0,False,True,False,0.0
APOO,1,1,0,False,True,False,0.0
CELF5,1,1,0,False,False,False,0.0
ATXN2,1,1,0,False,True,False,0.0
ABCA2,1,1,0,False,False,False,0.0
PTGER3,1,1,0,False,True,False,0.0
BEX1,1,1,0,False,False,False,0.0
KIF20A,1,1,0,False,True,False,1.0
TACR3,1,1,0,False,False,False,0.0
TEAD2,1,1,0,False,False,True,0.0
ANKRD28,1,1,0,False,True,False,0.0
CD74,1,1,0,False,False,False,0.0
LARP1,1,1,0,False,True,False,0.0
MYD88,1,1,0,False,True,False,0.0
CALD1,1,1,0,False,False,False,0.0
RPS14,1,1,0,False,True,False,1.0
ACSF2,1,1,0,False,False,False,0.0
TRIM59,1,1,0,False,True,False,0.0
MAP7D2,1,1,0,False,False,False,0.0
FFAR2,1,1,0,False,False,False,0.0
EIF3H,1,1,0,False,True,False,1.0
EHHADH,1,1,0,False,False,False,0.0
USP7,1,1,0,False,True,False,1.0
HLA-DQA1,1,1,0,False,False,False,0.0
ILF3,1,1,1,False,True,True,1.0
EIF3E,1,1,0,False,True,False,1.0
GNL3,1,1,0,False,True,False,1.0
STX12,1,1,0,False,True,False,0.0
TCERG1,1,1,0,False,True,False,1.0
LETMD1,1,1,0,False,True,False,0.0
CD226,1,1,0,False,True,False,0.0
TARBP2,1,1,0,False,True,False,0.0
TFRC,1,1,0,False,True,False,1.0
MYO6,1,1,0,False,True,False,0.0
PNPT1,1,1,0,False,True,False,1.0
CSNK1G3,1,1,0,False,True,False,0.0
HORMAD2,1,1,0,False,False,False,0.0
CCNY,1,1,0,False,True,False,0.0
NANOS1,1,1,0,False,False,False,0.0
MPZL1,1,1,0,False,True,False,0.0
KIF2C,1,1,0,False,True,False,0.0
CD53,1,1,0,False,True,False,0.0
RHOA,1,1,0,False,True,False,0.0
HLA-DPA1,1,1,0,False,False,False,0.0
COG8,1,1,0,False,True,False,1.0
CYP26B1,1,1,0,False,False,False,0.0
ITPRIPL1,1,1,1,False,False,False,0.0
OPALIN,1,1,0,False,False,False,0.0
ST7,1,1,0,False,True,False,0.0
VAPA,1,1,0,False,True,False,0.0
EIF2AK4,1,1,0,False,True,False,0.0
KIAA2013,1,1,0,False,True,False,0.0
NEDD4,1,1,0,False,True,False,0.0
VMA21,1,1,0,False,True,False,0.0
CDCA7L,1,1,0,False,True,True,0.0
TUBGCP2,1,1,0,False,True,False,1.0
SPPL2B,1,1,0,False,True,False,0.0
P2RY12,1,1,0,False,False,False,0.0
GEMIN4,1,1,0,False,True,False,1.0
YAF2,1,1,0,False,True,False,0.0
U2AF2,1,1,0,False,True,False,1.0
TBL1Y,1,1,0,False,False,False,0.0
PRKACB,1,1,0,False,False,False,0.0
NAA10,1,1,0,False,True,False,1.0
MAGOH,1,1,0,False,True,False,1.0
AQP9,1,1,0,False,False,False,0.0
VIRMA,1,1,0,False,True,False,1.0
HTATSF1,1,1,0,False,True,False,1.0
SRSF6,1,1,0,False,True,False,1.0
PLK1,1,1,1,False,True,False,1.0
TENT5B,1,1,0,False,False,False,0.0
NRF1,1,1,1,False,False,True,1.0
PCNT,1,1,0,False,True,False,0.0
MTMR4,1,1,0,False,True,False,0.0
KRT1,1,1,0,False,False,False,0.0
VDR,1,1,1,False,False,True,0.0
BNIP1,1,1,0,False,True,False,1.0
WDHD1,1,1,0,False,True,False,1.0
ZNF655,1,1,0,False,True,False,0.0
ATG16L1,1,1,0,False,True,False,0.0
SNX5,1,1,0,False,True,False,0.0
TADA2B,1,1,0,False,True,False,0.0
GNG13,1,1,0,False,False,False,0.0
ERCC4,1,1,0,False,True,False,0.0
PIK3CB,1,1,0,False,True,False,0.0
ADIPOQ,1,1,0,False,False,False,0.0
HOMER1,1,1,0,False,True,False,0.0
LRRCC1,1,1,0,False,True,False,0.0
DZIP3,1,1,0,False,False,False,0.0
CCDC14,1,1,0,False,True,False,0.0
ZNF446,1,1,0,False,False,False,0.0
KIFC3,1,1,0,False,True,False,0.0
IP6K3,1,1,0,False,False,False,0.0
XRCC4,1,1,0,False,True,False,0.0
EFEMP1,1,1,0,False,False,False,0.0
LRRC49,1,1,0,False,False,False,0.0
UBE2K,1,1,0,False,True,False,0.0
ATG14,1,1,0,False,False,False,0.0
PMP22,1,1,0,False,True,False,0.0
CNOT7,1,1,1,False,True,True,0.0
BECN1,1,1,0,False,True,False,0.0
ANGPT1,1,1,0,False,True,False,0.0
CEPT1,1,1,0,False,True,False,0.0
HNRNPH1,1,1,0,False,True,False,1.0
CHEK1,1,1,1,False,True,False,1.0
FAM120A,1,1,0,False,True,False,0.0
PPARA,1,1,1,False,True,True,0.0
AP2A2,1,1,0,False,True,False,0.0
CUL4B,1,1,0,False,True,False,0.0
TULP3,1,1,0,False,False,False,0.0
CHCHD4,1,1,0,False,True,False,1.0
DYNLRB1,1,1,0,False,True,False,1.0
CLTC,1,1,0,False,True,False,1.0
G3BP1,1,1,0,False,True,False,0.0
COL8A2,1,1,0,False,False,False,0.0
NFYB,1,1,1,False,True,True,1.0
LSM1,1,1,0,False,True,False,0.0
BAG4,1,1,0,False,True,False,0.0
CLEC12B,1,1,0,False,False,False,0.0
SH3KBP1,1,1,0,False,True,False,0.0
PIM1,1,1,1,False,True,False,0.0
ACOT9,1,1,0,False,True,False,0.0
DHRS3,1,1,0,False,True,False,0.0
ADAM33,1,1,0,False,False,False,0.0
SMARCB1,1,1,0,False,True,True,1.0
LZTS1,1,1,0,False,False,False,0.0
ESPN,1,1,0,False,False,False,0.0
DBNL,1,1,0,False,True,False,0.0
ATXN2L,1,1,0,False,True,False,0.0
GRAMD1B,1,1,0,False,False,False,0.0
ZBTB10,1,1,0,False,True,True,0.0
ASPM,1,1,0,False,True,False,0.0
FLNC,1,1,0,False,True,False,0.0
TRIM54,1,1,0,False,False,False,0.0
TTLL1,1,1,0,False,False,False,0.0
CDK5RAP3,1,1,0,False,True,False,0.0
BRICD5,1,1,0,False,False,False,0.0
GTF2I,1,1,1,False,True,True,0.0
PATL1,1,1,0,False,True,False,0.0
DSN1,1,1,0,False,True,False,1.0
ZNF148,1,1,1,False,True,True,0.0
TJP2,1,1,0,False,True,False,0.0
BIRC2,1,1,0,False,True,False,0.0
ATP2B2,1,1,0,False,False,False,0.0
COPB2,1,1,0,False,True,False,1.0
ARIH1,1,1,0,False,True,False,1.0
SF3B3,1,1,0,False,True,False,1.0
BLZF1,1,1,0,False,True,False,0.0
UPK2,1,1,0,False,False,False,0.0
TBX5,1,1,1,False,False,True,0.0
PCGF6,1,1,0,False,True,False,0.0
MDC1,1,1,0,False,True,False,0.0
HOMEZ,1,1,0,False,True,False,0.0
NDUFA13,1,1,0,False,True,False,1.0
MLX,1,1,0,False,True,True,0.0
CALM2,1,1,0,False,True,False,0.0
CHD8,1,1,0,False,True,True,0.0
KPNA2,1,1,0,False,True,False,0.0
RNF185,1,1,0,False,True,False,0.0
UBE2E3,1,1,0,False,True,False,0.0
OSBPL8,1,1,0,False,True,False,0.0
TRPC6,1,1,0,False,False,False,0.0
NAP1L4,1,1,0,False,True,False,0.0
BCOR,1,1,0,False,True,True,0.0
ERG,1,1,1,False,False,True,0.0
DCP1B,1,1,0,False,False,False,0.0
DR1,1,1,1,False,True,True,1.0
HFE,1,1,0,False,False,False,0.0
SUPT7L,1,1,0,False,True,False,0.0
MT-ATP6,1,1,0,False,True,False,0.0
TM4SF5,1,1,0,False,False,False,0.0
CAPRIN1,1,1,0,False,True,False,0.0
CETN2,1,1,0,False,True,False,0.0
POLR3H,1,1,0,False,True,False,1.0
KAT2B,1,1,0,False,True,True,0.0
PPP3CC,1,1,0,False,True,False,0.0
HOXC5,1,1,0,False,False,True,0.0
CLK3,1,1,0,False,True,False,0.0
ZNF444,1,1,0,False,True,True,0.0
PPP2CB,1,1,0,False,True,False,0.0
MFSD8,1,1,0,False,True,False,0.0
CHRM4,1,1,0,False,False,False,0.0
MTF1,1,1,1,False,True,True,0.0
TMEM38B,1,1,0,False,True,False,0.0
ECSIT,1,1,0,False,True,False,0.0
CENPH,1,1,0,False,True,False,1.0
ITGB1,1,1,0,False,True,False,0.0
MTG1,1,1,0,False,True,False,0.0
HIP1R,1,1,0,False,False,False,0.0
ING5,1,1,0,False,True,False,0.0
NAIF1,1,1,0,False,True,False,0.0
ACVR2B,1,1,0,False,True,False,0.0
UBR3,1,1,0,False,True,False,0.0
NABP1,1,1,0,False,True,False,0.0
SLC18A2,1,1,0,False,False,False,0.0
PNMA2,1,1,0,False,False,False,0.0
ZNF687,1,1,0,False,False,False,0.0
