tax_id	scientific_name	clade	human_genes_with_ortholog
9598	Pan troglodytes	primate	17869
9597	Pan paniscus	primate	17758
9595	Gorilla gorilla gorilla	primate	17736
9601	Pongo abelii	primate	17625
9544	Macaca mulatta	primate	17580
9600	Pongo pygmaeus	primate	17562
9541	Macaca fascicularis	primate	17496
60711	Chlorocebus sabaeus	primate	17451
9590	Symphalangus syndactylus	primate	17395
257877	Macaca thibetana thibetana	primate	17369
9483	Callithrix jacchus	primate	17280
61622	Rhinopithecus roxellana	primate	17274
61853	Nomascus leucogenys	primate	17266
9531	Cercocebus atys	primate	17235
9545	Macaca nemestrina	primate	17203
27679	Saimiri boliviensis	primate	17189
54180	Trachypithecus francoisi	primate	17100
81572	Hylobates moloch	primate	17096
37293	Aotus nancymaae	primate	17093
9565	Theropithecus gelada	primate	17041
9515	Sapajus apella	primate	17012
2715852	Cebus imitator	primate	16979
591936	Piliocolobus tephrosceles	primate	16968
336983	Colobus angolensis palliatus	primate	16961
9568	Mandrillus leucophaeus	primate	16914
9555	Papio anubis	primate	16908
10116	Rattus norvegicus	rodent	16891
9796	Equus caballus	other_mammal	16859
10090	Mus musculus	rodent	16853
9711	Halichoerus grypus	other_mammal	16733
61621	Rhinopithecus bieti	primate	16721
9470	Nycticebus coucang	primate	16712
9823	Sus scrofa	other_mammal	16704
68724	Canis aureus	other_mammal	16704
9690	Panthera onca	other_mammal	16699
9708	Odobenus rosmarus divergens	other_mammal	16688
61452	Neofelis nebulosa	other_mammal	16683
32536	Acinonyx jubatus	other_mammal	16682
9685	Felis catus	other_mammal	16679
9691	Panthera pardus	other_mammal	16667
34884	Callorhinus ursinus	other_mammal	16663
46844	Leopardus geoffroyi	other_mammal	16660
9837	Camelus bactrianus	other_mammal	16651
286419	Canis lupus dingo	other_mammal	16651
9662	Meles meles	other_mammal	16649
9793	Equus asinus	other_mammal	16649
9666	Mustela lutreola	other_mammal	16648
9913	Bos taurus	other_mammal	16639
9798	Equus przewalskii	other_mammal	16634
9704	Zalophus californianus	other_mammal	16627
43179	Ictidomys tridecemlineatus	rodent	16627
9694	Panthera tigris	other_mammal	16615
30608	Microcebus murinus	primate	16613
61388	Prionailurus viverrinus	other_mammal	16613
9669	Mustela putorius furo	other_mammal	16609
37029	Prionailurus bengalensis	other_mammal	16608
77932	Diceros bicornis minor	other_mammal	16601
9447	Lemur catta	primate	16599
30640	Sciurus carolinensis	rodent	16598
9643	Ursus americanus	other_mammal	16595
61384	Lynx rufus	other_mammal	16594
9995	Marmota monax	rodent	16591
9615	Canis lupus familiaris	other_mammal	16577
30538	Vicugna pacos	other_mammal	16571
575201	Hippopotamus amphibius kiboko	other_mammal	16564
9657	Lutra lutra	other_mammal	16562
143281	Canis lupus baileyi	other_mammal	16560
41426	Phacochoerus africanus	other_mammal	16556
9940	Ovis aries	other_mammal	16552
439328	Giraffa tippelskirchi	other_mammal	16547
9906	Bos javanicus	other_mammal	16541
452646	Neogale vison	other_mammal	16540
110931	Cynocephalus volans	other_mammal	16537
379532	Propithecus coquereli	primate	16537
36239	Mustela nivalis	other_mammal	16535
9716	Mirounga angustirostris	other_mammal	16533
859984	Eulemur rufifrons	primate	16531
9915	Bos indicus	other_mammal	16529
9986	Oryctolagus cuniculus	other_mammal	16522
93162	Marmota flaviventris	rodent	16522
59479	Rhinolophus ferrumequinum	other_mammal	16518
9860	Cervus elaphus	other_mammal	16516
29065	Martes martes	other_mammal	16515
72004	Bos mutus	other_mammal	16515
51338	Castor canadensis	rodent	16514
37174	Ovis canadensis	other_mammal	16512
36723	Mustela erminea	other_mammal	16511
34880	Nyctereutes procyonoides	other_mammal	16509
30532	Dama dama	other_mammal	16508
77151	Mustela nigripes	other_mammal	16508
494514	Vulpes lagopus	other_mammal	16507
1608482	Herpailurus yagouaroundi	other_mammal	16493
95912	Hyaena hyaena	other_mammal	16493
9886	Muntiacus reevesi	other_mammal	16488
29088	Neomonachus schauinslandi	other_mammal	16482
30521	Bos grunniens	other_mammal	16481
419612	Camelus ferus	other_mammal	16474
9764	Eschrichtius robustus	other_mammal	16467
9767	Balaenoptera acutorostrata	other_mammal	16467
9646	Ailuropoda melanoleuca	other_mammal	16465
55149	Sciurus vulgaris	rodent	16465
9720	Phoca vitulina	other_mammal	16464
9627	Vulpes vulpes	other_mammal	16462
30611	Otolemur garnettii	primate	16456
34865	Capricornis sumatraensis	other_mammal	16456
3119969	Bubalus kerabau	other_mammal	16454
99487	Elephas maximus indicus	other_mammal	16449
9838	Camelus dromedarius	other_mammal	16444
230844	Peromyscus maniculatus bairdii	rodent	16443
27606	Eubalaena glacialis	other_mammal	16440
29073	Ursus maritimus	other_mammal	16438
9785	Loxodonta africana	other_mammal	16434
48850	Tamandua tetradactyla	other_mammal	16433
76717	Lontra canadensis	other_mammal	16410
76772	Callospermophilus lateralis	rodent	16401
9644	Ursus arctos	other_mammal	16398
89462	Bubalus bubalis	other_mammal	16398
77218	Rhinolophus hipposideros	other_mammal	16390
1884717	Pteronotus mesoamericanus	other_mammal	16384
61383	Lynx canadensis	other_mammal	16381
9423	Phyllostomus hastatus	other_mammal	16380
2746895	Balaenoptera ricei	other_mammal	16380
9997	Spermophilus citellus	rodent	16378
9770	Balaenoptera physalus	other_mammal	16372
10089	Mus caroli	rodent	16369
9771	Balaenoptera musculus	other_mammal	16368
9768	Balaenoptera borealis	other_mammal	16366
9713	Leptonychotes weddellii	other_mammal	16364
29078	Eptesicus fuscus	other_mammal	16362
30522	Bos indicus x Bos taurus	other_mammal	16360
9407	Rousettus aegyptiacus	other_mammal	16356
9417	Artibeus jamaicensis	other_mammal	16355
10058	Microtus pennsylvanicus	rodent	16355
61156	Arvicanthis niloticus	rodent	16354
34886	Eumetopias jubatus	other_mammal	16350
9433	Miniopterus schreibersii	other_mammal	16339
9983	Lepus europaeus	other_mammal	16339
9733	Orcinus orca	other_mammal	16337
9874	Odocoileus virginianus	other_mammal	16331
9925	Capra hircus	other_mammal	16330
73337	Ceratotherium simum simum	other_mammal	16330
9994	Marmota marmota marmota	rodent	16324
10036	Mesocricetus auratus	rodent	16319
564181	Peromyscus californicus insignis	rodent	16319
1574408	Cervus canadensis	other_mammal	16310
249018	Saccopteryx leptura	other_mammal	16307
10047	Meriones unguiculatus	rodent	16306
59482	Saccopteryx bilineata	other_mammal	16306
10141	Cavia porcellus	rodent	16304
9999	Urocitellus parryii	rodent	16303
9974	Manis javanica	other_mammal	16298
83528	Acomys minous	rodent	16297
143291	Pteropus medius	other_mammal	16294
9742	Phocoena phocoena	other_mammal	16294
61862	Plecotus auritus	other_mammal	16293
27622	Molossus molossus	other_mammal	16291
10129	Apodemus sylvaticus	rodent	16290
98922	Myotis daubentonii	other_mammal	16290
391180	Enhydra lutris kenyoni	other_mammal	16290
9430	Desmodus rotundus	other_mammal	16288
82174	Pseudorca crassidens	other_mammal	16285
9737	Stenella coeruleoalba	other_mammal	16279
143292	Manis pentadactyla	other_mammal	16274
269649	Chionomys nivalis	rodent	16271
37032	Suricata suricatta	other_mammal	16265
9731	Globicephala melas	other_mammal	16263
3371155	Aethalodelphis obliquidens	other_mammal	16261
29064	Panthera uncia	other_mammal	16260
48708	Mesoplodon densirostris	other_mammal	16260
27610	Lagenorhynchus albirostris	other_mammal	16258
3371016	Cnephaeus nilssonii	other_mammal	16258
27615	Kogia breviceps	other_mammal	16257
9739	Tursiops truncatus	other_mammal	16248
10093	Mus pahari	rodent	16245
9715	Mirounga leonina	other_mammal	16242
9678	Crocuta crocuta	other_mammal	16241
9402	Pteropus alecto	other_mammal	16239
3371109	Leucopleurus acutus	other_mammal	16239
52113	Mesoplodon mirus	other_mammal	16237
37181	Budorcas taxicolor	other_mammal	16235
89399	Rhinolophus sinicus	other_mammal	16230
51298	Myotis myotis	other_mammal	16225
42100	Phocoena sinus	other_mammal	16225
83653	Grampus griseus	other_mammal	16223
48745	Mesoplodon bidens	other_mammal	16222
50954	Talpa occidentalis	other_mammal	16222
89673	Phyllostomus discolor	other_mammal	16202
34839	Chinchilla lanigera	rodent	16200
9978	Ochotona princeps	other_mammal	16193
127582	Trichechus manatus latirostris	other_mammal	16192
100897	Alexandromys fortis	rodent	16190
48139	Psammomys obesus	rodent	16183
1047088	Arvicola amphibius	rodent	16183
27675	Choloepus didactylus	other_mammal	16182
42410	Peromyscus eremicus	rodent	16180
9749	Delphinapterus leucas	other_mammal	16172
68408	Moschus berezovskii	other_mammal	16170
79684	Microtus ochrogaster	rodent	16166
1026970	Nannospalax galili	rodent	16164
9696	Puma concolor	other_mammal	16163
40151	Monodon monoceros	other_mammal	16163
35658	Mastomys coucha	rodent	16161
246437	Tupaia belangeri chinensis	other_mammal	16158
59534	Oryx dammah	other_mammal	16157
60746	Acomys russatus	rodent	16153
109481	Myotis nattereri	other_mammal	16148
447135	Myodes glareolus	rodent	16130
51337	Jaculus jaculus	rodent	16114
491861	Grammomys surdaster	rodent	16113
38674	Onychomys torridus	rodent	16106
105255	Dipodomys spectabilis	rodent	16102
10181	Heterocephalus glaber	rodent	16100
59472	Pipistrellus kuhlii	other_mammal	16090
9365	Erinaceus europaeus	other_mammal	16081
9728	Delphinus delphis	other_mammal	16077
9689	Panthera leo	other_mammal	16055
94439	Tenrec ecaudatus	other_mammal	16055
109678	Phodopus roborovskii	rodent	16055
48744	Hyperoodon ampullatus	other_mammal	16043
1706337	Neophocaena asiaeorientalis asiaeorientalis	other_mammal	16034
186990	Hipposideros armiger	other_mammal	16000
89248	Equus quagga	other_mammal	15999
9755	Physeter macrocephalus	other_mammal	15997
10020	Dipodomys ordii	rodent	15996
214514	Perognathus longimembris pacificus	rodent	15995
118797	Lipotes vexillifer	other_mammal	15982
42254	Sorex araneus	other_mammal	15975
9361	Dasypus novemcinctus	other_mammal	15958
10041	Peromyscus leucopus	rodent	15952
10160	Octodon degus	rodent	15945
9375	Talpa europaea	other_mammal	15939
291302	Miniopterus natalensis	other_mammal	15932
412090	Pipistrellus hanaki	other_mammal	15930
43346	Bison bison bison	other_mammal	15928
39082	Muscardinus avellanarius	rodent	15912
62283	Sorex fumeus	other_mammal	15902
130825	Ochotona curzoniae	other_mammal	15884
132908	Pteropus vampyrus	other_mammal	15873
13151	Micromys minutus	rodent	15847
885580	Fukomys damarensis	rodent	15808
10117	Rattus rattus	rodent	15799
159337	Myotis yumanensis	other_mammal	15784
9371	Echinops telfairi	other_mammal	15758
1230840	Orycteropus afer afer	other_mammal	15755
482537	Galeopterus variegatus	other_mammal	15728
192404	Sturnira hondurensis	other_mammal	15714
109478	Myotis brandtii	other_mammal	15608
10029	Cricetulus griseus	rodent	15590
109475	Suncus etruscus	other_mammal	15527
38626	Phascolarctos cinereus	other_mammal	15522
225400	Myotis davidii	other_mammal	15475
143302	Condylura cristata	other_mammal	15466
9315	Notamacropus eugenii	other_mammal	15463
33562	Dromiciops gliroides	other_mammal	15452
13616	Monodelphis domestica	other_mammal	15374
38775	Antechinus flavipes	other_mammal	15280
9305	Sarcophilus harrisii	other_mammal	15278
9337	Trichosurus vulpecula	other_mammal	15238
1868482	Carlito syrichta	primate	15158
9301	Sminthopsis crassicaudata	other_mammal	15110
92651	Macrotis lagotis	other_mammal	15102
185453	Chrysochloris asiatica	other_mammal	14989
191870	Gracilinanus agilis	other_mammal	14922
3040969	Petaurus breviceps papuanus	other_mammal	14921
59463	Myotis lucifugus	other_mammal	14846
111838	Microtus oregoni	rodent	14780
9258	Ornithorhynchus anatinus	other_mammal	14778
1129001	Emydura macquarii macquarii	reptile	14712
27790	Natator depressus	reptile	14654
286002	Gopherus flavomarginatus	reptile	14635
9261	Tachyglossus aculeatus	other_mammal	14631
27788	Lepidochelys olivacea	reptile	14619
44489	Carettochelys insculpta	reptile	14614
2991368	Malaclemys terrapin pileata	reptile	14600
260615	Mauremys reevesii	reptile	14585
8467	Caretta caretta	reptile	14581
8472	Lepidochelys kempii	reptile	14571
8469	Chelonia mydas	reptile	14553
8478	Chrysemys picta bellii	reptile	14516
1330250	Podarcis cretensis	reptile	14510
90521	Podarcis gaigeae	reptile	14503
27794	Dermochelys coriacea	reptile	14501
65485	Podarcis tiliguerta	reptile	14492
106734	Chelonoidis abingdonii	reptile	14491
65482	Podarcis melisellensis	reptile	14483
140051	Podarcis vaucheri	reptile	14479
74926	Mauremys mutica	reptile	14467
65483	Podarcis raffonei	reptile	14459
143630	Paroedura picta	reptile	14450
65481	Podarcis filfolensis	reptile	14444
64176	Podarcis muralis	reptile	14442
74359	Podarcis pityusensis	reptile	14441
8554	Heloderma suspectum	reptile	14438
662736	Podarcis liolepis	reptile	14434
8496	Alligator mississippiensis	reptile	14421
884348	Hemicordylus capensis	reptile	14416
103695	Pogona vitticeps	reptile	14415
13735	Pelodiscus sinensis	reptile	14411
1825980	Gopherus evgoodei	reptile	14389
8524	Zootoca vivipara	reptile	14380
159646	Elgaria multicarinata webbii	reptile	14375
82168	Emys orbicularis	reptile	14362
261503	Rhineura floridana	reptile	14340
481883	Eublepharis macularius	reptile	14332
27787	Eretmochelys imbricata	reptile	14303
28377	Anolis carolinensis	reptile	14263
29139	Vombatus ursinus	other_mammal	14261
80427	Lacerta agilis	reptile	14246
51853	Candoia aspera	reptile	14148
460621	Euleptes europaea	reptile	14146
90520	Podarcis bocagei	reptile	14135
28737	Elephantulus edwardii	other_mammal	14117
13085	Heteronotia binoei	reptile	14099
140042	Podarcis erhardii	reptile	14082
94247	Dipodomys merriami	rodent	14056
61221	Varanus komodoensis	reptile	14034
8364	Xenopus tropicalis	amphibian	13954
52775	Ciconia boyciana	bird	13905
38937	Anolis sagrei	reptile	13886
8520	Sceloporus undulatus	reptile	13849
88082	Crotalus tigris	reptile	13843
30397	Buteo buteo	bird	13824
260995	Geotrypetes seraphini	amphibian	13821
8969	Haliaeetus albicilla	bird	13811
2025560	Natrix helvetica	reptile	13811
8296	Ambystoma mexicanum	amphibian	13800
31138	Trachemys scripta elegans	reptile	13799
38654	Alligator sinensis	reptile	13796
103942	Vipera ursinii	reptile	13793
194408	Rhinatrema bivittatum	amphibian	13770
9117	Grus americana	bird	13758
933632	Sphaerodactylus townsendi	reptile	13755
372321	Patagioenas fasciata	bird	13694
8957	Astur gentilis	bird	13693
94885	Pantherophis guttatus	reptile	13691
8319	Pleurodeles waltl	amphibian	13673
219593	Aythya ferina	bird	13672
499056	Ahaetulla prasina	reptile	13668
121349	Erythrolamprus reginae	reptile	13668
9209	Phalacrocorax carbo	bird	13662
256425	Lissotriton helveticus	amphibian	13658
126797	Athene noctua	bird	13657
40816	Grus grus	bird	13656
8845	Anser cygnoides	bird	13654
2696672	Apteryx mantelli	bird	13653
8795	Rhea pennata	bird	13638
156563	Cyanistes caeruleus	bird	13626
119627	Larus michahellis	bird	13595
33587	Mycteria americana	bird	13594
187106	Caloenas nicobarica	bird	13591
191477	Pelobates fuscus	amphibian	13568
1323832	Calonectris borealis	bird	13557
71010	Tiliqua scincoides	reptile	13540
233779	Spea bombifrons	amphibian	13531
59729	Taeniopygia guttata	bird	13526
1415580	Microcaecilia unicolor	amphibian	13513
36305	Strix uralensis	bird	13508
202280	Harpia harpyja	bird	13506
55661	Cuculus canorus	bird	13504
100784	Balearica regulorum gibbericeps	bird	13499
31155	Vipera berus	reptile	13482
1192867	Chroicocephalus ridibundus	bird	13476
40157	Lonchura striata	bird	13468
110926	Cygnus columbianus	bird	13462
132585	Anser brachyrhynchus	bird	13460
8801	Struthio camelus	bird	13453
150705	Dendropsophus ebraccatus	amphibian	13445
223781	Aquila chrysaetos chrysaetos	bird	13443
490064	Ranitomeya variabilis	amphibian	13432
3061075	Mixophyes fleayi	amphibian	13427
1497555	Lichenostomus cassidix	bird	13426
8673	Pseudonaja textilis	reptile	13425
30423	Coloeus monedula	bird	13417
8324	Lissotriton vulgaris	amphibian	13416
107022	Bucephala clangula	bird	13413
326986	Crinia signifera	amphibian	13413
197941	Clangula hyemalis	bird	13410
39617	Aphelocoma coerulescens	bird	13409
9031	Gallus gallus	bird	13405
8839	Anas platyrhynchos	bird	13403
189534	Aythya marila	bird	13394
257867	Platalea leucorodia	bird	13391
2857398	Ammospiza caudacuta	bird	13371
84833	Molothrus aeneus	bird	13368
126867	Phalacrocorax aristotelis	bird	13366
36300	Pelecanus crispus	bird	13364
257770	Zonotrichia leucophrys gambelii	bird	13362
8323	Triturus cristatus	amphibian	13362
111125	Ranitomeya imitator	amphibian	13361
181119	Pseudopodoces humilis	bird	13360
8843	Anser anser	bird	13357
495146	Pseudophryne corroboree	amphibian	13357
35669	Larus argentatus	bird	13355
28680	Anas acuta	bird	13354
407982	Pezoporus occidentalis	bird	13352
81927	Vidua chalybeata	bird	13344
177147	Streptopelia decaocto	bird	13338
8853	Branta canadensis	bird	13336
9191	Agelaius tricolor	bird	13329
43581	Zosterops lateralis	bird	13321
232653	Psittacula echo	bird	13320
111132	Phyllobates terribilis	amphibian	13319
93934	Coturnix japonica	bird	13316
187126	Nesoenas mayeri	bird	13308
37040	Gavia stellata	bird	13304
92724	Dendrobates tinctorius	amphibian	13289
35005	Thamnophis elegans	reptile	13285
478635	Myiozetetes cayanensis	bird	13282
76066	Engystomops pustulosus	amphibian	13279
2489341	Strigops habroptila	bird	13278
100859	Vanellus vanellus	bird	13273
33595	Phaenicophaeus curvirostris	bird	13269
146911	Gekko japonicus	reptile	13264
9103	Meleagris gallopavo	bird	13264
187382	Chlamydotis macqueenii	bird	13263
30387	Netta rufina	bird	13262
45623	Pelophylax lessonae	amphibian	13262
30427	Haemorhous mexicanus	bird	13260
8384	Bufo bufo	amphibian	13256
57060	Eleutherodactylus coqui	amphibian	13253
120794	Falco rusticolus	bird	13250
39638	Agelaius phoeniceus	bird	13248
30357	Pyxicephalus adspersus	amphibian	13245
52644	Haliaeetus leucocephalus	bird	13243
75485	Rissa tridactyla	bird	13243
44394	Zonotrichia albicollis	bird	13233
148596	Falco punctatus	bird	13233
345164	Falco cherrug	bird	13232
148594	Falco naumanni	bird	13231
8439	Ascaphus truei	amphibian	13224
238106	Anomaloglossus baeobatrachus	amphibian	13215
111821	Strix aluco	bird	13215
127875	Cinclus cinclus	bird	13213
327740	Hyla sarda	amphibian	13213
31919	Numenius arquata	bird	13207
190680	Chamaea fasciata	bird	13207
8932	Columba livia	bird	13203
8869	Cygnus olor	bird	13196
35540	Pezoporus wallicus	bird	13193
87175	Camarhynchus parvulus	bird	13192
48427	Nyctibius grandis	bird	13188
8790	Dromaius novaehollandiae	bird	13186
8954	Falco peregrinus	bird	13186
8868	Cygnus atratus	bird	13182
309878	Neopsephotus bourkii	bird	13163
889875	Pezoporus flaviventris	bird	13157
8345	Bombina bombina	amphibian	13157
134902	Corvus hawaiiensis	bird	13151
13146	Melopsittacus undulatus	bird	13150
187417	Anomalospiza imberbis	bird	13148
37598	Fringilla coelebs	bird	13147
8404	Lithobates pipiens	amphibian	13136
188344	Leptosomus discolor	bird	13132
1196302	Corvus moneduloides	bird	13129
8663	Notechis scutatus	reptile	13128
91951	Catharus ustulatus	bird	13118
9054	Phasianus colchicus	bird	13114
308060	Apteryx rowi	bird	13111
111811	Caprimulgus europaeus	bird	13109
43563	Rhinoderma darwinii	amphibian	13106
8797	Rhea americana	bird	13105
8400	Aquarana catesbeiana	amphibian	13099
415023	Manacus candei	bird	13098
8407	Rana temporaria	amphibian	13095
187451	Vidua macroura	bird	13094
238119	Leptodactylus fuscus	amphibian	13083
56313	Tyto alba	bird	13069
9123	Gallinula chloropus	bird	13061
219594	Aythya fuligula	bird	13045
678569	Lathamus discolor	bird	13043
9160	Passer montanus	bird	13040
345155	Falco biarmicus	bird	13039
2939378	Oenanthe melanoleuca	bird	13036
30419	Opisthocomus hoazin	bird	13026
48849	Passer domesticus	bird	13019
752182	Hyperolius riggenbachi	amphibian	13016
8996	Numida meleagris	bird	13015
84834	Molothrus ater	bird	13007
356909	Onychostruthus taczanowskii	bird	13007
9234	Aptenodytes patagonicus	bird	12966
40204	Melozone crissalis	bird	12956
1914991	Melospiza melodia melodia	bird	12955
9172	Sturnus vulgaris	bird	12953
221976	Pyrgilauda ruficollis	bird	12947
121530	Tauraco erythrolophus	bird	12941
37045	Phaethon aethereus	bird	12935
296741	Chiroxiphia lanceolata	bird	12929
64668	Lagopus muta	bird	12922
109042	Tympanuchus pallidicinctus	bird	12916
9017	Cyrtonyx montezumae	bird	12908
176946	Python bivittatus	reptile	12898
415032	Pseudopipra pipra	bird	12840
30464	Nothoprocta perdicaria	bird	12838
8884	Oxyura jamaicensis	bird	12832
9135	Serinus canaria	bird	12831
2857394	Ammospiza nelsoni	bird	12827
94852	Pituophis catenifer annectens	reptile	12827
37610	Erithacus rubecula	bird	12825
118200	Dryobates pubescens	bird	12823
2587831	Terrapene triunguis	reptile	12820
321398	Lepidothrix coronata	bird	12805
103944	Protobothrops mucrosquamatus	reptile	12802
100830	Tetrao urogallus	bird	12788
472823	Heliangelus exortis	bird	12777
488313	Pogoniulus pusillus	bird	12749
43150	Hirundo rustica	bird	12746
46218	Excalfactoria chinensis	bird	12745
44398	Melospiza georgiana	bird	12734
649802	Pipra filicauda	bird	12730
30410	Lagopus leucura	bird	12723
415028	Corapipo altera	bird	12718
9157	Parus major	bird	12698
198806	Calidris pugnax	bird	12698
48891	Poecile atricapillus	bird	12697
128390	Nipponia nippon	bird	12688
208062	Prinia subflava	bird	12666
114329	Neopelma chrysocephalum	bird	12663
57412	Colius striatus	bird	12624
33616	Gymnogyps californianus	bird	12616
8895	Apus apus	bird	12610
48155	Sylvia atricapilla	bird	12606
1094192	Motacilla alba alba	bird	12580
7888	Protopterus annectens	lobe_finned_fish	12547
164674	Empidonax traillii	bird	12505
8502	Crocodylus porosus	reptile	12504
9244	Calypte anna	bird	12495
30331	Bufo gargarizans	amphibian	12439
175006	Malurus melanocephalus	bird	12434
9002	Centrocercus urophasianus	bird	12425
3385563	Pithys albifrons albifrons	bird	12423
59894	Ficedula albicollis	bird	12417
1002788	Indicator indicator	bird	12409
125878	Nanorana parkeri	amphibian	12305
9233	Aptenodytes forsteri	bird	12302
932674	Corvus cornix cornix	bird	12257
50402	Charadrius vociferus	bird	12251
85066	Corvus brachyrhynchos	bird	12244
94835	Gavialis gangeticus	reptile	12185
68294	Corvus kubaryi	bird	12059
8897	Chaetura pelagica	bird	12055
211600	Melanerpes formicivorus	bird	12051
48883	Geospiza fortis	bird	11998
328815	Manacus vitellinus	bird	11884
188379	Egretta garzetta	bird	11828
9238	Pygoscelis adeliae	bird	11770
194338	Athene cunicularia	bird	11755
94827	Tinamus guttatus	bird	11297
386614	Amblyraja radiata	cartilaginous_fish	11069
35019	Thamnophis sirtalis	reptile	11035
7955	Danio rerio	ray_finned_fish	10876
8284	Squalius cephalus	ray_finned_fish	10641
58324	Phoxinus phoxinus	ray_finned_fish	10637
48668	Rutilus rutilus	ray_finned_fish	10622
180520	Siphateles boraxobius	ray_finned_fish	10616
38527	Abramis brama	ray_finned_fish	10613
58319	Scardinius erythrophthalmus	ray_finned_fish	10604
58325	Leuciscus leuciscus	ray_finned_fish	10603
27704	Gobio gobio	ray_finned_fish	10592
84645	Labeo rohita	ray_finned_fish	10559
933992	Chanodichthys erythropterus	ray_finned_fish	10506
51549	Pseudorasbora parva	ray_finned_fish	10489
75352	Megalobrama amblycephala	ray_finned_fish	10485
42514	Pygocentrus nattereri	ray_finned_fish	10457
369639	Onychostoma macrolepis	ray_finned_fish	10444
8005	Electrophorus electricus	ray_finned_fish	10427
42526	Colossoma macropomum	ray_finned_fish	10420
90735	Paramisgurnus dabryanus	ray_finned_fish	10417
29144	Chanos chanos	ray_finned_fish	10410
135647	Barbatula barbatula	ray_finned_fish	10397
7994	Astyanax mexicanus	ray_finned_fish	10382
698409	Brachyhypopomus gauderio	ray_finned_fish	10373
930266	Salminus brasiliensis	ray_finned_fish	10354
7959	Ctenopharyngodon idella	ray_finned_fish	10337
1142201	Danio aesculapii	ray_finned_fish	10335
992332	Triplophysa rosa	ray_finned_fish	10307
1606681	Puntigrus tetrazona	ray_finned_fish	10275
176057	Nestor notabilis	bird	10253
182223	Hypomesus nipponensis	ray_finned_fish	10244
933932	Silurus aristotelis	ray_finned_fish	10238
310915	Pangasianodon hypophthalmus	ray_finned_fish	10212
57068	Acanthisitta chloris	bird	10202
75329	Misgurnus anguillicaudatus	ray_finned_fish	10201
1582913	Triplophysa dalaica	ray_finned_fish	10185
7998	Ictalurus punctatus	ray_finned_fish	10175
175792	Tachysurus vachellii	ray_finned_fish	10166
337641	Hemibagrus wyckioides	ray_finned_fish	10147
13013	Clarias gariepinus	ray_finned_fish	10140
90988	Pimephales promelas	ray_finned_fish	10138
2290929	Trichomycterus rosablanca	ray_finned_fish	10103
1234273	Tachysurus fulvidraco	ray_finned_fish	10090
8010	Esox lucius	ray_finned_fish	10068
211835	Lutjanus erythropterus	ray_finned_fish	10067
34774	Alosa pseudoharengus	ray_finned_fish	10059
166262	Centroberyx gerrardi	ray_finned_fish	10041
175797	Silurus meridionalis	ray_finned_fish	10041
446415	Argentina silus	ray_finned_fish	10041
310571	Epinephelus lanceolatus	ray_finned_fish	10036
97097	Phaethon lepturus	bird	10031
54380	Cariama cristata	bird	10017
586833	Myripristis murdjan	ray_finned_fish	10017
34773	Alosa sapidissima	ray_finned_fish	10010
196075	Sprattus sprattus	ray_finned_fish	10001
54374	Mesitornis unicolor	bird	9996
66913	Ictalurus furcatus	ray_finned_fish	9993
443677	Neoarius graeffei	ray_finned_fish	9991
39042	Chaetodon auriga	ray_finned_fish	9984
3034132	Rhinichthys klamathensis goyatoka	ray_finned_fish	9970
2972642	Amia ocellicauda	ray_finned_fish	9964
175836	Buceros rhinoceros silvestris	bird	9958
150448	Aulostomus chinensis	ray_finned_fish	9949
8173	Pagrus pagrus	ray_finned_fish	9939
83875	Trachurus japonicus	ray_finned_fish	9936
283036	Sander vitreus	ray_finned_fish	9931
443729	Trachinotus anak	ray_finned_fish	9931
32509	Perissodus microlepis	ray_finned_fish	9922
394691	Sebastes fasciatus	ray_finned_fish	9921
163618	Copadichromis virginalis	ray_finned_fish	9919
64144	Anabas testudineus	ray_finned_fish	9912
27697	Sardina pilchardus	ray_finned_fish	9892
205130	Mastacembelus armatus	ray_finned_fish	9892
941984	Toxotes jaculatrix	ray_finned_fish	9884
137080	Garra rufa	ray_finned_fish	9883
56726	Pholis gunnellus	ray_finned_fish	9882
8167	Perca flavescens	ray_finned_fish	9879
7918	Lepisosteus oculatus	ray_finned_fish	9876
35575	Mchenga conophoros	ray_finned_fish	9874
219752	Odontesthes bonariensis	ray_finned_fish	9874
426098	Eutrigla gurnardus	ray_finned_fish	9871
215358	Larimichthys crocea	ray_finned_fish	9870
420107	Neolamprologus multifasciatus	ray_finned_fish	9866
8237	Thunnus thynnus	ray_finned_fish	9864
8236	Thunnus albacares	ray_finned_fish	9862
13489	Dicentrarchus labrax	ray_finned_fish	9862
75038	Scatophagus argus	ray_finned_fish	9862
304217	Rhamphochromis longiceps	ray_finned_fish	9862
286572	Aulonocara stuartgranti	ray_finned_fish	9854
293821	Epinephelus fuscoguttatus	ray_finned_fish	9853
8255	Paralichthys olivaceus	ray_finned_fish	9847
8240	Thunnus maccoyii	ray_finned_fish	9846
48171	Chelon labrosus	ray_finned_fish	9845
3127111	Pempheris klunzingeri	ray_finned_fish	9845
3705843	Aulonocara sp. 'chitande type north' Nkhata Bay	ray_finned_fish	9841
100190	Embiotoca jacksoni	ray_finned_fish	9840
8245	Xiphias gladius	ray_finned_fish	9839
8128	Oreochromis niloticus	ray_finned_fish	9837
215367	Enoplosus armatus	ray_finned_fish	9836
106582	Maylandia zebra	ray_finned_fish	9834
65739	Anarhichas minor	ray_finned_fish	9832
94984	Echiichthys vipera	ray_finned_fish	9831
109706	Chaetodon trifascialis	ray_finned_fish	9831
173247	Echeneis naucrates	ray_finned_fish	9831
8177	Acanthopagrus latus	ray_finned_fish	9830
215402	Channa argus	ray_finned_fish	9830
147232	Halichoeres trimaculatus	ray_finned_fish	9829
454631	Rhamphochromis sp. 'chilingali'	ray_finned_fish	9829
2871759	Seriola aureovittata	ray_finned_fish	9821
29151	Osmerus eperlanus	ray_finned_fish	9820
283035	Sander lucioperca	ray_finned_fish	9818
184440	Centropristis striata	ray_finned_fish	9814
241346	Semicossyphus pulcher	ray_finned_fish	9814
32473	Xiphophorus couchianus	ray_finned_fish	9813
36212	Trachurus trachurus	ray_finned_fish	9803
41447	Seriola dumerili	ray_finned_fish	9800
109905	Chelmon rostratus	ray_finned_fish	9799
163623	Diplotaxodon limnothrissa	ray_finned_fish	9795
355514	Leuresthes tenuis	ray_finned_fish	9793
8175	Sparus aurata	ray_finned_fish	9785
8081	Poecilia reticulata	ray_finned_fish	9783
215343	Fistularia commersonii	ray_finned_fish	9782
8014	Osmerus mordax	ray_finned_fish	9780
119488	Siniperca chuatsi	ray_finned_fish	9777
143350	Pagrus major	ray_finned_fish	9773
61643	Taurulus bubalis	ray_finned_fish	9770
8154	Astatotilapia calliptera	ray_finned_fish	9767
100188	Brachyistius frenatus	ray_finned_fish	9766
300413	Epinephelus moara	ray_finned_fish	9766
30455	Fulmarus glacialis	bird	9755
52904	Scophthalmus maximus	ray_finned_fish	9754
56720	Lipophrys pholis	ray_finned_fish	9753
1250792	Melanotaenia boesemani	ray_finned_fish	9747
195615	Hippoglossus stenolepis	ray_finned_fish	9743
508554	Labrus mixtus	ray_finned_fish	9741
8260	Platichthys flesus	ray_finned_fish	9729
72105	Sebastes umbrosus	ray_finned_fish	9726
8168	Perca fluviatilis	ray_finned_fish	9721
63155	Archocentrus centrarchus	ray_finned_fish	9719
7950	Clupea harengus	ray_finned_fish	9718
47969	Oreochromis aureus	ray_finned_fish	9712
64108	Zeus faber	ray_finned_fish	9711
146480	Ammodytes marinus	ray_finned_fish	9704
90069	Solea solea	ray_finned_fish	9700
1091424	Melanostigma gelatinosum	ray_finned_fish	9697
1841481	Seriola lalandi dorsalis	ray_finned_fish	9694
80972	Amphiprion ocellaris	ray_finned_fish	9688
56723	Labrus bergylta	ray_finned_fish	9687
158456	Betta splendens	ray_finned_fish	9686
171736	Symphodus melops	ray_finned_fish	9685
210632	Parambassis ranga	ray_finned_fish	9682
8084	Xiphophorus hellerii	ray_finned_fish	9681
184585	Engraulis encrasicolus	ray_finned_fish	9679
56733	Eleginops maclovinus	ray_finned_fish	9677
303518	Pundamilia nyererei	ray_finned_fish	9677
304258	Clinocottus analis	ray_finned_fish	9670
229290	Anoplopoma fimbria	ray_finned_fish	9668
8083	Xiphophorus maculatus	ray_finned_fish	9665
8267	Hippoglossus hippoglossus	ray_finned_fish	9665
473354	Borostomias antarcticus	ray_finned_fish	9665
446457	Telmatherina bonti	ray_finned_fish	9663
154954	Genypterus blacodes	ray_finned_fish	9662
13676	Scomber japonicus	ray_finned_fish	9654
134920	Pungitius pungitius	ray_finned_fish	9654
43700	Monopterus albus	ray_finned_fish	9652
13677	Scomber scombrus	ray_finned_fish	9649
241271	Cheilinus undulatus	ray_finned_fish	9641
299321	Denticeps clupeoides	ray_finned_fish	9634
303726	Nelusetta ayraudi	ray_finned_fish	9633
90074	Microchirus variegatus	ray_finned_fish	9631
69293	Gasterosteus aculeatus	ray_finned_fish	9626
8262	Pleuronectes platessa	ray_finned_fish	9618
37003	Kryptolebias marmoratus	ray_finned_fish	9614
48193	Mugil cephalus	ray_finned_fish	9614
80966	Acanthochromis polyacanthus	ray_finned_fish	9611
240206	Pterocles gutturalis	bird	9610
161450	Doryrhamphus excisus	ray_finned_fish	9607
33528	Gambusia affinis	ray_finned_fish	9605
27771	Limanda limanda	ray_finned_fish	9598
8187	Lates calcarifer	ray_finned_fish	9589
105023	Nothobranchius furzeri	ray_finned_fish	9586
43689	Simochromis diagramma	ray_finned_fish	9585
85417	Gobius niger	ray_finned_fish	9583
101497	Notothenia rossii	ray_finned_fish	9577
147949	Micropterus dolomieu	ray_finned_fish	9574
185739	Pollachius pollachius	ray_finned_fish	9574
27687	Erpetoichthys calabaricus	ray_finned_fish	9570
443705	Nansenia antarctica	ray_finned_fish	9567
1914718	Filicampus tigris	ray_finned_fish	9566
8103	Cyclopterus lumpus	ray_finned_fish	9563
278164	Alosa alosa	ray_finned_fish	9562
8090	Oryzias latipes	ray_finned_fish	9548
1095086	Leptonotus elevatus	ray_finned_fish	9524
158779	Pelmatolapia mariae	ray_finned_fish	9520
241820	Antennarius striatus	ray_finned_fish	9517
8153	Haplochromis burtoni	ray_finned_fish	9515
195075	Blennius ocellaris	ray_finned_fish	9511
1090481	Gymnoscopelus microlampas	ray_finned_fish	9498
2546036	Lampris incognitus	ray_finned_fish	9494
144197	Stegastes partitus	ray_finned_fish	9493
30732	Oryzias melastigma	ray_finned_fish	9488
77115	Cyprinodon tularosa	ray_finned_fish	9487
40690	Trematomus bernacchii	ray_finned_fish	9486
8049	Gadus morhua	ray_finned_fish	9473
642989	Vanacampus margaritifer	ray_finned_fish	9473
32507	Neolamprologus brichardi	ray_finned_fish	9464
57397	Apaloderma vittatum	bird	9462
244447	Cynoglossus semilaevis	ray_finned_fish	9448
417921	Etheostoma cragini	ray_finned_fish	9441
409849	Periophthalmus magnuspinnatus	ray_finned_fish	9437
88708	Poromitra crassiceps	ray_finned_fish	9425
57421	Merops nubicus	bird	9417
948025	Gymnoscopelus braueri	ray_finned_fish	9409
375764	Sphaeramia orbicularis	ray_finned_fish	9408
28829	Solea senegalensis	ray_finned_fish	9406
113540	Scleropages formosus	ray_finned_fish	9404
433405	Anarrhichthys ocellatus	ray_finned_fish	9404
1073243	Festucalex cinctus	ray_finned_fish	9396
27720	Hoplias malabaricus	ray_finned_fish	9393
443714	Protomyctophum bolini	ray_finned_fish	9392
161587	Syngnathus leptorhynchus	ray_finned_fish	9389
27706	Micropterus salmoides	ray_finned_fish	9377
161453	Dunckerocampus dactyliophorus	ray_finned_fish	9374
166745	Eucyclogobius newberryi	ray_finned_fish	9362
433684	Takifugu flavidus	ray_finned_fish	9352
129043	Cololabis saira	ray_finned_fish	9351
546530	Nerophis lumbriciformis	ray_finned_fish	9351
1203425	Notolabrus celidotus	ray_finned_fish	9343
109282	Hippocampus guttulatus	ray_finned_fish	9325
34816	Morone saxatilis	ray_finned_fish	9309
54383	Eurypyga helias	bird	9307
161469	Phyllopteryx taeniolatus	ray_finned_fish	9295
1091426	Protomyctophum parallelum	ray_finned_fish	9294
55291	Polypterus senegalus	ray_finned_fish	9279
441366	Gouania willdenowi	ray_finned_fish	9268
473322	Nannobrachium achirus	ray_finned_fish	9268
1676925	Paramormyrops kingsleyae	ray_finned_fish	9267
7936	Anguilla anguilla	ray_finned_fish	9266
8078	Fundulus heteroclitus	ray_finned_fish	9262
206093	Electrona antarctica	ray_finned_fish	9259
2059687	Pseudoliparis swirei	ray_finned_fish	9252
109280	Hippocampus comes	ray_finned_fish	9250
150288	Boleophthalmus pectinirostris	ray_finned_fish	9246
208333	Girardinichthys multiradiatus	ray_finned_fish	9233
693459	Phycodurus eques	ray_finned_fish	9233
7938	Anguilla rostrata	ray_finned_fish	9231
161590	Syngnathus scovelli	ray_finned_fish	9229
28743	Cyprinodon variegatus	ray_finned_fish	9217
56716	Cottoperca gobio	ray_finned_fish	9217
118141	Megalops cyprinoides	ray_finned_fish	9210
270530	Synchiropus splendidus	ray_finned_fish	9205
31033	Takifugu rubripes	ray_finned_fish	9193
82655	Conger conger	ray_finned_fish	9186
7897	Latimeria chalumnae	lobe_finned_fish	9184
271503	Cebidichthys violaceus	ray_finned_fish	9183
948063	Notolepis coatsorum	ray_finned_fish	9178
137520	Hypomesus transpacificus	ray_finned_fish	9174
48698	Poecilia formosa	ray_finned_fish	9173
181472	Salarias fasciatus	ray_finned_fish	9169
161584	Syngnathus acus	ray_finned_fish	9166
390379	Thalassophryne amazonica	ray_finned_fish	9166
451745	Nematolebias whitei	ray_finned_fish	9161
166261	Centroberyx affinis	ray_finned_fish	9150
42636	Brienomyrus brachyistius	ray_finned_fish	9145
109293	Hippocampus zosterae	ray_finned_fish	9142
160734	Plectropomus leopardus	ray_finned_fish	9141
300417	Syngnathoides biaculeatus	ray_finned_fish	9136
48699	Poecilia latipinna	ray_finned_fish	9131
52670	Austrofundulus limnaeus	ray_finned_fish	9130
279965	Antrostomus carolinensis	bird	9116
54343	Etheostoma spectabile	ray_finned_fish	9090
161581	Stigmatopora argus	ray_finned_fish	9086
161592	Syngnathus typhle	ray_finned_fish	9052
161448	Corythoichthys intestinalis	ray_finned_fish	9045
52239	Pseudochaenichthys georgianus	ray_finned_fish	9034
48701	Poecilia mexicana	ray_finned_fish	9031
159077	Nerophis ophidion	ray_finned_fish	8961
80720	Gadus macrocephalus	ray_finned_fish	8951
8218	Gymnodraco acuticeps	ray_finned_fish	8948
188132	Poeciliopsis prolifica	ray_finned_fish	8874
161582	Stigmatopora nigra	ray_finned_fish	8809
1042646	Gadus chalcogrammus	ray_finned_fish	8692
57982	Cetorhinus maximus	cartilaginous_fish	8642
263684	Carcharhinus amblyrhynchos	cartilaginous_fish	8618
412623	Brachionichthys hirsutus	ray_finned_fish	8600
191813	Somniosus microcephalus	cartilaginous_fish	8537
13397	Carcharodon carcharias	cartilaginous_fish	8536
81636	Micromesistius poutassou	ray_finned_fish	8507
112232	Mustelus asterias	cartilaginous_fish	8496
1983395	Mobula birostris	cartilaginous_fish	8446
7792	Heterodontus francisci	cartilaginous_fish	8433
723540	Mobula hypostoma	cartilaginous_fish	8433
161455	Entelurus aequoreus	ray_finned_fish	8430
170820	Hemiscyllium ocellatum	cartilaginous_fish	8421
137246	Chiloscyllium punctatum	cartilaginous_fish	8405
212740	Heptranchias perlo	cartilaginous_fish	8378
3053191	Stegostoma tigrinum	cartilaginous_fish	8364
79690	Hypanus sabinus	cartilaginous_fish	8361
2704970	Hemitrygon akajei	cartilaginous_fish	8343
55135	Pristiophorus japonicus	cartilaginous_fish	8310
7830	Scyliorhinus canicula	cartilaginous_fish	8292
223862	Raja brachyura	cartilaginous_fish	8265
685728	Pristis pectinata	cartilaginous_fish	8226
75743	Scyliorhinus torazame	cartilaginous_fish	8220
1343680	Narcine bancroftii	cartilaginous_fish	8207
36176	Chiloscyllium plagiosum	cartilaginous_fish	8151
667116	Rhinoraja longicauda	cartilaginous_fish	8103
7782	Leucoraja erinaceus	cartilaginous_fish	8075
7868	Callorhinchus milii	cartilaginous_fish	7778
259920	Rhincodon typus	cartilaginous_fish	7458
8208	Notothenia coriiceps	ray_finned_fish	6944
101364	Carassius gibelio	ray_finned_fish	6884
217509	Carassius carassius	ray_finned_fish	6687
154827	Xyrauchen texanus	ray_finned_fish	6670
7757	Petromyzon marinus	jawless_fish	5939
7748	Lampetra fluviatilis	jawless_fish	5904
8036	Salvelinus alpinus	ray_finned_fish	5893
8018	Oncorhynchus keta	ray_finned_fish	5889
74940	Oncorhynchus tshawytscha	ray_finned_fish	5871
7957	Carassius auratus	ray_finned_fish	5828
8023	Oncorhynchus nerka	ray_finned_fish	5811
8017	Oncorhynchus gorbuscha	ray_finned_fish	5662
8019	Oncorhynchus kisutch	ray_finned_fish	5623
7764	Eptatretus burgeri	jawless_fish	5581
59291	Coregonus lavaretus	ray_finned_fish	5577
40830	Barbus barbus	ray_finned_fish	5524
90313	Oncorhynchus masou masou	ray_finned_fish	5477
75366	Sinocyclocheilus grahami	ray_finned_fish	5460
8038	Salvelinus fontinalis	ray_finned_fish	5452
8030	Salmo salar	ray_finned_fish	5442
490388	Oncorhynchus clarkii lewisi	ray_finned_fish	5439
70543	Myxocyprinus asiaticus	ray_finned_fish	5427
7769	Myxine glutinosa	jawless_fish	5406
8022	Oncorhynchus mykiss	ray_finned_fish	5378
7962	Cyprinus carpio	ray_finned_fish	5335
8040	Salvelinus namaycush	ray_finned_fish	5326
7750	Lampetra planeri	jawless_fish	5287
8032	Salmo trutta	ray_finned_fish	5263
2691554	Salvelinus sp. IW2-2015	ray_finned_fish	5252
7913	Polyodon spathula	ray_finned_fish	5139
59861	Coregonus clupeaformis	ray_finned_fish	5059
7753	Lethenteron reissneri	jawless_fish	4943
307959	Sinocyclocheilus rhinocerous	ray_finned_fish	4661
1608454	Sinocyclocheilus anshuiensis	ray_finned_fish	4401
7906	Acipenser ruthenus	ray_finned_fish	2828
8355	Xenopus laevis	amphibian	62
2652724	Exaiptasia diaphana	cnidarian	1
7668	Strongylocentrotus purpuratus	echinoderm	1
