n,mcc,precision,recall,tp,fp,tn,fn,prevalence,organism,component,bucket_type,bucket_value
253,0.3055794291036105,0.945,0.8325991189427313,189,11,15,38,0.8972332015810277,syn3a,ortholog_prior,kw_replication,0
433,0.058606197144440576,0.8870967741935484,0.1523545706371191,55,7,65,306,0.8337182448036952,syn3a,PPI,kw_replication,0
433,0.533600471545232,0.9888475836431226,0.7368421052631579,266,3,69,95,0.8337182448036952,syn3a,v15_simulator,kw_replication,0
16,,,,14,0,0,2,1.0,syn3a,ortholog_prior,kw_replication,1
22,,,,3,0,0,19,1.0,syn3a,PPI,kw_replication,1
22,,,,21,0,0,1,1.0,syn3a,v15_simulator,kw_replication,1
261,0.3106653062663098,0.9514563106796117,0.8305084745762712,196,10,15,40,0.9042145593869731,syn3a,ortholog_prior,kw_transcription,0
443,0.04988954439691419,0.8870967741935484,0.14745308310991956,55,7,63,318,0.8419864559819413,syn3a,PPI,kw_transcription,0
443,0.5347323392472128,0.9893617021276596,0.7479892761394102,279,3,67,94,0.8419864559819413,syn3a,v15_simulator,kw_transcription,0
12,0.25819888974716115,1.0,0.3,3,0,2,7,0.8333333333333334,syn3a,PPI,kw_transcription,1
12,0.6324555320336759,1.0,0.8,8,0,2,2,0.8333333333333334,syn3a,v15_simulator,kw_transcription,1
180,0.23108952131999694,0.9153846153846154,0.7628205128205128,119,11,13,37,0.8666666666666667,syn3a,ortholog_prior,kw_translation,0
356,-0.029988856934611927,0.7619047619047619,0.05555555555555555,16,5,63,272,0.8089887640449438,syn3a,PPI,kw_translation,0
356,0.5030434666119425,0.9896907216494846,0.6666666666666666,192,2,66,96,0.8089887640449438,syn3a,v15_simulator,kw_translation,0
89,0.6214554662658653,1.0,0.9655172413793104,84,0,2,3,0.9775280898876404,syn3a,ortholog_prior,kw_translation,1
99,-0.02294157338705618,0.9545454545454546,0.4421052631578947,42,2,2,53,0.9595959595959596,syn3a,PPI,kw_translation,1
99,0.8615030470056388,0.9895833333333334,1.0,95,1,3,0,0.9595959595959596,syn3a,v15_simulator,kw_translation,1
264,0.2999790192144046,0.9473684210526315,0.8319327731092437,198,11,15,40,0.9015151515151515,syn3a,ortholog_prior,kw_atp,0
447,0.059902032159517296,0.8923076923076924,0.15466666666666667,58,7,65,317,0.8389261744966443,syn3a,PPI,kw_atp,0
447,0.5350059804313934,0.9893617021276596,0.744,279,3,69,96,0.8389261744966443,syn3a,v15_simulator,kw_atp,0
252,0.346289313758991,0.9466019417475728,0.8628318584070797,195,11,15,31,0.8968253968253969,syn3a,ortholog_prior,kw_membrane,0
411,0.06701253524529086,0.8888888888888888,0.16422287390029325,56,7,63,285,0.829683698296837,syn3a,PPI,kw_membrane,0
411,0.5392548017965505,0.9882352941176471,0.7390029325513197,252,3,67,89,0.829683698296837,syn3a,v15_simulator,kw_membrane,0
17,,,,8,0,0,9,1.0,syn3a,ortholog_prior,kw_membrane,1
44,0.047619047619047616,1.0,0.047619047619047616,2,0,2,40,0.9545454545454546,syn3a,PPI,kw_membrane,1
44,0.4303314829119352,1.0,0.8333333333333334,35,0,2,7,0.9545454545454546,syn3a,v15_simulator,kw_membrane,1
252,0.2739814724290972,0.945273631840796,0.8333333333333334,190,11,13,38,0.9047619047619048,syn3a,ortholog_prior,kw_synthase,0
429,0.061131497948339754,0.8923076923076924,0.16111111111111112,58,7,62,302,0.8391608391608392,syn3a,PPI,kw_synthase,0
429,0.5255312503780288,0.9888059701492538,0.7361111111111112,265,3,66,95,0.8391608391608392,syn3a,v15_simulator,kw_synthase,0
17,0.6582805886043833,1.0,0.8666666666666667,13,0,2,2,0.8823529411764706,syn3a,ortholog_prior,kw_synthase,1
26,,,,0,0,3,23,0.8846153846153846,syn3a,PPI,kw_synthase,1
26,0.8469895538599198,1.0,0.9565217391304348,22,0,3,1,0.8846153846153846,syn3a,v15_simulator,kw_synthase,1
255,0.3035295051225073,0.9507389162561576,0.8354978354978355,193,10,14,38,0.9058823529411765,syn3a,ortholog_prior,kw_kinase,0
436,0.04849972053300652,0.8888888888888888,0.15176151761517614,56,7,60,313,0.8463302752293578,syn3a,PPI,kw_kinase,0
436,0.5227875591319922,0.9891696750902527,0.7425474254742548,274,3,64,95,0.8463302752293578,syn3a,v15_simulator,kw_kinase,0
14,0.2842676218074806,0.9090909090909091,0.8333333333333334,10,1,1,2,0.8571428571428571,syn3a,ortholog_prior,kw_kinase,1
19,0.20498001542269695,1.0,0.14285714285714285,2,0,5,12,0.7368421052631579,syn3a,PPI,kw_kinase,1
19,0.879664438186246,1.0,0.9285714285714286,13,0,5,1,0.7368421052631579,syn3a,v15_simulator,kw_kinase,1
258,0.3272525425103993,0.9558823529411765,0.8333333333333334,195,9,15,39,0.9069767441860465,syn3a,ortholog_prior,kw_dehydrogenase,0
442,0.07283159391040515,0.90625,0.15591397849462366,58,6,64,314,0.8416289592760181,syn3a,PPI,kw_dehydrogenase,0
442,0.5344504582801503,0.9893238434163701,0.7473118279569892,278,3,67,94,0.8416289592760181,syn3a,v15_simulator,kw_dehydrogenase,0
11,-0.14907119849998599,0.8,0.8888888888888888,8,2,0,1,0.8181818181818182,syn3a,ortholog_prior,kw_dehydrogenase,1
13,-0.67700320038633,0.0,0.0,0,1,1,11,0.8461538461538461,syn3a,PPI,kw_dehydrogenase,1
13,0.6396021490668313,1.0,0.8181818181818182,9,0,2,2,0.8461538461538461,syn3a,v15_simulator,kw_dehydrogenase,1
261,0.32004917342135675,0.9476190476190476,0.8468085106382979,199,11,15,36,0.9003831417624522,syn3a,ortholog_prior,kw_protease,0
440,0.05362419789323222,0.8888888888888888,0.15135135135135136,56,7,63,314,0.8409090909090909,syn3a,PPI,kw_protease,0
440,0.5479067119414558,0.9894366197183099,0.7594594594594595,281,3,67,89,0.8409090909090909,syn3a,v15_simulator,kw_protease,0
15,0.15384615384615385,1.0,0.15384615384615385,2,0,2,11,0.8666666666666667,syn3a,PPI,kw_protease,1
15,0.3202563076101743,1.0,0.46153846153846156,6,0,2,7,0.8666666666666667,syn3a,v15_simulator,kw_protease,1
259,0.2421900390965615,0.9571428571428572,0.8375,201,9,10,39,0.9266409266409267,syn3a,ortholog_prior,kw_rrna,0
443,0.045746845746845746,0.8923076923076924,0.15343915343915343,58,7,58,320,0.8532731376975169,syn3a,PPI,kw_rrna,0
443,0.5223871487042365,0.9895470383275261,0.7513227513227513,284,3,62,94,0.8532731376975169,syn3a,v15_simulator,kw_rrna,0
10,0.3563483225498992,0.5,0.6666666666666666,2,2,5,1,0.3,syn3a,ortholog_prior,kw_rrna,1
12,,,,0,0,7,5,0.4166666666666667,syn3a,PPI,kw_rrna,1
12,0.6831300510639732,1.0,0.6,3,0,7,2,0.4166666666666667,syn3a,v15_simulator,kw_rrna,1
267,0.30637863384032415,0.9483568075117371,0.8381742738589212,202,11,15,39,0.9026217228464419,syn3a,ortholog_prior,kw_chaperone,0
453,0.0573704111897828,0.8923076923076924,0.15223097112860892,58,7,65,323,0.8410596026490066,syn3a,PPI,kw_chaperone,0
453,0.5366851606703569,0.9895833333333334,0.7480314960629921,285,3,69,96,0.8410596026490066,syn3a,v15_simulator,kw_chaperone,0
269,0.3020853648084863,0.9485981308411215,0.8353909465020576,203,11,15,40,0.9033457249070632,syn3a,ortholog_prior,is_hypothetical,0
455,0.056544006223324735,0.8923076923076924,0.1514360313315927,58,7,65,325,0.8417582417582418,syn3a,PPI,is_hypothetical,0
455,0.5372320940435067,0.9896551724137931,0.7493472584856397,287,3,69,96,0.8417582417582418,syn3a,v15_simulator,is_hypothetical,0
247,0.30739054885774214,0.9554455445544554,0.8539823008849557,193,9,12,33,0.9149797570850202,syn3a,ortholog_prior,is_uncharacterized,0
325,0.005305352146753945,0.9047619047619048,0.1945392491467577,57,6,26,236,0.9015384615384615,syn3a,PPI,is_uncharacterized,0
325,0.7654881013489001,0.9893992932862191,0.9556313993174061,280,3,29,13,0.9015384615384615,syn3a,v15_simulator,is_uncharacterized,0
22,0.1584236068762679,0.8333333333333334,0.5882352941176471,10,2,3,7,0.7727272727272727,syn3a,ortholog_prior,is_uncharacterized,1
130,-0.052083333333333336,0.5,0.011111111111111112,1,1,39,89,0.6923076923076923,syn3a,PPI,is_uncharacterized,1
130,0.1590395745378993,1.0,0.07777777777777778,7,0,40,83,0.6923076923076923,syn3a,v15_simulator,is_uncharacterized,1
268,0.30167148464877547,0.9483568075117371,0.8347107438016529,202,11,15,40,0.9029850746268657,syn3a,ortholog_prior,is_putative,0
453,0.0573704111897828,0.8923076923076924,0.15223097112860892,58,7,65,323,0.8410596026490066,syn3a,PPI,is_putative,0
453,0.5393835469758425,0.9896193771626297,0.7506561679790026,286,3,69,95,0.8410596026490066,syn3a,v15_simulator,is_putative,0
186,-0.044958485254259974,0.6666666666666666,0.04285714285714286,6,3,43,134,0.7526881720430108,syn3a,PPI,n_orth_bucket,0
186,0.39383928712543204,0.9714285714285714,0.4857142857142857,68,2,44,72,0.7526881720430108,syn3a,v15_simulator,n_orth_bucket,0
71,0.3302795512937244,0.9166666666666666,0.7457627118644068,44,4,8,15,0.8309859154929577,syn3a,ortholog_prior,n_orth_bucket,1-2
71,0.13701987408069663,1.0,0.1016949152542373,6,0,12,53,0.8309859154929577,syn3a,PPI,n_orth_bucket,1-2
71,0.5330642129900672,0.9782608695652174,0.7627118644067796,45,1,11,14,0.8309859154929577,syn3a,v15_simulator,n_orth_bucket,1-2
109,0.2612866075233225,0.9310344827586207,0.8350515463917526,81,6,6,16,0.8899082568807339,syn3a,ortholog_prior,n_orth_bucket,3-5
109,-0.042207836599921326,0.8636363636363636,0.1958762886597938,19,3,9,78,0.8899082568807339,syn3a,PPI,n_orth_bucket,3-5
109,0.7419672930241101,1.0,0.9175257731958762,89,0,12,8,0.8899082568807339,syn3a,v15_simulator,n_orth_bucket,3-5
89,0.186106234006542,0.9873417721518988,0.896551724137931,78,1,1,9,0.9775280898876404,syn3a,ortholog_prior,n_orth_bucket,6+
89,-0.060533443877471255,0.9642857142857143,0.3103448275862069,27,1,1,60,0.9775280898876404,syn3a,PPI,n_orth_bucket,6+
89,0.698931861576246,1.0,0.9770114942528736,85,0,2,2,0.9775280898876404,syn3a,v15_simulator,n_orth_bucket,6+
20,,,,18,0,0,2,1.0,syn3a,ortholog_prior,length_bucket,short(<300bp)
38,0.20498001542269695,0.8823529411764706,0.5,15,2,6,15,0.7894736842105263,syn3a,PPI,length_bucket,short(<300bp)
38,0.408491223118783,0.9166666666666666,0.7333333333333333,22,2,6,8,0.7894736842105263,syn3a,v15_simulator,length_bucket,short(<300bp)
133,0.4400987555383646,0.9326923076923077,0.8584070796460177,97,7,13,16,0.849624060150376,syn3a,ortholog_prior,length_bucket,medium(300-1000bp)
236,0.1441595494182751,0.9411764705882353,0.1693121693121693,32,2,45,157,0.8008474576271186,syn3a,PPI,length_bucket,medium(300-1000bp)
236,0.5765330709467865,1.0,0.7142857142857143,135,0,47,54,0.8008474576271186,syn3a,v15_simulator,length_bucket,medium(300-1000bp)
113,0.07002380630906832,0.9550561797752809,0.794392523364486,85,4,2,22,0.9469026548672567,syn3a,ortholog_prior,length_bucket,long(1k-3k)
171,-0.1351368462262072,0.7692307692307693,0.06451612903225806,10,3,13,145,0.9064327485380117,syn3a,PPI,length_bucket,long(1k-3k)
171,0.4843440207484579,0.992,0.8,124,1,15,31,0.9064327485380117,syn3a,v15_simulator,length_bucket,long(1k-3k)
10,0.1111111111111111,1.0,0.1111111111111111,1,0,1,8,0.9,syn3a,PPI,length_bucket,very_long(>3kbp)
10,0.408248290463863,1.0,0.6666666666666666,6,0,1,3,0.9,syn3a,v15_simulator,length_bucket,very_long(>3kbp)
269,0.3020853648084863,0.9485981308411215,0.8353909465020576,203,11,15,40,0.9033457249070632,syn3a,ortholog_prior,has_ppi_partner,True
455,0.056544006223324735,0.8923076923076924,0.1514360313315927,58,7,65,325,0.8417582417582418,syn3a,PPI,has_ppi_partner,True
455,0.5372320940435067,0.9896551724137931,0.7493472584856397,287,3,69,96,0.8417582417582418,syn3a,v15_simulator,has_ppi_partner,True
422,0.3293263407184853,0.8583815028901735,0.8839285714285714,297,49,37,39,0.7962085308056872,mgenitalium,ortholog_prior,kw_replication,0
432,0.18817944505836542,0.9512195121951219,0.22740524781341107,78,4,85,265,0.7939814814814815,mgenitalium,PPI,kw_replication,0
24,0.5877538136452587,0.8636363636363636,1.0,19,3,2,0,0.7916666666666666,mgenitalium,ortholog_prior,kw_replication,1
24,0.22941573387056174,1.0,0.21052631578947367,4,0,5,15,0.7916666666666666,mgenitalium,PPI,kw_replication,1
436,0.3345640442294658,0.8547486033519553,0.8869565217391304,306,52,39,39,0.7912844036697247,mgenitalium,ortholog_prior,kw_transcription,0
446,0.1842843045034601,0.95,0.2159090909090909,76,4,90,276,0.7892376681614349,mgenitalium,PPI,kw_transcription,0
10,,,,10,0,0,0,1.0,mgenitalium,ortholog_prior,kw_transcription,1
10,,,,6,0,0,4,1.0,mgenitalium,PPI,kw_transcription,1
362,0.3003483836954975,0.8169014084507042,0.8560885608856088,232,52,39,39,0.7486187845303868,mgenitalium,ortholog_prior,kw_translation,0
370,0.08684603343640743,0.8709677419354839,0.09782608695652174,27,4,90,249,0.745945945945946,mgenitalium,PPI,kw_translation,0
84,,,,84,0,0,0,1.0,mgenitalium,ortholog_prior,kw_translation,1
86,,,,55,0,0,31,1.0,mgenitalium,PPI,kw_translation,1
438,0.33929298813969955,0.8583333333333333,0.8879310344827587,309,51,39,39,0.7945205479452054,mgenitalium,ortholog_prior,kw_atp,0
448,0.19357648944218336,0.9534883720930233,0.23098591549295774,82,4,89,273,0.7924107142857143,mgenitalium,PPI,kw_atp,0
395,0.33770673317732197,0.8637770897832817,0.8829113924050633,279,44,35,37,0.8,mgenitalium,ortholog_prior,kw_membrane,0
405,0.19932471079919475,0.9529411764705882,0.25077399380804954,81,4,78,242,0.7975308641975308,mgenitalium,PPI,kw_membrane,0
51,0.3713377679306778,0.8222222222222222,0.9487179487179487,37,8,4,2,0.7647058823529411,mgenitalium,ortholog_prior,kw_membrane,1
51,0.07844645405527362,1.0,0.02564102564102564,1,0,12,38,0.7647058823529411,mgenitalium,PPI,kw_membrane,1
412,0.33235737758269884,0.8511904761904762,0.8827160493827161,286,50,38,38,0.7864077669902912,mgenitalium,ortholog_prior,kw_synthase,0
421,0.2066190618373483,0.9529411764705882,0.24545454545454545,81,4,87,249,0.7838479809976246,mgenitalium,PPI,kw_synthase,0
34,0.36293309315564887,0.9375,0.967741935483871,30,2,1,1,0.9117647058823529,mgenitalium,ortholog_prior,kw_synthase,1
35,0.05251050315105037,1.0,0.03125,1,0,3,31,0.9142857142857143,mgenitalium,PPI,kw_synthase,1
426,0.3487269074412839,0.8571428571428571,0.8902077151335311,300,50,39,37,0.7910798122065728,mgenitalium,ortholog_prior,kw_kinase,0
436,0.19773411713258227,0.9529411764705882,0.23546511627906977,81,4,88,263,0.7889908256880734,mgenitalium,PPI,kw_kinase,0
20,-0.1111111111111111,0.8888888888888888,0.8888888888888888,16,2,0,2,0.9,mgenitalium,ortholog_prior,kw_kinase,1
20,0.07647191129018725,1.0,0.05555555555555555,1,0,2,17,0.9,mgenitalium,PPI,kw_kinase,1
431,0.3333102133751473,0.8595505617977528,0.8895348837209303,306,50,37,38,0.7981438515081206,mgenitalium,ortholog_prior,kw_dehydrogenase,0
441,0.18831278780247862,0.9523809523809523,0.22792022792022792,80,4,86,271,0.7959183673469388,mgenitalium,PPI,kw_dehydrogenase,0
15,0.45226701686664544,0.8333333333333334,0.9090909090909091,10,2,2,1,0.7333333333333333,mgenitalium,ortholog_prior,kw_dehydrogenase,1
15,0.23652495839563303,1.0,0.18181818181818182,2,0,4,9,0.7333333333333333,mgenitalium,PPI,kw_dehydrogenase,1
435,0.34582890769058533,0.8611111111111112,0.8933717579250721,310,50,38,37,0.7977011494252874,mgenitalium,ortholog_prior,kw_protease,0
445,0.18761967981500008,0.9523809523809523,0.22598870056497175,80,4,87,274,0.7955056179775281,mgenitalium,PPI,kw_protease,0
11,0.08333333333333333,0.75,0.75,6,2,1,2,0.7272727272727273,mgenitalium,ortholog_prior,kw_protease,1
11,0.28867513459481287,1.0,0.25,2,0,3,6,0.7272727272727273,mgenitalium,PPI,kw_protease,1
446,0.33811345263061393,0.8586956521739131,0.8901408450704226,316,52,39,39,0.7959641255605381,mgenitalium,ortholog_prior,kw_rrna,0
456,0.19024183813440004,0.9534883720930233,0.2265193370165746,82,4,90,280,0.793859649122807,mgenitalium,PPI,kw_rrna,0
442,0.3367175148507369,0.8571428571428571,0.8888888888888888,312,52,39,39,0.7941176470588235,mgenitalium,ortholog_prior,kw_chaperone,0
452,0.19080118411843736,0.9529411764705882,0.22625698324022347,81,4,90,277,0.7920353982300885,mgenitalium,PPI,kw_chaperone,0
387,0.2987258233323616,0.8711656441717791,0.8930817610062893,284,42,27,34,0.8217054263565892,mgenitalium,ortholog_prior,is_hypothetical,0
393,0.19405332443191484,0.9642857142857143,0.25077399380804954,81,3,67,242,0.821882951653944,mgenitalium,PPI,is_hypothetical,0
59,0.438112009785858,0.7619047619047619,0.8648648648648649,32,10,12,5,0.6271186440677966,mgenitalium,ortholog_prior,is_hypothetical,1
63,-0.04438880151427718,0.5,0.02564102564102564,1,1,23,38,0.6190476190476191,mgenitalium,PPI,is_hypothetical,1
445,0.33776737202755724,0.8583106267029973,0.8898305084745762,315,52,39,39,0.7955056179775281,mgenitalium,ortholog_prior,is_uncharacterized,0
455,0.19088500452971083,0.9534883720930233,0.22714681440443213,82,4,90,279,0.7934065934065934,mgenitalium,PPI,is_uncharacterized,0
377,0.39344769060874857,0.8770226537216829,0.8943894389438944,271,38,36,32,0.8037135278514589,mgenitalium,ortholog_prior,is_putative,0
386,0.19814725349405826,0.9518072289156626,0.255663430420712,79,4,73,230,0.8005181347150259,mgenitalium,PPI,is_putative,0
69,0.05123297623728215,0.7627118644067796,0.8653846153846154,45,14,3,7,0.7536231884057971,mgenitalium,ortholog_prior,is_putative,1
70,0.1198421941830917,1.0,0.05660377358490566,3,0,17,50,0.7571428571428571,mgenitalium,PPI,is_putative,1
10,0.3273268353539886,1.0,0.2857142857142857,2,0,3,5,0.7,mgenitalium,PPI,n_orth_bucket,0
253,0.33340375235868996,0.7990430622009569,0.9027027027027027,167,42,26,18,0.7312252964426877,mgenitalium,ortholog_prior,n_orth_bucket,1-2
253,0.12089601633779905,0.9375,0.08108108108108109,15,1,67,170,0.7312252964426877,mgenitalium,PPI,n_orth_bucket,1-2
116,0.3767954181716569,0.898876404494382,0.8421052631578947,80,9,12,15,0.8189655172413793,mgenitalium,ortholog_prior,n_orth_bucket,3-5
116,0.15518982759918035,0.9117647058823529,0.3263157894736842,31,3,18,64,0.8189655172413793,mgenitalium,PPI,n_orth_bucket,3-5
77,0.23237900077244503,0.9857142857142858,0.92,69,1,1,6,0.974025974025974,mgenitalium,ortholog_prior,n_orth_bucket,6+
77,0.1452076833980539,1.0,0.4533333333333333,34,0,2,41,0.974025974025974,mgenitalium,PPI,n_orth_bucket,6+
16,1.0,1.0,1.0,15,0,1,0,0.9375,mgenitalium,ortholog_prior,length_bucket,short(<300bp)
16,0.6831300510639733,1.0,0.9333333333333333,14,0,1,1,0.9375,mgenitalium,PPI,length_bucket,short(<300bp)
234,0.3336499190246052,0.8484848484848485,0.9081081081081082,168,30,19,17,0.7905982905982906,mgenitalium,ortholog_prior,length_bucket,medium(300-1000bp)
240,0.21998519907298533,0.9615384615384616,0.2631578947368421,50,2,48,140,0.7916666666666666,mgenitalium,PPI,length_bucket,medium(300-1000bp)
181,0.35584731084525273,0.8561643835616438,0.8802816901408451,125,21,18,17,0.7845303867403315,mgenitalium,ortholog_prior,length_bucket,long(1k-3k)
183,0.12370289675232155,0.9411764705882353,0.11188811188811189,16,1,39,127,0.7814207650273224,mgenitalium,PPI,length_bucket,long(1k-3k)
15,0.08006407690254358,0.8888888888888888,0.6153846153846154,8,1,1,5,0.8666666666666667,mgenitalium,ortholog_prior,length_bucket,very_long(>3kbp)
17,-0.19047619047619047,0.6666666666666666,0.14285714285714285,2,1,2,12,0.8235294117647058,mgenitalium,PPI,length_bucket,very_long(>3kbp)
446,0.33811345263061393,0.8586956521739131,0.8901408450704226,316,52,39,39,0.7959641255605381,mgenitalium,ortholog_prior,has_ppi_partner,True
456,0.19024183813440004,0.9534883720930233,0.2265193370165746,82,4,90,280,0.793859649122807,mgenitalium,PPI,has_ppi_partner,True
421,0.3143559001985375,0.9242902208201893,0.8071625344352618,293,24,34,70,0.8622327790973872,mpne,ortholog_prior,kw_replication,0
585,0.2653988813117008,0.8816568047337278,0.369727047146402,149,20,162,254,0.6888888888888889,mpne,PPI,kw_replication,0
28,0.2842676218074806,0.9090909090909091,0.8333333333333334,20,2,2,4,0.8571428571428571,mpne,ortholog_prior,kw_replication,1
29,0.227866357593825,0.9230769230769231,0.5,12,1,4,12,0.8275862068965517,mpne,PPI,kw_replication,1
435,0.3042821294588972,0.9204892966360856,0.8048128342245989,301,26,35,73,0.8597701149425288,mpne,ortholog_prior,kw_transcription,0
599,0.2604801083482753,0.8786127167630058,0.36803874092009686,152,21,165,261,0.6894824707846411,mpne,PPI,kw_transcription,0
14,0.6793662204867574,1.0,0.9230769230769231,12,0,1,1,0.9285714285714286,mpne,ortholog_prior,kw_transcription,1
15,0.32732683535398854,1.0,0.6428571428571429,9,0,1,5,0.9333333333333333,mpne,PPI,kw_transcription,1
360,0.2768047057965361,0.8976377952755905,0.7625418060200669,228,26,35,71,0.8305555555555556,mpne,ortholog_prior,kw_translation,0
519,0.19383450973208627,0.8198198198198198,0.2732732732732733,91,20,166,242,0.6416184971098265,mpne,PPI,kw_translation,0
89,0.49140337069181034,1.0,0.9659090909090909,85,0,1,3,0.9887640449438202,mpne,ortholog_prior,kw_translation,1
95,-0.059967027200067746,0.9859154929577465,0.7446808510638298,70,1,0,24,0.9894736842105263,mpne,PPI,kw_translation,1
441,0.31268125565249016,0.9216867469879518,0.8073878627968337,306,26,36,73,0.8594104308390023,mpne,ortholog_prior,kw_atp,0
606,0.2641264481190783,0.8813559322033898,0.3723150357995227,156,21,166,263,0.6914191419141914,mpne,PPI,kw_atp,0
400,0.2855117406290058,0.9158576051779935,0.8202898550724638,283,26,29,62,0.8625,mpne,ortholog_prior,kw_membrane,0
555,0.2976287446827767,0.8908045977011494,0.4068241469816273,155,19,155,226,0.6864864864864865,mpne,PPI,kw_membrane,0
49,0.512989176042577,1.0,0.7142857142857143,30,0,7,12,0.8571428571428571,mpne,ortholog_prior,kw_membrane,1
59,-0.028343100853491888,0.75,0.13043478260869565,6,2,11,40,0.7796610169491526,mpne,PPI,kw_membrane,1
433,0.3126311004690981,0.9233128834355828,0.806970509383378,301,25,35,72,0.8614318706697459,mpne,ortholog_prior,kw_synthase,0
597,0.27438275151862723,0.8863636363636364,0.3786407766990291,156,20,165,256,0.6901172529313233,mpne,PPI,kw_synthase,0
16,0.30261376633440124,0.9230769230769231,0.8571428571428571,12,1,1,2,0.875,mpne,ortholog_prior,kw_synthase,1
17,-0.11236664374387369,0.8333333333333334,0.3333333333333333,5,1,1,10,0.8823529411764706,mpne,PPI,kw_synthase,1
431,0.32182476828384066,0.9202453987730062,0.8130081300813008,300,26,36,69,0.8561484918793504,mpne,ortholog_prior,kw_kinase,0
595,0.2743121528054739,0.8820224719101124,0.38386308068459657,157,21,165,252,0.6873949579831933,mpne,PPI,kw_kinase,0
18,,,,13,0,0,5,1.0,mpne,ortholog_prior,kw_kinase,1
19,0.12171612389003691,1.0,0.2222222222222222,4,0,1,14,0.9473684210526315,mpne,PPI,kw_kinase,1
431,0.3241250555381637,0.9323076923076923,0.808,303,22,34,72,0.8700696055684455,mpne,ortholog_prior,kw_dehydrogenase,0
594,0.26539463893750503,0.88268156424581,0.38164251207729466,158,21,159,256,0.696969696969697,mpne,PPI,kw_dehydrogenase,0
18,0.1889822365046136,0.7142857142857143,0.8333333333333334,10,4,2,2,0.6666666666666666,mpne,ortholog_prior,kw_dehydrogenase,1
20,0.3082573996425538,1.0,0.23076923076923078,3,0,7,10,0.65,mpne,PPI,kw_dehydrogenase,1
439,0.31508614684616526,0.9221556886227545,0.8148148148148148,308,26,35,70,0.8610478359908884,mpne,ortholog_prior,kw_protease,0
598,0.25976132998141427,0.8820224719101124,0.37559808612440193,157,21,159,261,0.6989966555183946,mpne,PPI,kw_protease,0
10,0.3333333333333333,1.0,0.5555555555555556,5,0,1,4,0.9,mpne,ortholog_prior,kw_protease,1
16,0.5091750772173156,1.0,0.4444444444444444,4,0,7,5,0.5625,mpne,PPI,kw_protease,1
443,0.3164403044545601,0.9230769230769231,0.8167539267015707,312,26,35,70,0.8623024830699775,mpne,ortholog_prior,kw_rrna,0
608,0.26044935627723476,0.8813559322033898,0.3696682464454976,156,21,165,266,0.694078947368421,mpne,PPI,kw_rrna,0
444,0.31372582611762984,0.9223880597014925,0.8089005235602095,309,26,36,73,0.8603603603603603,mpne,ortholog_prior,kw_chaperone,0
609,0.26539745692036554,0.88268156424581,0.3744075829383886,158,21,166,264,0.6929392446633826,mpne,PPI,kw_chaperone,0
448,0.3057752600474273,0.9233038348082596,0.8087855297157622,313,26,35,74,0.8638392857142857,mpne,ortholog_prior,is_hypothetical,0
601,0.25902726212249405,0.8839779005524862,0.37825059101654845,160,21,157,263,0.7038269550748752,mpne,PPI,is_hypothetical,0
13,0.4330127018922193,1.0,0.25,1,0,9,3,0.3076923076923077,mpne,PPI,is_hypothetical,1
449,0.312381503487527,0.9233038348082596,0.8087855297157622,313,26,36,74,0.8619153674832962,mpne,ortholog_prior,is_uncharacterized,0
614,0.26680420791282816,0.8846153846153846,0.3770491803278688,161,21,166,266,0.6954397394136808,mpne,PPI,is_uncharacterized,0
449,0.312381503487527,0.9233038348082596,0.8087855297157622,313,26,36,74,0.8619153674832962,mpne,ortholog_prior,is_putative,0
607,0.2614987465567456,0.8846153846153846,0.3779342723004695,161,21,160,265,0.7018121911037891,mpne,PPI,is_putative,0
165,0.18064658991254168,0.43478260869565216,0.25,10,13,112,30,0.24242424242424243,mpne,PPI,n_orth_bucket,0
259,0.3671770857512105,0.8817204301075269,0.803921568627451,164,22,33,40,0.7876447876447876,mpne,ortholog_prior,n_orth_bucket,1-2
259,0.10381571994126985,0.8703703703703703,0.23039215686274508,47,7,48,157,0.7876447876447876,mpne,PPI,n_orth_bucket,1-2
110,0.037994788248197804,0.9506172839506173,0.7403846153846154,77,4,2,27,0.9454545454545454,mpne,ortholog_prior,n_orth_bucket,3-5
110,0.2401922307076307,1.0,0.5288461538461539,55,0,6,49,0.9454545454545454,mpne,PPI,n_orth_bucket,3-5
80,0.3375263702778072,1.0,0.9113924050632911,72,0,1,7,0.9875,mpne,ortholog_prior,n_orth_bucket,6+
80,-0.08714893406611901,0.98,0.620253164556962,49,1,0,30,0.9875,mpne,PPI,n_orth_bucket,6+
18,0.6614378277661476,1.0,0.875,14,0,2,2,0.8888888888888888,mpne,ortholog_prior,length_bucket,short(<300bp)
29,0.34097383755170546,0.9473684210526315,0.72,18,1,3,7,0.8620689655172413,mpne,PPI,length_bucket,short(<300bp)
236,0.3196196244582226,0.9329608938547486,0.8106796116504854,167,12,18,39,0.8728813559322034,mpne,ortholog_prior,length_bucket,medium(300-1000bp)
328,0.23851158441725387,0.8636363636363636,0.34080717488789236,76,12,93,147,0.6798780487804879,mpne,PPI,length_bucket,medium(300-1000bp)
179,0.33997129707230694,0.9393939393939394,0.7948717948717948,124,8,15,32,0.8715083798882681,mpne,ortholog_prior,length_bucket,long(1k-3k)
237,0.2627818800418474,0.8970588235294118,0.3630952380952381,61,7,62,107,0.7088607594936709,mpne,PPI,length_bucket,long(1k-3k)
16,0.047619047619047616,0.5714285714285714,0.8888888888888888,8,6,1,1,0.5625,mpne,ortholog_prior,length_bucket,very_long(>3kbp)
20,0.4530333378893934,0.8571428571428571,0.5454545454545454,6,1,8,5,0.55,mpne,PPI,length_bucket,very_long(>3kbp)
449,0.312381503487527,0.9233038348082596,0.8087855297157622,313,26,36,74,0.8619153674832962,mpne,ortholog_prior,has_ppi_partner,True
614,0.26680420791282816,0.8846153846153846,0.3770491803278688,161,21,166,266,0.6954397394136808,mpne,PPI,has_ppi_partner,True
265,0.22486940516193,0.8927038626609443,0.9082969432314411,208,25,11,21,0.8641509433962264,saureus,ortholog_prior,kw_replication,0
388,0.09403942141229778,0.907563025210084,0.32432432432432434,108,11,44,225,0.8582474226804123,saureus,PPI,kw_replication,0
16,,,,14,0,0,2,1.0,saureus,ortholog_prior,kw_replication,1
19,,,,6,0,0,13,1.0,saureus,PPI,kw_replication,1
275,0.2144941896046289,0.8962655601659751,0.9037656903765691,216,25,11,23,0.8690909090909091,saureus,ortholog_prior,kw_transcription,0
401,0.08641369673764553,0.9083333333333333,0.315028901734104,109,11,44,237,0.8628428927680798,saureus,PPI,kw_transcription,0
193,0.24292145354807,0.906832298136646,0.8690476190476191,146,15,10,22,0.8704663212435233,saureus,ortholog_prior,kw_translation,0
316,0.13878227153664777,0.9642857142857143,0.19852941176470587,54,2,42,218,0.8607594936708861,saureus,PPI,kw_translation,0
88,0.1729171253112705,0.8837209302325582,0.987012987012987,76,10,1,1,0.875,saureus,ortholog_prior,kw_translation,1
91,-0.051912749156378245,0.8695652173913043,0.75,60,9,2,20,0.8791208791208791,saureus,PPI,kw_translation,1
281,0.2169312357553307,0.8987854251012146,0.9061224489795918,222,25,11,23,0.8718861209964412,saureus,ortholog_prior,kw_atp,0
407,0.09179455939625057,0.912,0.32386363636363635,114,11,44,238,0.8648648648648649,saureus,PPI,kw_atp,0
280,0.22359882753213106,0.8987854251012146,0.9098360655737705,222,25,11,22,0.8714285714285714,saureus,ortholog_prior,kw_membrane,0
402,0.09542377096014223,0.912,0.3285302593659942,114,11,44,233,0.8631840796019901,saureus,PPI,kw_membrane,0
248,0.19605355884425651,0.8930232558139535,0.8930232558139535,192,23,10,23,0.8669354838709677,saureus,ortholog_prior,kw_synthase,0
371,0.09196650129102162,0.9083333333333333,0.340625,109,11,40,211,0.862533692722372,saureus,PPI,kw_synthase,0
33,0.5590169943749475,0.9375,1.0,30,2,1,0,0.9090909090909091,saureus,ortholog_prior,kw_synthase,1
36,0.1419904585617662,1.0,0.15625,5,0,4,27,0.8888888888888888,saureus,PPI,kw_synthase,1
269,0.22655819683667927,0.8945147679324894,0.9098712446351931,212,25,11,21,0.8661710037174721,saureus,ortholog_prior,kw_kinase,0
393,0.09226805996190954,0.9083333333333333,0.3224852071005917,109,11,44,229,0.8600508905852418,saureus,PPI,kw_kinase,0
12,,,,10,0,0,2,1.0,saureus,ortholog_prior,kw_kinase,1
14,,,,5,0,0,9,1.0,saureus,PPI,kw_kinase,1
266,0.19694710649137187,0.902542372881356,0.9102564102564102,213,23,9,21,0.8796992481203008,saureus,ortholog_prior,kw_dehydrogenase,0
390,0.08125963599831719,0.9098360655737705,0.3274336283185841,111,11,40,228,0.8692307692307693,saureus,PPI,kw_dehydrogenase,0
15,0.3181818181818182,0.8181818181818182,0.8181818181818182,9,2,2,2,0.7333333333333333,saureus,ortholog_prior,kw_dehydrogenase,1
17,0.25677629550654774,1.0,0.23076923076923078,3,0,4,10,0.7647058823529411,saureus,PPI,kw_dehydrogenase,1
280,0.22359882753213106,0.8987854251012146,0.9098360655737705,222,25,11,22,0.8714285714285714,saureus,ortholog_prior,kw_protease,0
405,0.09323220955205977,0.912,0.32571428571428573,114,11,44,236,0.8641975308641975,saureus,PPI,kw_protease,0
281,0.2169312357553307,0.8987854251012146,0.9061224489795918,222,25,11,23,0.8718861209964412,saureus,ortholog_prior,kw_rrna,0
406,0.09251107563358425,0.912,0.3247863247863248,114,11,44,237,0.8645320197044335,saureus,PPI,kw_rrna,0
279,0.2161322042091899,0.8979591836734694,0.9053497942386831,220,25,11,23,0.8709677419354839,saureus,ortholog_prior,kw_chaperone,0
405,0.0893962915240111,0.9105691056910569,0.32,112,11,44,238,0.8641975308641975,saureus,PPI,kw_chaperone,0
259,0.2471385433683069,0.9047619047619048,0.920704845814978,209,22,10,18,0.8764478764478765,saureus,ortholog_prior,is_hypothetical,0
343,0.09811763208032168,0.9051724137931034,0.35714285714285715,105,11,38,189,0.8571428571428571,saureus,PPI,is_hypothetical,0
22,-0.024056261216234408,0.8125,0.7222222222222222,13,3,1,5,0.8181818181818182,saureus,ortholog_prior,is_hypothetical,1
64,0.13010726223589664,1.0,0.15517241379310345,9,0,6,49,0.90625,saureus,PPI,is_hypothetical,1
281,0.2169312357553307,0.8987854251012146,0.9061224489795918,222,25,11,23,0.8718861209964412,saureus,ortholog_prior,is_uncharacterized,0
407,0.09179455939625057,0.912,0.32386363636363635,114,11,44,238,0.8648648648648649,saureus,PPI,is_uncharacterized,0
281,0.2169312357553307,0.8987854251012146,0.9061224489795918,222,25,11,23,0.8718861209964412,saureus,ortholog_prior,is_putative,0
407,0.09179455939625057,0.912,0.32386363636363635,114,11,44,238,0.8648648648648649,saureus,PPI,is_putative,0
126,0.0784126835559757,0.9285714285714286,0.12149532710280374,13,1,18,94,0.8492063492063492,saureus,PPI,n_orth_bucket,0
74,0.01679842102263232,0.7333333333333333,0.8148148148148148,44,16,4,10,0.7297297297297297,saureus,ortholog_prior,n_orth_bucket,1-2
74,-0.15688050801130052,0.6190476190476191,0.24074074074074073,13,8,12,41,0.7297297297297297,saureus,PPI,n_orth_bucket,1-2
118,0.2611912365333283,0.9306930693069307,0.8867924528301887,94,7,5,12,0.8983050847457628,saureus,ortholog_prior,n_orth_bucket,3-5
118,0.19156329902447658,0.9761904761904762,0.3867924528301887,41,1,11,65,0.8983050847457628,saureus,PPI,n_orth_bucket,3-5
89,0.5604782662270721,0.9767441860465116,0.9882352941176471,84,2,2,1,0.9550561797752809,saureus,ortholog_prior,n_orth_bucket,6+
89,0.12591724678067134,0.9791666666666666,0.5529411764705883,47,1,3,38,0.9550561797752809,saureus,PPI,n_orth_bucket,6+
33,-0.1555427542095638,0.7096774193548387,0.9166666666666666,22,9,0,2,0.7272727272727273,saureus,ortholog_prior,length_bucket,short(<300bp)
54,-0.04099600308453939,0.7647058823529411,0.6190476190476191,26,8,4,16,0.7777777777777778,saureus,PPI,length_bucket,short(<300bp)
134,0.2745321718013305,0.9145299145299145,0.9067796610169492,107,10,6,11,0.8805970149253731,saureus,ortholog_prior,length_bucket,medium(300-1000bp)
195,0.193869849711023,0.9818181818181818,0.313953488372093,54,1,22,118,0.882051282051282,saureus,PPI,length_bucket,medium(300-1000bp)
110,0.3090575499818436,0.9368421052631579,0.898989898989899,89,6,5,10,0.9,saureus,ortholog_prior,length_bucket,long(1k-3k)
153,0.1059343431725745,0.9411764705882353,0.23880597014925373,32,2,17,102,0.8758169934640523,saureus,PPI,length_bucket,long(1k-3k)
281,0.2169312357553307,0.8987854251012146,0.9061224489795918,222,25,11,23,0.8718861209964412,saureus,ortholog_prior,has_ppi_partner,True
407,0.09179455939625057,0.912,0.32386363636363635,114,11,44,238,0.8648648648648649,saureus,PPI,has_ppi_partner,True
1422,0.4307885818533531,0.27331887201735355,0.9545454545454546,126,335,955,6,0.09282700421940929,styphimurium,ortholog_prior,kw_replication,0
3235,0.1388075129715557,0.07551766138855055,0.8211920529801324,124,1518,1566,27,0.04667697063369397,styphimurium,PPI,kw_replication,0
42,0.5270462766947299,0.5185185185185185,1.0,14,13,15,0,0.3333333333333333,styphimurium,ortholog_prior,kw_replication,1
71,0.16818743921419488,0.25862068965517243,0.9375,15,43,12,1,0.22535211267605634,styphimurium,PPI,kw_replication,1
1414,0.441342854623924,0.28752642706131076,0.9577464788732394,136,337,935,6,0.10042432814710042,styphimurium,ortholog_prior,kw_transcription,0
3151,0.14561822379056147,0.08292383292383293,0.8282208588957055,135,1493,1495,28,0.05172960964773088,styphimurium,PPI,kw_transcription,0
50,0.45044261646145084,0.26666666666666666,1.0,4,11,35,0,0.08,styphimurium,ortholog_prior,kw_transcription,1
155,0.1747488474246183,0.05555555555555555,1.0,4,68,83,0,0.025806451612903226,styphimurium,PPI,kw_transcription,1
1360,0.3873508208151125,0.22413793103448276,0.9381443298969072,91,315,948,6,0.0713235294117647,styphimurium,ortholog_prior,kw_translation,0
3187,0.106558531933456,0.05628517823639775,0.7758620689655172,90,1509,1562,26,0.036397866331973644,styphimurium,PPI,kw_translation,0
104,0.4889012070387047,0.5975609756097561,1.0,49,33,22,0,0.47115384615384615,styphimurium,ortholog_prior,kw_translation,1
119,0.2708148212341292,0.48514851485148514,0.9607843137254902,49,52,16,2,0.42857142857142855,styphimurium,PPI,kw_translation,1
1457,0.44548066809953046,0.29045643153526973,0.958904109589041,140,342,969,6,0.10020590253946465,styphimurium,ortholog_prior,kw_atp,0
3296,0.14771454597960393,0.08224852071005917,0.8323353293413174,139,1551,1578,28,0.05066747572815534,styphimurium,PPI,kw_atp,0
10,,,,0,10,0,0,0.0,styphimurium,PPI,kw_atp,1
1308,0.4401952101714822,0.2928416485900217,0.9574468085106383,135,326,841,6,0.10779816513761468,styphimurium,ortholog_prior,kw_membrane,0
2862,0.13823082123064734,0.08471337579617834,0.83125,133,1437,1265,27,0.055904961565338925,styphimurium,PPI,kw_membrane,0
156,0.39774937105930425,0.18518518518518517,1.0,5,22,129,0,0.03205128205128205,styphimurium,ortholog_prior,kw_membrane,1
444,0.15696519010002877,0.046153846153846156,0.8571428571428571,6,124,313,1,0.015765765765765764,styphimurium,PPI,kw_membrane,1
1328,0.42715886630916594,0.2613065326633166,0.9541284403669725,104,294,925,5,0.08207831325301204,styphimurium,ortholog_prior,kw_synthase,0
3127,0.14375317295782217,0.06948831332912192,0.8527131782945736,110,1473,1525,19,0.04125359769747362,styphimurium,PPI,kw_synthase,0
136,0.40213616120447904,0.4,0.972972972972973,36,54,45,1,0.27205882352941174,styphimurium,ortholog_prior,kw_synthase,1
179,0.11949951495244782,0.24786324786324787,0.7631578947368421,29,88,53,9,0.2122905027932961,styphimurium,PPI,kw_synthase,1
1405,0.4392429651748455,0.284796573875803,0.9568345323741008,133,334,932,6,0.09893238434163701,styphimurium,ortholog_prior,kw_kinase,0
3196,0.14780429814778862,0.08169533169533169,0.83125,133,1495,1541,27,0.05006257822277847,styphimurium,PPI,kw_kinase,0
59,0.49354811679282456,0.3333333333333333,1.0,7,14,38,0,0.11864406779661017,styphimurium,ortholog_prior,kw_kinase,1
110,0.11107054924683424,0.08333333333333333,0.8571428571428571,6,66,37,1,0.06363636363636363,styphimurium,PPI,kw_kinase,1
1292,0.45435541241892397,0.30248306997742663,0.9640287769784173,134,309,844,5,0.10758513931888544,styphimurium,ortholog_prior,kw_dehydrogenase,0
3015,0.15901862631157795,0.08831341301460824,0.8364779874213837,133,1373,1483,26,0.0527363184079602,styphimurium,PPI,kw_dehydrogenase,0
172,0.27907442987507197,0.13333333333333333,0.8571428571428571,6,39,126,1,0.040697674418604654,styphimurium,ortholog_prior,kw_dehydrogenase,1
291,0.029721914913888203,0.030927835051546393,0.75,6,188,95,2,0.027491408934707903,styphimurium,PPI,kw_dehydrogenase,1
1429,0.44261540428524343,0.28870292887029286,0.9583333333333334,138,340,945,6,0.10076976906927922,styphimurium,ortholog_prior,kw_protease,0
3238,0.14870162918193014,0.08238123872519543,0.8353658536585366,137,1526,1548,27,0.0506485484867202,styphimurium,PPI,kw_protease,0
35,0.38924947208076144,0.2,1.0,2,8,25,0,0.05714285714285714,styphimurium,ortholog_prior,kw_protease,1
68,0.0528616839787318,0.05405405405405406,0.6666666666666666,2,35,30,1,0.04411764705882353,styphimurium,PPI,kw_protease,1
1452,0.44298132069969237,0.28865979381443296,0.958904109589041,140,345,961,6,0.10055096418732783,styphimurium,ortholog_prior,kw_rrna,0
3291,0.14747840465318512,0.08224852071005917,0.8323353293413174,139,1551,1573,28,0.05074445457307809,styphimurium,PPI,kw_rrna,0
12,,,,0,3,9,0,0.0,styphimurium,ortholog_prior,kw_rrna,1
15,,,,0,10,5,0,0.0,styphimurium,PPI,kw_rrna,1
1455,0.44272898778681674,0.28778467908902694,0.9586206896551724,139,344,966,6,0.09965635738831616,styphimurium,ortholog_prior,kw_chaperone,0
3279,0.15076276327991758,0.08229721728833629,0.8424242424242424,139,1550,1564,26,0.05032021957913998,styphimurium,PPI,kw_chaperone,0
27,-0.23452078799117146,0.0,0.0,0,11,14,2,0.07407407407407407,styphimurium,PPI,kw_chaperone,1
1461,0.44217711387095965,0.2874743326488706,0.958904109589041,140,347,968,6,0.0999315537303217,styphimurium,ortholog_prior,is_hypothetical,0
3303,0.14680634857667274,0.08181283107710417,0.8323353293413174,139,1560,1576,28,0.05056009688162277,styphimurium,PPI,is_hypothetical,0
1464,0.4416735907083508,0.28688524590163933,0.958904109589041,140,348,970,6,0.09972677595628415,styphimurium,ortholog_prior,is_uncharacterized,0
3306,0.14681061831138456,0.08176470588235295,0.8323353293413174,139,1561,1578,28,0.05051421657592257,styphimurium,PPI,is_uncharacterized,0
1019,0.4355816529568376,0.3052391799544419,0.9781021897810219,134,305,577,3,0.13444553483807656,styphimurium,ortholog_prior,is_putative,0
1980,0.12727160382360592,0.10467882632831087,0.8461538461538461,132,1129,695,24,0.07878787878787878,styphimurium,PPI,is_putative,0
445,0.25544648798668185,0.12244897959183673,0.6666666666666666,6,43,393,3,0.020224719101123594,styphimurium,ortholog_prior,is_putative,1
1326,0.05933342329948888,0.015945330296127564,0.6363636363636364,7,432,883,4,0.008295625942684766,styphimurium,PPI,is_putative,1
1842,0.016039395547021447,0.013285024154589372,0.5238095238095238,11,817,1004,10,0.011400651465798045,styphimurium,PPI,n_orth_bucket,0
1072,0.3084391521744316,0.14741035856573706,0.8809523809523809,37,214,816,5,0.03917910447761194,styphimurium,ortholog_prior,n_orth_bucket,1-2
1072,0.12133296079019319,0.06118881118881119,0.8333333333333334,35,537,493,7,0.03917910447761194,styphimurium,PPI,n_orth_bucket,1-2
308,0.4671210449923385,0.3741935483870968,0.9830508474576272,58,97,152,1,0.19155844155844157,styphimurium,ortholog_prior,n_orth_bucket,3-5
308,0.17423439646760525,0.23423423423423423,0.8813559322033898,52,170,79,7,0.19155844155844157,styphimurium,PPI,n_orth_bucket,3-5
84,0.16775753073468527,0.5487804878048781,1.0,45,37,2,0,0.5357142857142857,styphimurium,ortholog_prior,n_orth_bucket,6+
84,-0.07282532787740442,0.5256410256410257,0.9111111111111111,41,37,2,4,0.5357142857142857,styphimurium,PPI,n_orth_bucket,6+
46,0.4392976851069794,0.3333333333333333,1.0,8,16,22,0,0.17391304347826086,styphimurium,ortholog_prior,length_bucket,short(<300bp)
214,0.226882947530389,0.1134020618556701,0.9166666666666666,11,86,116,1,0.056074766355140186,styphimurium,PPI,length_bucket,short(<300bp)
766,0.4290085380847997,0.2631578947368421,0.9701492537313433,65,182,517,2,0.08746736292428199,styphimurium,ortholog_prior,length_bucket,medium(300-1000bp)
1742,0.12874382923819058,0.07007125890736342,0.7866666666666666,59,783,884,16,0.04305396096440873,styphimurium,PPI,length_bucket,medium(300-1000bp)
636,0.4512311175656258,0.3062200956937799,0.9411764705882353,64,145,423,4,0.1069182389937107,styphimurium,ortholog_prior,length_bucket,long(1k-3k)
1297,0.15104028497573788,0.09040333796940195,0.8552631578947368,65,654,567,11,0.058596761757902856,styphimurium,PPI,length_bucket,long(1k-3k)
16,0.48038446141526137,0.375,1.0,3,5,8,0,0.1875,styphimurium,ortholog_prior,length_bucket,very_long(>3kbp)
53,0.14621894734833116,0.09523809523809523,1.0,4,38,11,0,0.07547169811320754,styphimurium,PPI,length_bucket,very_long(>3kbp)
1464,0.4416735907083508,0.28688524590163933,0.958904109589041,140,348,970,6,0.09972677595628415,styphimurium,ortholog_prior,has_ppi_partner,True
3306,0.14681061831138456,0.08176470588235295,0.8323353293413174,139,1561,1578,28,0.05051421657592257,styphimurium,PPI,has_ppi_partner,True
1267,0.5957172612815886,0.6801152737752162,0.7261538461538461,236,111,831,89,0.2565114443567482,ccrescentus,ortholog_prior,kw_replication,0
3551,0.17831300862087202,0.18906605922551253,0.7264770240700219,332,1424,1670,125,0.1286961419318502,ccrescentus,PPI,kw_replication,0
34,0.8249579113843054,0.9411764705882353,0.8888888888888888,16,1,15,2,0.5294117647058824,ccrescentus,ortholog_prior,kw_replication,1
63,0.3464885969640083,0.5142857142857142,0.782608695652174,18,17,23,5,0.36507936507936506,ccrescentus,PPI,kw_replication,1
1243,0.5970941107039597,0.6873239436619718,0.7305389221556886,244,111,798,90,0.26870474658085275,ccrescentus,ortholog_prior,kw_transcription,0
3409,0.18483256877686097,0.20059701492537313,0.7241379310344828,336,1339,1606,128,0.13611029627456733,ccrescentus,PPI,kw_transcription,0
58,0.8684807256235828,0.8888888888888888,0.8888888888888888,8,1,48,1,0.15517241379310345,ccrescentus,ortholog_prior,kw_transcription,1
205,0.18147761523572314,0.1206896551724138,0.875,14,102,87,2,0.07804878048780488,ccrescentus,PPI,kw_transcription,1
1190,0.5513642387994279,0.6338028169014085,0.6766917293233082,180,104,820,86,0.2235294117647059,ccrescentus,ortholog_prior,kw_translation,0
3487,0.14507412971598885,0.16248506571087215,0.681704260651629,272,1402,1686,127,0.11442500716948667,ccrescentus,PPI,kw_translation,0
111,0.7189766858544424,0.9,0.935064935064935,72,8,26,5,0.6936936936936937,ccrescentus,ortholog_prior,kw_translation,1
127,0.20546740504443792,0.6666666666666666,0.9629629629629629,78,39,7,3,0.6377952755905512,ccrescentus,PPI,kw_translation,1
1297,0.6031032923154378,0.6888888888888889,0.7315634218289085,248,112,846,91,0.26137239784117194,ccrescentus,ortholog_prior,kw_atp,0
3604,0.17801109706087306,0.19135802469135801,0.7239915074309978,341,1441,1692,130,0.13068812430632631,ccrescentus,PPI,kw_atp,0
10,1.0,1.0,1.0,9,0,1,0,0.9,ccrescentus,PPI,kw_atp,1
1208,0.6060649790446551,0.7037037037037037,0.7329376854599406,247,104,767,90,0.27897350993377484,ccrescentus,ortholog_prior,kw_membrane,0
3381,0.1772959537628456,0.19824561403508772,0.7274678111587983,339,1371,1544,127,0.1378290446613428,ccrescentus,PPI,kw_membrane,0
93,0.5252415132249679,0.38461538461538464,0.8333333333333334,5,8,79,1,0.06451612903225806,ccrescentus,ortholog_prior,kw_membrane,1
233,0.23258507903792225,0.13580246913580246,0.7857142857142857,11,70,149,3,0.060085836909871244,ccrescentus,PPI,kw_membrane,1
1188,0.6121776821034587,0.7108843537414966,0.706081081081081,209,85,807,87,0.24915824915824916,ccrescentus,ortholog_prior,kw_synthase,0
3476,0.17915769885223018,0.18118059614260668,0.7328605200945626,310,1401,1652,113,0.12169159953970081,ccrescentus,PPI,kw_synthase,0
113,0.5134744034880974,0.6142857142857143,0.9148936170212766,43,27,39,4,0.415929203539823,ccrescentus,ortholog_prior,kw_synthase,1
138,0.20741124839201672,0.5,0.7017543859649122,40,40,41,17,0.41304347826086957,ccrescentus,PPI,kw_synthase,1
1258,0.6117862235683801,0.6927536231884058,0.7376543209876543,239,106,828,85,0.2575516693163752,ccrescentus,ortholog_prior,kw_kinase,0
3506,0.18750325796424383,0.1935669155657668,0.7390350877192983,337,1404,1646,119,0.13006274957216202,ccrescentus,PPI,kw_kinase,0
43,0.4342105263157895,0.6842105263157895,0.6842105263157895,13,6,18,6,0.4418604651162791,ccrescentus,ortholog_prior,kw_kinase,1
108,0.08436958338752908,0.26,0.5416666666666666,13,37,47,11,0.2222222222222222,ccrescentus,PPI,kw_kinase,1
1126,0.6398523817589659,0.7058823529411765,0.7817589576547231,240,100,719,67,0.27264653641207814,ccrescentus,ortholog_prior,kw_dehydrogenase,0
3340,0.1775845756461718,0.1938080495356037,0.7113636363636363,313,1302,1598,127,0.1317365269461078,ccrescentus,PPI,kw_dehydrogenase,0
175,0.2902456541329086,0.5,0.3333333333333333,12,12,127,24,0.2057142857142857,ccrescentus,ortholog_prior,kw_dehydrogenase,1
274,0.24382268940594254,0.21022727272727273,0.925,37,139,95,3,0.145985401459854,ccrescentus,PPI,kw_dehydrogenase,1
1259,0.6132089466134629,0.7005649717514124,0.7380952380952381,248,106,817,88,0.26687847498014294,ccrescentus,ortholog_prior,kw_protease,0
3503,0.1832749574155714,0.1974813966800229,0.7309322033898306,345,1402,1629,127,0.1347416500142735,ccrescentus,PPI,kw_protease,0
42,0.35,0.4,0.5714285714285714,4,6,29,3,0.16666666666666666,ccrescentus,ortholog_prior,kw_protease,1
111,0.1302472889762021,0.11363636363636363,0.625,5,39,64,3,0.07207207207207207,ccrescentus,PPI,kw_protease,1
1294,0.6072490365744704,0.6923076923076923,0.7368421052631579,252,112,840,90,0.2642967542503864,ccrescentus,ortholog_prior,kw_rrna,0
3602,0.18231535877321883,0.195176668536175,0.7280334728033473,348,1435,1689,130,0.13270405330372015,ccrescentus,PPI,kw_rrna,0
12,0.31622776601683794,0.25,1.0,2,6,4,0,0.16666666666666666,ccrescentus,PPI,kw_rrna,1
1296,0.6059537720896195,0.6925207756232687,0.7331378299120235,250,111,844,91,0.2631172839506173,ccrescentus,ortholog_prior,kw_chaperone,0
3600,0.18171021015056502,0.1947250280583614,0.7274633123689728,347,1435,1688,130,0.1325,ccrescentus,PPI,kw_chaperone,0
14,0.3892494720807615,0.3333333333333333,1.0,3,6,5,0,0.21428571428571427,ccrescentus,PPI,kw_chaperone,1
1300,0.6062684017417842,0.6923076923076923,0.7346938775510204,252,112,845,91,0.26384615384615384,ccrescentus,ortholog_prior,is_hypothetical,0
3215,0.18222560210364497,0.2103676913803496,0.7347368421052631,349,1310,1430,126,0.14774494556765164,ccrescentus,PPI,is_hypothetical,0
399,-0.03132310439877512,0.007575757575757576,0.2,1,131,263,4,0.012531328320802004,ccrescentus,PPI,is_hypothetical,1
1301,0.606381211091338,0.6923076923076923,0.7346938775510204,252,112,846,91,0.26364335126825517,ccrescentus,ortholog_prior,is_uncharacterized,0
3614,0.18284354387946652,0.1954215522054718,0.7291666666666666,350,1441,1693,130,0.13281682346430548,ccrescentus,PPI,is_uncharacterized,0
1295,0.6057007612474526,0.6923076923076923,0.7346938775510204,252,112,840,91,0.2648648648648649,ccrescentus,ortholog_prior,is_putative,0
3597,0.18171628972234602,0.19553072625698323,0.7291666666666666,350,1440,1677,130,0.13344453711426188,ccrescentus,PPI,is_putative,0
17,,,,0,1,16,0,0.0,ccrescentus,PPI,is_putative,1
2313,0.07104398968853626,0.07829534192269574,0.5766423357664233,79,930,1246,58,0.059230436662343275,ccrescentus,PPI,n_orth_bucket,0
946,0.4929510420715511,0.5695364238410596,0.5771812080536913,86,65,732,63,0.15750528541226216,ccrescentus,ortholog_prior,n_orth_bucket,1-2
946,0.1629963852125357,0.21113243761996162,0.738255033557047,110,411,386,39,0.15750528541226216,ccrescentus,PPI,n_orth_bucket,1-2
280,0.5296611287334618,0.7266187050359713,0.7829457364341085,101,38,113,28,0.4607142857142857,ccrescentus,ortholog_prior,n_orth_bucket,3-5
280,0.18949904206626564,0.5230769230769231,0.7906976744186046,102,93,58,27,0.4607142857142857,ccrescentus,PPI,n_orth_bucket,3-5
75,0.2963744891819096,0.8783783783783784,1.0,65,9,1,0,0.8666666666666667,ccrescentus,ortholog_prior,n_orth_bucket,6+
75,0.2172620473133704,0.8939393939393939,0.9076923076923077,59,7,3,6,0.8666666666666667,ccrescentus,PPI,n_orth_bucket,6+
40,0.6664945108076565,0.9285714285714286,0.6842105263157895,13,1,20,6,0.475,ccrescentus,ortholog_prior,length_bucket,short(<300bp)
319,0.23631011250056802,0.1958041958041958,0.7777777777777778,28,115,168,8,0.11285266457680251,ccrescentus,PPI,length_bucket,short(<300bp)
675,0.6365626784389405,0.7225433526011561,0.7352941176470589,125,48,457,45,0.2518518518518518,ccrescentus,ortholog_prior,length_bucket,medium(300-1000bp)
1927,0.17795776171479263,0.18769883351007424,0.7224489795918367,177,766,916,68,0.12714063310845874,ccrescentus,PPI,length_bucket,medium(300-1000bp)
570,0.5651105752037427,0.6432748538011696,0.7333333333333333,110,61,359,40,0.2631578947368421,ccrescentus,ortholog_prior,length_bucket,long(1k-3k)
1321,0.17664855666303741,0.20765832106038293,0.7268041237113402,141,538,589,53,0.1468584405753217,ccrescentus,PPI,length_bucket,long(1k-3k)
16,0.7453559924999299,0.6666666666666666,1.0,4,2,10,0,0.25,ccrescentus,ortholog_prior,length_bucket,very_long(>3kbp)
47,0.17128606205176408,0.15384615384615385,0.8,4,22,20,1,0.10638297872340426,ccrescentus,PPI,length_bucket,very_long(>3kbp)
1301,0.606381211091338,0.6923076923076923,0.7346938775510204,252,112,846,91,0.26364335126825517,ccrescentus,ortholog_prior,has_ppi_partner,True
3614,0.18284354387946652,0.1954215522054718,0.7291666666666666,350,1441,1693,130,0.13281682346430548,ccrescentus,PPI,has_ppi_partner,True
1208,0.539399799724936,0.58203125,0.680365296803653,149,107,882,70,0.18129139072847683,abaylyi,ortholog_prior,kw_replication,0
2838,0.14823388988467734,0.15318744053282587,0.5897435897435898,161,890,1675,112,0.09619450317124736,abaylyi,PPI,kw_replication,0
36,0.7233393492970545,0.8888888888888888,0.8421052631578947,16,2,15,3,0.5277777777777778,abaylyi,ortholog_prior,kw_replication,1
49,0.2477751187808884,0.47368421052631576,0.9,18,20,9,2,0.40816326530612246,abaylyi,PPI,kw_replication,1
1184,0.5524574179673301,0.6022727272727273,0.691304347826087,159,105,849,71,0.19425675675675674,abaylyi,ortholog_prior,kw_transcription,0
2724,0.1567633087415059,0.16489874638379942,0.6042402826855123,171,866,1575,112,0.1038913362701909,abaylyi,PPI,kw_transcription,0
60,0.6139406135149205,0.6,0.75,6,4,48,2,0.13333333333333333,abaylyi,ortholog_prior,kw_transcription,1
163,0.2638196780795531,0.15384615384615385,0.8,8,44,109,2,0.06134969325153374,abaylyi,PPI,kw_transcription,1
1163,0.5045258511921222,0.5540540540540541,0.634020618556701,123,99,870,71,0.16680997420464316,abaylyi,ortholog_prior,kw_translation,0
2796,0.12246505984384486,0.13452027695351138,0.5506072874493927,136,875,1674,111,0.08834048640915594,abaylyi,PPI,kw_translation,0
81,0.7109798946980319,0.8076923076923077,0.9545454545454546,42,10,27,2,0.5432098765432098,abaylyi,ortholog_prior,kw_translation,1
91,0.22432579252423562,0.5512820512820513,0.9347826086956522,43,35,10,3,0.5054945054945055,abaylyi,PPI,kw_translation,1
1239,0.5548048469085329,0.5977859778597786,0.6952789699570815,162,109,897,71,0.1880548829701372,abaylyi,ortholog_prior,kw_atp,0
2882,0.15685733598318025,0.16051660516605165,0.6041666666666666,174,910,1684,114,0.09993060374739764,abaylyi,PPI,kw_atp,0
1086,0.5568636606524028,0.6086956521739131,0.7,154,99,767,66,0.20257826887661143,abaylyi,ortholog_prior,kw_membrane,0
2448,0.1536601988221771,0.16800804828973842,0.620817843866171,167,827,1352,102,0.10988562091503268,abaylyi,PPI,kw_membrane,0
158,0.5050899264919816,0.5238095238095238,0.6111111111111112,11,10,130,7,0.11392405063291139,abaylyi,ortholog_prior,kw_membrane,1
439,0.16561890158745618,0.12631578947368421,0.5,12,83,332,12,0.05466970387243736,abaylyi,PPI,kw_membrane,1
1139,0.5519694308374868,0.5565217391304348,0.7150837988826816,128,102,858,51,0.15715539947322213,abaylyi,ortholog_prior,kw_synthase,0
2755,0.1394519863138956,0.13399014778325122,0.591304347826087,136,879,1646,94,0.08348457350272233,abaylyi,PPI,kw_synthase,0
105,0.47759166623914495,0.8409090909090909,0.6271186440677966,37,7,39,22,0.5619047619047619,abaylyi,ortholog_prior,kw_synthase,1
132,0.23475414987093374,0.581081081081081,0.6825396825396826,43,31,38,20,0.4772727272727273,abaylyi,PPI,kw_synthase,1
1213,0.5460316747704762,0.5938697318007663,0.6828193832599119,155,106,880,72,0.18713932399010716,abaylyi,ortholog_prior,kw_kinase,0
2840,0.15814797754337317,0.16026241799437677,0.6063829787234043,171,896,1662,111,0.09929577464788733,abaylyi,PPI,kw_kinase,0
31,0.7360328571092236,0.7692307692307693,0.9090909090909091,10,3,17,1,0.3548387096774194,abaylyi,ortholog_prior,kw_kinase,1
47,0.28712820811817386,0.36363636363636365,0.7272727272727273,8,14,22,3,0.23404255319148937,abaylyi,PPI,kw_kinase,1
1081,0.5564909466731156,0.612,0.6954545454545454,153,97,764,67,0.20351526364477335,abaylyi,ortholog_prior,kw_dehydrogenase,0
2640,0.1817654009142227,0.17445482866043613,0.6245353159851301,168,795,1576,101,0.1018939393939394,abaylyi,PPI,kw_dehydrogenase,0
163,0.5164778399247957,0.5,0.6666666666666666,12,12,133,6,0.11042944785276074,abaylyi,ortholog_prior,kw_dehydrogenase,1
247,-0.03398618095143728,0.0873015873015873,0.4583333333333333,11,115,108,13,0.09716599190283401,abaylyi,PPI,kw_dehydrogenase,1
1214,0.5600208809488468,0.6127819548872181,0.690677966101695,163,103,875,73,0.19439868204283361,abaylyi,ortholog_prior,kw_protease,0
2839,0.1648383360355804,0.1669793621013133,0.6116838487972509,178,888,1660,113,0.10250088059175766,abaylyi,PPI,kw_protease,0
30,0.44320263021395917,0.25,1.0,2,6,22,0,0.06666666666666667,abaylyi,ortholog_prior,kw_protease,1
48,0.008695652173913044,0.043478260869565216,0.5,1,22,24,1,0.041666666666666664,abaylyi,PPI,kw_protease,1
1229,0.5642518668169904,0.6133828996282528,0.6962025316455697,165,104,888,72,0.19283970707892595,abaylyi,ortholog_prior,kw_rrna,0
2871,0.16321915879386556,0.1654275092936803,0.6095890410958904,178,898,1681,114,0.10170672239637757,abaylyi,PPI,kw_rrna,0
15,-0.18898223650461363,0.0,0.0,0,5,9,1,0.06666666666666667,abaylyi,ortholog_prior,kw_rrna,1
16,0.12403473458920847,0.07692307692307693,1.0,1,12,3,0,0.0625,abaylyi,PPI,kw_rrna,1
1230,0.5612309736979431,0.6066176470588235,0.6991525423728814,165,107,887,71,0.191869918699187,abaylyi,ortholog_prior,kw_chaperone,0
2868,0.1663252204018486,0.16558741905642924,0.6172413793103448,179,902,1676,111,0.10111576011157601,abaylyi,PPI,kw_chaperone,0
14,-0.16666666666666666,0.0,0.0,0,2,10,2,0.14285714285714285,abaylyi,ortholog_prior,kw_chaperone,1
19,-0.3692744729379982,0.0,0.0,0,8,8,3,0.15789473684210525,abaylyi,PPI,kw_chaperone,1
1060,0.5437559915575777,0.6059479553903345,0.6995708154506438,163,106,721,70,0.219811320754717,abaylyi,ortholog_prior,is_hypothetical,0
1836,0.16567145736234246,0.20843373493975903,0.6528301886792452,173,657,914,92,0.1443355119825708,abaylyi,PPI,is_hypothetical,0
184,0.38324022346368714,0.4,0.4,2,3,176,3,0.02717391304347826,abaylyi,ortholog_prior,is_hypothetical,1
1051,-0.012341326186104732,0.023166023166023165,0.21428571428571427,6,253,770,22,0.02664129400570885,abaylyi,PPI,is_hypothetical,1
1244,0.555172945015604,0.6021897810218978,0.6932773109243697,165,109,897,73,0.19131832797427653,abaylyi,ortholog_prior,is_uncharacterized,0
2887,0.1620579357412938,0.16437098255280075,0.6109215017064846,179,910,1684,114,0.10148943540006927,abaylyi,PPI,is_uncharacterized,0
820,0.5648422757875542,0.6597510373443983,0.7162162162162162,159,82,516,63,0.2707317073170732,abaylyi,ortholog_prior,is_putative,0
1504,0.1570820757300159,0.22776280323450135,0.6679841897233202,169,573,678,84,0.16821808510638298,abaylyi,PPI,is_putative,0
424,0.21966208738734416,0.18181818181818182,0.375,6,27,381,10,0.03773584905660377,abaylyi,ortholog_prior,is_putative,1
1383,-0.0003597968752132667,0.02881844380403458,0.25,10,337,1006,30,0.028922631959508314,abaylyi,PPI,is_putative,1
1643,0.02925603373750116,0.041666666666666664,0.36363636363636365,20,460,1128,35,0.033475349969567865,abaylyi,PPI,n_orth_bucket,0
949,0.44409220191472176,0.4596774193548387,0.5643564356435643,57,67,781,44,0.10642781875658588,abaylyi,ortholog_prior,n_orth_bucket,1-2
949,0.05155004969052261,0.12469437652811736,0.504950495049505,51,358,490,50,0.10642781875658588,abaylyi,PPI,n_orth_bucket,1-2
236,0.5049445609829188,0.7021276595744681,0.7021276595744681,66,28,114,28,0.3983050847457627,abaylyi,ortholog_prior,n_orth_bucket,3-5
236,0.15340761168807573,0.4583333333333333,0.7021276595744681,66,78,64,28,0.3983050847457627,abaylyi,PPI,n_orth_bucket,3-5
59,0.20589660233406762,0.75,0.9767441860465116,42,14,2,1,0.7288135593220338,abaylyi,ortholog_prior,n_orth_bucket,6+
59,0.20589660233406762,0.75,0.9767441860465116,42,14,2,1,0.7288135593220338,abaylyi,PPI,n_orth_bucket,6+
36,0.3672793098117978,0.46153846153846156,0.6666666666666666,6,7,20,3,0.25,abaylyi,ortholog_prior,length_bucket,short(<300bp)
173,0.23793049515775583,0.1509433962264151,0.7272727272727273,8,45,117,3,0.06358381502890173,abaylyi,PPI,length_bucket,short(<300bp)
617,0.5945995143970474,0.6283185840707964,0.7029702970297029,71,42,474,30,0.16369529983792544,abaylyi,ortholog_prior,length_bucket,medium(300-1000bp)
1554,0.12371091420906753,0.1350293542074364,0.518796992481203,69,442,979,64,0.08558558558558559,abaylyi,PPI,length_bucket,medium(300-1000bp)
576,0.5234542343124452,0.5862068965517241,0.6854838709677419,85,60,392,39,0.2152777777777778,abaylyi,ortholog_prior,length_bucket,long(1k-3k)
1120,0.16989472170476647,0.18962075848303392,0.6690140845070423,95,406,572,47,0.12678571428571428,abaylyi,PPI,length_bucket,long(1k-3k)
15,0.82915619758885,1.0,0.75,3,0,11,1,0.26666666666666666,abaylyi,ortholog_prior,length_bucket,very_long(>3kbp)
40,0.37605071654517747,0.2916666666666667,1.0,7,17,16,0,0.175,abaylyi,PPI,length_bucket,very_long(>3kbp)
1244,0.555172945015604,0.6021897810218978,0.6932773109243697,165,109,897,73,0.19131832797427653,abaylyi,ortholog_prior,has_ppi_partner,True
2887,0.1620579357412938,0.16437098255280075,0.6109215017064846,179,910,1684,114,0.10148943540006927,abaylyi,PPI,has_ppi_partner,True
911,0.5310038951147271,0.7132075471698113,0.6385135135135135,189,76,539,107,0.32491767288693746,mtuberculosis,ortholog_prior,kw_replication,0
3451,0.1287585278246045,0.18391521197007482,0.6263269639065817,295,1309,1671,176,0.13648217907852797,mtuberculosis,PPI,kw_replication,0
3451,0.18422737583370125,0.2007062978222484,0.7239915074309978,341,1358,1622,130,0.13648217907852797,mtuberculosis,cross_org_LNN,kw_replication,0
25,0.8516306272526402,0.8571428571428571,1.0,12,2,11,0,0.48,mtuberculosis,ortholog_prior,kw_replication,1
46,0.1865079365079365,0.4642857142857143,0.7222222222222222,13,15,13,5,0.391304347826087,mtuberculosis,PPI,kw_replication,1
46,0.21567181602754204,0.4358974358974359,0.9444444444444444,17,22,6,1,0.391304347826087,mtuberculosis,cross_org_LNN,kw_replication,1
897,0.5347849869473362,0.7169117647058824,0.65,195,77,520,105,0.33444816053511706,mtuberculosis,ortholog_prior,kw_transcription,0
3335,0.1317160704913955,0.19230769230769232,0.6210526315789474,295,1239,1621,180,0.1424287856071964,mtuberculosis,PPI,kw_transcription,0
3335,0.1882673642327735,0.20800956365809922,0.7326315789473684,348,1325,1535,127,0.1424287856071964,mtuberculosis,cross_org_LNN,kw_transcription,0
39,0.7552142095486204,0.8571428571428571,0.75,6,1,30,2,0.20512820512820512,mtuberculosis,ortholog_prior,kw_transcription,1
162,0.20360955725217894,0.1326530612244898,0.9285714285714286,13,85,63,1,0.08641975308641975,mtuberculosis,PPI,kw_transcription,1
162,0.19643593018984307,0.15384615384615385,0.7142857142857143,10,55,93,4,0.08641975308641975,mtuberculosis,cross_org_LNN,kw_transcription,1
866,0.48118715331288875,0.6666666666666666,0.5793650793650794,146,73,541,106,0.2909930715935335,mtuberculosis,ortholog_prior,kw_translation,0
3423,0.10767329093760196,0.16507329509241556,0.5995370370370371,259,1310,1681,173,0.12620508326029797,mtuberculosis,PPI,kw_translation,0
3423,0.15926503644157988,0.1804556354916067,0.6967592592592593,301,1367,1624,131,0.12620508326029797,mtuberculosis,cross_org_LNN,kw_translation,0
70,0.7144345083117603,0.9166666666666666,0.9821428571428571,55,5,9,1,0.8,mtuberculosis,ortholog_prior,kw_translation,1
74,0.04271098020907248,0.7777777777777778,0.8596491228070176,49,14,3,8,0.7702702702702703,mtuberculosis,PPI,kw_translation,1
74,0.437717532954144,0.8142857142857143,1.0,57,13,4,0,0.7702702702702703,mtuberculosis,cross_org_LNN,kw_translation,1
932,0.5412688444427475,0.717391304347826,0.6513157894736842,198,78,550,106,0.3261802575107296,mtuberculosis,ortholog_prior,kw_atp,0
3490,0.128918970541441,0.1857318573185732,0.6265560165975104,302,1324,1684,180,0.13810888252148998,mtuberculosis,PPI,kw_atp,0
3490,0.18592668088397318,0.2027729636048527,0.7282157676348547,351,1380,1628,131,0.13810888252148998,mtuberculosis,cross_org_LNN,kw_atp,0
841,0.5475174090806273,0.7433962264150943,0.6566666666666666,197,68,473,103,0.356718192627824,mtuberculosis,ortholog_prior,kw_membrane,0
3039,0.12611029169116794,0.1900604432505037,0.6431818181818182,283,1206,1393,157,0.1447844685751892,mtuberculosis,PPI,kw_membrane,0
3039,0.1927286631317623,0.21200260926288322,0.7386363636363636,325,1208,1391,115,0.1447844685751892,mtuberculosis,cross_org_LNN,kw_membrane,0
95,0.30166411220943457,0.2857142857142857,0.5,4,10,77,4,0.08421052631578947,mtuberculosis,ortholog_prior,kw_membrane,1
458,0.1478745117175577,0.17482517482517482,0.5102040816326531,25,118,291,24,0.10698689956331878,mtuberculosis,PPI,kw_membrane,1
458,0.15722637667052333,0.16097560975609757,0.673469387755102,33,172,237,16,0.10698689956331878,mtuberculosis,cross_org_LNN,kw_membrane,1
813,0.5327406984854091,0.6682027649769585,0.6502242152466368,145,72,518,78,0.2742927429274293,mtuberculosis,ortholog_prior,kw_synthase,0
3252,0.1368778573893887,0.1625487646293888,0.6613756613756614,250,1288,1586,128,0.11623616236162361,mtuberculosis,PPI,kw_synthase,0
3252,0.15376359616132032,0.16874589625738673,0.6798941798941799,257,1266,1608,121,0.11623616236162361,mtuberculosis,cross_org_LNN,kw_synthase,0
123,0.46293124488145726,0.9032258064516129,0.6588235294117647,56,6,32,29,0.6910569105691057,mtuberculosis,ortholog_prior,kw_synthase,1
245,0.2598757146300144,0.6170212765957447,0.5225225225225225,58,36,98,53,0.4530612244897959,mtuberculosis,PPI,kw_synthase,1
245,0.08984396836515234,0.4697674418604651,0.9099099099099099,101,114,20,10,0.4530612244897959,mtuberculosis,cross_org_LNN,kw_synthase,1
903,0.5573772562187839,0.7348484848484849,0.6554054054054054,194,70,537,102,0.327796234772979,mtuberculosis,ortholog_prior,kw_kinase,0
3439,0.1306107709563806,0.18493150684931506,0.6305732484076433,297,1309,1659,174,0.13695841814480952,mtuberculosis,PPI,kw_kinase,0
3439,0.18905721650718443,0.2025836758661186,0.732484076433121,345,1358,1610,126,0.13695841814480952,mtuberculosis,cross_org_LNN,kw_kinase,0
33,0.19551857514700036,0.4666666666666667,0.5833333333333334,7,8,13,5,0.36363636363636365,mtuberculosis,ortholog_prior,kw_kinase,1
58,0.2196448425017233,0.4230769230769231,0.6111111111111112,11,15,25,7,0.3103448275862069,mtuberculosis,PPI,kw_kinase,1
58,0.1628761506227475,0.37142857142857144,0.7222222222222222,13,22,18,5,0.3103448275862069,mtuberculosis,cross_org_LNN,kw_kinase,1
782,0.5606401050886143,0.749003984063745,0.6714285714285714,188,63,439,92,0.35805626598465473,mtuberculosis,ortholog_prior,kw_dehydrogenase,0
3214,0.14581050177201457,0.1975393028024607,0.6337719298245614,289,1174,1584,167,0.14187927815805848,mtuberculosis,PPI,kw_dehydrogenase,0
3214,0.20532744185969087,0.21451104100946372,0.7456140350877193,340,1245,1513,116,0.14187927815805848,mtuberculosis,cross_org_LNN,kw_dehydrogenase,0
154,0.34523809523809523,0.4642857142857143,0.4642857142857143,13,15,111,15,0.18181818181818182,mtuberculosis,ortholog_prior,kw_dehydrogenase,1
283,-0.015863800638198613,0.11242603550295859,0.5757575757575758,19,150,100,14,0.1166077738515901,mtuberculosis,PPI,kw_dehydrogenase,1
283,0.003512919096121443,0.11764705882352941,0.5454545454545454,18,135,115,15,0.1166077738515901,mtuberculosis,cross_org_LNN,kw_dehydrogenase,1
916,0.5585471599245111,0.7397769516728625,0.6546052631578947,199,70,542,105,0.3318777292576419,mtuberculosis,ortholog_prior,kw_protease,0
3452,0.13435979911492563,0.18944099378881987,0.6327800829875518,305,1305,1665,177,0.13962920046349941,mtuberculosis,PPI,kw_protease,0
3452,0.19142907336353457,0.2066744730679157,0.7323651452282157,353,1355,1615,129,0.13962920046349941,mtuberculosis,cross_org_LNN,kw_protease,0
20,0.0,0.2,0.5,2,8,8,2,0.2,mtuberculosis,ortholog_prior,kw_protease,1
45,-0.05178899987630061,0.13636363636363635,0.42857142857142855,3,19,19,4,0.15555555555555556,mtuberculosis,PPI,kw_protease,1
45,0.043355498476206,0.16666666666666666,0.7142857142857143,5,25,13,2,0.15555555555555556,mtuberculosis,cross_org_LNN,kw_protease,1
932,0.5438302707148365,0.7204301075268817,0.6547231270358306,201,78,547,106,0.3293991416309013,mtuberculosis,ortholog_prior,kw_rrna,0
3492,0.13160674318937976,0.18857493857493857,0.6290983606557377,307,1321,1683,181,0.13974799541809851,mtuberculosis,PPI,kw_rrna,0
3492,0.18897036469241033,0.2056451612903226,0.7315573770491803,357,1379,1625,131,0.13974799541809851,mtuberculosis,cross_org_LNN,kw_rrna,0
932,0.5423986869304362,0.7210144927536232,0.6503267973856209,199,77,549,107,0.3283261802575107,mtuberculosis,ortholog_prior,kw_chaperone,0
3492,0.13083534869516408,0.18796068796068796,0.6283367556468172,306,1322,1683,181,0.13946162657502864,mtuberculosis,PPI,kw_chaperone,0
3492,0.18899527293595372,0.20542412002308136,0.731006160164271,356,1377,1628,131,0.13946162657502864,mtuberculosis,cross_org_LNN,kw_chaperone,0
889,0.5453546066461307,0.7362637362637363,0.6525974025974026,201,72,509,107,0.3464566929133858,mtuberculosis,ortholog_prior,is_hypothetical,0
2877,0.13890031442050432,0.21609862218999276,0.6367521367521367,298,1081,1328,170,0.16266944734098018,mtuberculosis,PPI,is_hypothetical,0
2877,0.1769535825680223,0.2211779448621554,0.7542735042735043,353,1243,1166,115,0.16266944734098018,mtuberculosis,cross_org_LNN,is_hypothetical,0
47,,,,0,6,41,0,0.0,mtuberculosis,ortholog_prior,is_hypothetical,1
620,0.02595417738753265,0.039525691699604744,0.47619047619047616,10,243,356,11,0.03387096774193549,mtuberculosis,PPI,is_hypothetical,1
620,0.0040383209149994015,0.035211267605633804,0.23809523809523808,5,137,462,16,0.03387096774193549,mtuberculosis,cross_org_LNN,is_hypothetical,1
936,0.5427851117845793,0.7204301075268817,0.6525974025974026,201,78,550,107,0.32905982905982906,mtuberculosis,ortholog_prior,is_uncharacterized,0
3497,0.13187271434508388,0.18872549019607843,0.6298568507157464,308,1324,1684,181,0.13983414355161566,mtuberculosis,PPI,is_uncharacterized,0
3497,0.18959305905220095,0.20598388952819333,0.7321063394683026,358,1380,1628,131,0.13983414355161566,mtuberculosis,cross_org_LNN,is_uncharacterized,0
930,0.5455893733798031,0.7230215827338129,0.6547231270358306,201,77,546,106,0.3301075268817204,mtuberculosis,ortholog_prior,is_putative,0
3452,0.128677661804163,0.18865598027127004,0.6283367556468172,306,1316,1649,181,0.14107763615295482,mtuberculosis,PPI,is_putative,0
3452,0.1893771662667506,0.20707656612529002,0.7330595482546202,357,1367,1598,130,0.14107763615295482,mtuberculosis,cross_org_LNN,is_putative,0
45,0.4034732923929645,0.2,1.0,2,8,35,0,0.044444444444444446,mtuberculosis,PPI,is_putative,1
45,0.08799435879854185,0.07142857142857142,0.5,1,13,30,1,0.044444444444444446,mtuberculosis,cross_org_LNN,is_putative,1
2561,0.08788324946656918,0.09671532846715329,0.585635359116022,106,990,1390,75,0.070675517376025,mtuberculosis,PPI,n_orth_bucket,0
2561,0.11046323920671149,0.10181190681622088,0.6519337016574586,118,1041,1339,63,0.070675517376025,mtuberculosis,cross_org_LNN,n_orth_bucket,0
624,0.4202299555101775,0.5887850467289719,0.4772727272727273,63,44,448,69,0.21153846153846154,mtuberculosis,ortholog_prior,n_orth_bucket,1-2
624,0.08400088982800336,0.24269005847953215,0.6287878787878788,83,259,233,49,0.21153846153846154,mtuberculosis,PPI,n_orth_bucket,1-2
624,0.17670057258789282,0.2737430167597765,0.7424242424242424,98,260,232,34,0.21153846153846154,mtuberculosis,cross_org_LNN,n_orth_bucket,1-2
235,0.4706165168132377,0.7525773195876289,0.6576576576576577,73,24,100,38,0.4723404255319149,mtuberculosis,ortholog_prior,n_orth_bucket,3-5
235,0.03746896722878623,0.48872180451127817,0.5855855855855856,65,68,56,46,0.4723404255319149,mtuberculosis,PPI,n_orth_bucket,3-5
235,0.18400177331822415,0.538961038961039,0.7477477477477478,83,71,53,28,0.4723404255319149,mtuberculosis,cross_org_LNN,n_orth_bucket,3-5
77,0.38005847503304596,0.8666666666666667,1.0,65,10,2,0,0.8441558441558441,mtuberculosis,ortholog_prior,n_orth_bucket,6+
77,0.22119998787613404,0.8852459016393442,0.8307692307692308,54,7,5,11,0.8441558441558441,mtuberculosis,PPI,n_orth_bucket,6+
77,0.2600597535034389,0.8805970149253731,0.9076923076923077,59,8,4,6,0.8441558441558441,mtuberculosis,cross_org_LNN,n_orth_bucket,6+
11,0.4485426135725303,0.6,0.75,3,2,5,1,0.36363636363636365,mtuberculosis,ortholog_prior,length_bucket,short(<300bp)
212,0.019060868957930164,0.056074766355140186,0.5454545454545454,6,101,100,5,0.05188679245283019,mtuberculosis,PPI,length_bucket,short(<300bp)
212,0.10264775320204512,0.07865168539325842,0.6363636363636364,7,82,119,4,0.05188679245283019,mtuberculosis,cross_org_LNN,length_bucket,short(<300bp)
444,0.559656768983677,0.7288135593220338,0.6417910447761194,86,32,278,48,0.30180180180180183,mtuberculosis,ortholog_prior,length_bucket,medium(300-1000bp)
1861,0.11960585316824301,0.15486725663716813,0.6511627906976745,140,764,882,75,0.1155292853304675,mtuberculosis,PPI,length_bucket,medium(300-1000bp)
1861,0.17574695761891942,0.1764018691588785,0.7023255813953488,151,705,941,64,0.1155292853304675,mtuberculosis,cross_org_LNN,length_bucket,medium(300-1000bp)
469,0.5254472480633672,0.7124183006535948,0.6606060606060606,109,44,260,56,0.35181236673773986,mtuberculosis,ortholog_prior,length_bucket,long(1k-3k)
1340,0.1585615648384126,0.2551369863013699,0.6008064516129032,149,435,657,99,0.18507462686567164,mtuberculosis,PPI,length_bucket,long(1k-3k)
1340,0.19999303390981607,0.2554347826086957,0.7580645161290323,188,548,544,60,0.18507462686567164,mtuberculosis,cross_org_LNN,length_bucket,long(1k-3k)
12,0.6831300510639732,1.0,0.6,3,0,7,2,0.4166666666666667,mtuberculosis,ortholog_prior,length_bucket,very_long(>3kbp)
84,0.40027117842310445,0.35135135135135137,0.8666666666666667,13,24,45,2,0.17857142857142858,mtuberculosis,PPI,length_bucket,very_long(>3kbp)
84,0.1212277224548248,0.21052631578947367,0.8,12,45,24,3,0.17857142857142858,mtuberculosis,cross_org_LNN,length_bucket,very_long(>3kbp)
936,0.5427851117845793,0.7204301075268817,0.6525974025974026,201,78,550,107,0.32905982905982906,mtuberculosis,ortholog_prior,has_ppi_partner,True
3497,0.13187271434508388,0.18872549019607843,0.6298568507157464,308,1324,1684,181,0.13983414355161566,mtuberculosis,PPI,has_ppi_partner,True
3497,0.18959305905220095,0.20598388952819333,0.7321063394683026,358,1380,1628,131,0.13983414355161566,mtuberculosis,cross_org_LNN,has_ppi_partner,True
