pattern_id,static_top_genes,static_top_orgs,static_essential_frac,traj_top_genes,traj_top_orgs,traj_essential_frac,know_top_genes,know_top_orgs,know_essential_frac,corr_static_traj,corr_static_know,corr_traj_know,mean_alignment
96,trmK; yqfN | rpsS | rplF | rpmC | rpmC | ribF | rplR | dnaA,"mgenitalium,syn3a",1.0,eutD | pta | pta | pta | pta | adk | adk | adk,"abaylyi,ccrescentus,mgenitalium,mpne,mtuberculosis,saureus,styphimurium,syn3a",0.8,tmk | adk | thrS | argS | glf | obg | tyrS | parE,"mgenitalium,mpne,saureus,syn3a",1.0,0.45130474592482794,0.37239077743145366,0.41969984213078354,0.4144651218290217
89,rplO | rplR | rpsE | rplP | rplQ | rplF | rplP | secY,"mgenitalium,mpne,saureus",1.0,gpmI | gpmI | pgm | pmgI | pgm | pykA | pykF | pyk,"abaylyi,ccrescentus,mgenitalium,mpne,mtuberculosis,saureus,styphimurium,syn3a",0.8,dnaX | pdhA | dnaB | ldh | uppS | polC | parE | dpj,"abaylyi,ccrescentus,mgenitalium,saureus,styphimurium,syn3a",0.8666666666666667,0.39409826585793334,0.24292681752263925,0.2644434956524584,0.30048952634434367
2,Rv3376 | Rv1482c | Rv2804c | CCNA_00772 | CCNA_01286 | Rv1052 | Rv1945 | Rv3209,"ccrescentus,mtuberculosis",0.0,ptsG | ptsG | ptsG | ptsG | pgk | pgk | pgk | pgk,"abaylyi,mgenitalium,mpne,saureus,styphimurium,syn3a",0.8,ldpD | poxB | areC | gacA | pepP,"abaylyi,ccrescentus,styphimurium",0.06666666666666667,0.23687688476385713,0.2745213860913513,0.348548215419365,0.28664882875819114
11,rluD | ribF | nusB,"abaylyi,mgenitalium,syn3a",0.6666666666666666,pgk | pgk | pgk | pgk | pgk | tpiA | tpi | tpi,"abaylyi,ccrescentus,mgenitalium,mpne,mtuberculosis,saureus,styphimurium,syn3a",0.8666666666666667,ldh | uppS | polC | parE | dpj | cmk | pgi | def,"mgenitalium,saureus,syn3a",0.7333333333333333,0.2322501238065224,0.22873521043654854,0.38244452997589945,0.2811432880729901
111,yhjJ | yahN | ytfE | phnB | yafC | yjeH | yggM | nifJ,styphimurium,0.0,pgk | pgk | pgk | pgk | pgk | deoD | punA | deoD,"abaylyi,mgenitalium,mpne,saureus,styphimurium,syn3a",0.8666666666666667,frdA | moaE2 | devB | sigK | yidC | fzeA | hutI,"ccrescentus,mtuberculosis",0.2,0.2835197919207675,0.24647107146641375,0.2952930718416312,0.27509464507627085
25,ylqF; rbgA | atpF | obgE | rnmV | rnpA | acpS | pcrA,"mgenitalium,syn3a",0.9333333333333333,pgi | pgi | pgi | tpi | tpiA | tpiA | tpi | tpiA,"abaylyi,ccrescentus,mgenitalium,mpne,mtuberculosis,saureus,styphimurium,syn3a",0.9333333333333333,serA | pbpA | thiG | ilvH | astD | cysT | priA | pcd,"abaylyi,mtuberculosis,saureus,styphimurium",0.2,0.3306774697925183,0.214589358492526,0.16735708836372595,0.23754130554959008
70,rpmJ | rpsS | rpsN | rpsE | rpmJ | rplV | capG | rplF,"abaylyi,mgenitalium,mpne,saureus,syn3a",0.8666666666666667,ackA | ackA | ackA | ack | ackA | tdk | tdk | rpe,"abaylyi,ccrescentus,mgenitalium,mpne,mtuberculosis,saureus,styphimurium,syn3a",0.6666666666666666,nirB | recR | cydA | yihZ | pdhA | yhhW | cysK1 | lipA,"ccrescentus,mgenitalium,mtuberculosis,saureus,styphimurium",0.4,0.3960680312555792,0.15563717445371525,0.15418348757839354,0.235296231095896
20,dnaA | pth | greA | rpsU | rpsS | rpsO | rpmH | rpsN,"abaylyi,mgenitalium,mtuberculosis,saureus,syn3a",0.9333333333333333,pgm | gpmI | gpmI | pgm | pmgI | ackA | ackA | ack,"abaylyi,ccrescentus,mgenitalium,mpne,mtuberculosis,saureus,styphimurium,syn3a",0.7333333333333333,ldh | uppS | polC | parE | dpj | cmk | pgi | def,"mgenitalium,saureus,syn3a",0.7333333333333333,0.3647974610710268,0.10432190450551482,0.13754607907683258,0.20222181488445803
55,ppa | glf | rpmF | msrA | pheT,"abaylyi,mgenitalium,mpne,saureus,syn3a",0.8,pgk | pgk | pgk | pgk | pgk | deoD | deoD | deoD,"abaylyi,mgenitalium,mpne,saureus,styphimurium,syn3a",0.8,prfB | glmM | mnmE | dnaX | glmS | accD | guaA | dxs,"abaylyi,ccrescentus,mtuberculosis,styphimurium",0.7333333333333333,0.24349141824818912,0.06275892730222103,0.24419452991351498,0.1834816251546417
14,yicN | yhiR | yliI | yajB | yqgA | yfjG | yeeI | envE,"ccrescentus,styphimurium,syn3a",0.06666666666666667,cfxE | rpe | rpe | rpe | ackA | ackA | ackA | ackA,"abaylyi,ccrescentus,mgenitalium,mpne,mtuberculosis,saureus,styphimurium,syn3a",0.6666666666666666,pyrD | dksA | pepN | cstA | himD | lldD2 | mmsA | fadB,"abaylyi,ccrescentus,mtuberculosis,styphimurium",0.06666666666666667,0.16321209972003156,0.11035117575885663,0.15573050593366736,0.14309792713751854
4,yghJ | yedD | ygfA | ivbL | kdgT | yidG | yjeS | yjfH,"ccrescentus,styphimurium",0.0,pgm | pmgI | gpmI | pgm | gpmI | rpe | cfxE | rpe,"abaylyi,ccrescentus,mgenitalium,mpne,mtuberculosis,saureus,styphimurium,syn3a",0.8,ftsN | sigL | rplY | pduD | rplY | atpF | rpmD | pduP,"ccrescentus,mtuberculosis,styphimurium",0.2,0.3396411250453463,0.007146825574002339,-0.01129181258960292,0.11183204600991524
33,pheT | parE | purM | aspS | glnL | tuf | nadE | SA0940,"abaylyi,mgenitalium,mpne,saureus",0.8666666666666667,pmmB | deoB | gap | gap | gap | gapDH | gapA | pta,"mgenitalium,mpne,mtuberculosis,saureus,styphimurium,syn3a",0.8666666666666667,ldh | uppS | polC | parE | dpj | cmk | pgi | def,"mgenitalium,saureus,syn3a",0.7333333333333333,0.2674094389580429,0.05552812971743773,0.005032203727708982,0.10932325746772986
88,rpsU | rplM | rpmH | rplI | rplX | efp | zntA | miaA,"ccrescentus,mtuberculosis,styphimurium",0.2,hpt | hpt | SA0468 | hpt | hptA | hpt | tpi | tpiA,"ccrescentus,mgenitalium,mpne,mtuberculosis,saureus,styphimurium,syn3a",0.8,tdk,mgenitalium,0.8,0.09011759202626164,0.06405239051472672,0.16548472956038263,0.106551570700457
113,nuoJ | rimI | rpsN | rplN | rplB | vapC42 | aat,"ccrescentus,mtuberculosis",0.4666666666666667,gap | gap | gapDH | gap | gapA | pgk | pgk | pgk,"abaylyi,mgenitalium,mpne,saureus,styphimurium,syn3a",0.8666666666666667,tdk,mgenitalium,0.8,0.10509230285179305,0.060398002374678614,0.14120027070449545,0.10223019197698906
81,capG | metS | murC | SA2498 | dnaK | polC | ercc3 | SAS044,"abaylyi,mpne,mtuberculosis,saureus,syn3a",0.5333333333333333,pta | pta | pta | pta | eutD | ppa | ppa | ppa,"abaylyi,ccrescentus,mgenitalium,mpne,mtuberculosis,saureus,styphimurium,syn3a",0.7333333333333333,tdk,mgenitalium,0.8,0.11680458612334785,0.027126212834166743,0.1451596955925081,0.09636349818334089
123,ispF | hchA | SA0379 | trpS | trpRS | dnaA | rpmG | rplY,"abaylyi,ccrescentus,mgenitalium,mpne,mtuberculosis,saureus,syn3a",0.8,fakB | pgi | pgi | pgi | fba | fbaA | fda | fba,"abaylyi,mgenitalium,mpne,saureus,styphimurium,syn3a",0.9333333333333333,tdk,mgenitalium,0.8,0.26573373582235094,0.027342536229162284,-0.034430015544442076,0.08621541883569038
69,cbiH | pduH | rpsQ | rfbB | pduU | tehA | hycQ | cbiF,"ccrescentus,mtuberculosis,styphimurium",0.2,pta | pta | eutD | pta | pta | mgtA | mgtA | mgtB,"abaylyi,ccrescentus,mgenitalium,mpne,mtuberculosis,saureus,styphimurium,syn3a",0.8,rpiB | smc | ribF | natA,"mgenitalium,mpne,syn3a",0.9333333333333333,0.1435797142035056,-0.018477914655276838,0.1068630413704428,0.07732161363955718
101,rplF | greA | polC | ssaK | cbiJ | cpaD | pduE | rpsU,"abaylyi,ccrescentus,mgenitalium,mpne,saureus,styphimurium",0.5333333333333333,pgm | pmgI | gpmI | pgm | gpmI | fda | fbaA | fba,"abaylyi,mgenitalium,mpne,saureus,styphimurium,syn3a",0.8666666666666667,serC | tatC | ribF | ftsK | pimB | mapA | cobQ2 | folK,"abaylyi,ccrescentus,mpne,mtuberculosis,styphimurium",0.5333333333333333,0.2504639693800972,0.002701697331038535,-0.030995009443674778,0.07405688575582031
23,ssaM | hycF | flgE | cbiO | ssaV | cbiF | ssaI | pduH,styphimurium,0.13333333333333333,clsA | tpi | tpi | tpiA | tpiA | tpiA | tpiA | glyA,"abaylyi,ccrescentus,mgenitalium,mpne,mtuberculosis,saureus,styphimurium,syn3a",0.7333333333333333,pdhA | yihZ | cydA | ftsW | murD | glmM | murC | recR,"abaylyi,ccrescentus,saureus,styphimurium",0.5333333333333333,0.14772604656931362,0.03654543410177376,0.029841533563397676,0.07137100474482835
106,dnaA | dnaA | madA,"ccrescentus,mtuberculosis,syn3a",0.13333333333333333,rpe | rpe | rpe | cfxE | ackA | ack | ackA | ackA,"abaylyi,ccrescentus,mgenitalium,mpne,mtuberculosis,saureus,styphimurium,syn3a",0.6,polB | malT | fliJ | yehY | yegQ | rimM | nhaB | ssaU,styphimurium,0.0,0.15356458122064295,-0.003552887584501984,0.02458997051646632,0.05820055471753577
51,dnaA | dnaA | lldD2 | vapB13 | pstS1 | mazE8,"abaylyi,ccrescentus,mtuberculosis,syn3a",0.2,rpe | rpe | cfxE | rpe | pykF | pyk | pyk | pykA,"ccrescentus,mgenitalium,mpne,mtuberculosis,saureus,styphimurium,syn3a",0.6666666666666666,tdk,mgenitalium,0.8,-0.02728318581374848,-0.008809227611841653,0.21014049838339582,0.05801602831926856
65,perP | ndkC | ldpC | eipA | rcdA | cyp140 | putA,"ccrescentus,mtuberculosis",0.13333333333333333,nadK | tpi | tpiA | tpiA | tpiA | tpi | tpiA | pmgI,"ccrescentus,mgenitalium,mpne,mtuberculosis,saureus,styphimurium,syn3a",0.8666666666666667,prfB | glmM | mnmE | glmS | accD | guaA | dxs | dxr,"abaylyi,ccrescentus,mtuberculosis,styphimurium",0.6666666666666666,0.20016888724214418,0.08199827580942926,-0.10864031777397266,0.057842281759200254
83,dnaA | dnaA | yabN | marC | yghA,"ccrescentus,mtuberculosis,styphimurium,syn3a",0.13333333333333333,pta | pta | eutD | pta | pta | glpK | glpK | glpK,"abaylyi,ccrescentus,mgenitalium,mpne,mtuberculosis,saureus,styphimurium,syn3a",0.6,rimI | lpqI | fadE17 | yaiI | gidB | ydiA | gltD | metH,"abaylyi,ccrescentus,mtuberculosis,styphimurium",0.06666666666666667,0.19818357541948595,-0.06159542952660284,0.023097249688449072,0.053228465193777386
58,cdr | uppS | nanE | nrdE,"abaylyi,ccrescentus,mgenitalium,saureus,syn3a",0.3333333333333333,hptA | hpt | hpt | SA0468 | hpt | hpt | corA | cdsA,"abaylyi,mgenitalium,mpne,mtuberculosis,saureus,styphimurium,syn3a",0.6666666666666666,tdk,mgenitalium,0.8,0.0003225567611925165,0.0015550336408694438,0.15771182490133656,0.05319647176779951
115,yjjY | ynfA | ydcX | ycfR | ybhQ | hupB | yeaL | yhhM,styphimurium,0.0,gapDH | gapA | gap | gap | gap | folD | folD | folD,"abaylyi,ccrescentus,mgenitalium,mpne,mtuberculosis,saureus,styphimurium,syn3a",0.8,serC | tatC | ribF | ftsK | polB | malT | fliJ | yehY,"abaylyi,mtuberculosis,styphimurium",0.13333333333333333,0.04336698303270641,0.04414874057130664,0.06386562852442533,0.050460450709479465
67,yhhX | yjbD | yfcH | bcfA | ppa | putA | napF | hflX,"ccrescentus,mtuberculosis,styphimurium",0.06666666666666667,cfxE | rpe | rpe | rpe | pgpA | fakB | pgi | pgi,"ccrescentus,mgenitalium,mpne,saureus,styphimurium,syn3a",0.8666666666666667,amiC | vapC10 | hsp | ligC | eccB3 | tmk | glpQ2,"mtuberculosis,syn3a",0.2,0.19118383378866788,-0.0482071233167351,-0.007945023854881269,0.045010562205683835
19,miaA | pheT | pduD | pheT | lysS | rsmA | lepA | rplV,"abaylyi,ccrescentus,mgenitalium,mpne,mtuberculosis,styphimurium",0.6666666666666666,ackA | ackA | ackA | ackA | ack | prs | prs | prs,"abaylyi,ccrescentus,mgenitalium,mpne,mtuberculosis,saureus,styphimurium,syn3a",0.7333333333333333,SA2292 | hld | SA1335 | SA1888 | SAS083 | tagA | holB,"mpne,saureus",0.4,0.1958083937184251,-0.12122549316182137,0.060054599789298994,0.04487916678196757
8,ysaA | ybdH | yhhX | yeaL | ygiH | mrp | ymgE | ydgE,"ccrescentus,styphimurium",0.0,pta | eutD | pta | pta | pta | gpmI | pgm | pmgI,"ccrescentus,mgenitalium,mpne,saureus,styphimurium,syn3a",0.7333333333333333,amiC | vapC10 | hsp | ligC | eccB3 | tmk | glpQ2,"mtuberculosis,syn3a",0.2,0.18661635436971846,0.004294235085821195,-0.0727979108420307,0.03937089287116965
39,visC | yffH | aphA | yehR | yceD | yfcZ | ybaL | yfgD,"saureus,styphimurium",0.06666666666666667,hpt | hpt | SA0468 | hptA | hpt | hpt | mgtA | mgtA,"abaylyi,ccrescentus,mgenitalium,mpne,mtuberculosis,saureus,styphimurium,syn3a",0.7333333333333333,ldpD | poxB | areC | gacA | pepP,"abaylyi,ccrescentus,styphimurium",0.06666666666666667,0.1242091692124258,-0.018394437591021346,0.009902526871046957,0.0385724194974838
3,yobF | yjeO | holA | yjiX | nanK | yigG | smpB,"abaylyi,mgenitalium,styphimurium,syn3a",0.26666666666666666,prs | prs | prs | prs | prs | prs | prsA | clsA,"abaylyi,ccrescentus,mgenitalium,mpne,mtuberculosis,saureus,syn3a",0.8666666666666667,hisI | parA | fabD | ftsW | murI | metX | map | dnaQ,"abaylyi,ccrescentus,mpne,mtuberculosis,styphimurium",0.6,0.15766405253449567,-0.002783792332013883,-0.03964260265260346,0.0384125525166261
62,ygaM | yiaB | yeaL | ysaA | marC | ychN | yaoF | ybjM,styphimurium,0.0,punA | deoD | deoD | deoD | clsA | gmk | gmk | gmk,"abaylyi,ccrescentus,mgenitalium,mpne,mtuberculosis,saureus,styphimurium,syn3a",0.9333333333333333,hpx | scpA | mce3C | gpm2 | vapC9 | PE_PGRS51 | mpt83 | dacB2,mtuberculosis,0.0,0.07540077873076755,-0.05992065827070859,0.09143180604429905,0.035637308834786004
116,nhaB,"ccrescentus,mtuberculosis,styphimurium",0.0,adk | adk | adk | adk | adk | adk | adk | eutD,"abaylyi,ccrescentus,mgenitalium,mpne,mtuberculosis,saureus,styphimurium,syn3a",0.8666666666666667,prfB | glmM | mnmE | glmS | accD | guaA | dxs | dxr,"abaylyi,ccrescentus,mtuberculosis,saureus,styphimurium",0.8,0.1956751415716399,-0.061617272828471,-0.03781826156174999,0.032079869060472964
80,rimM | nadE | pbpA | fadD,"abaylyi,mgenitalium,saureus",0.26666666666666666,pgi | pgi | pgi | ctrA | pyrG | pyrG | pyrG | pyrG,"abaylyi,mgenitalium,mpne,mtuberculosis,saureus,styphimurium,syn3a",1.0,pdhA | coaD | atpG | thiL | dnaX | yihZ | cydA | pepP,"abaylyi,ccrescentus,mtuberculosis,saureus,styphimurium",0.6,0.010933024650157948,0.18354021669560924,-0.12207168773802934,0.02413385120257928
98,rplE | sscB | ssaJ | rplX | miaA | rpsQ | rplO | citD,"ccrescentus,styphimurium",0.3333333333333333,hpt | hpt | hpt | SA0468 | hptA | hpt | tpiA | tpi,"ccrescentus,mgenitalium,mpne,mtuberculosis,saureus,styphimurium,syn3a",0.8,amiC | vapC10 | hsp | ligC | eccB3 | tmk | glpQ2,"mtuberculosis,syn3a",0.2,0.13941824166455757,0.017728572440508048,-0.08821264359026838,0.022978056838265745
120,dnaA | yjjY | yeaS | yicN | fhlA | yahN | ygiE | fdhD,"styphimurium,syn3a",0.13333333333333333,pgk | pgk | pgk | pgk | pgk | ldh | ldh | tdk,"abaylyi,ccrescentus,mgenitalium,mpne,mtuberculosis,saureus,styphimurium,syn3a",0.8,hpx | scpA | mce3C | gpm2 | vapC9 | frdA | PE_PGRS51 | moaE2,mtuberculosis,0.0,0.06331911849011843,-0.11631510927544796,0.10287284162192292,0.016625616945531132
7,yadG | yjiX | ybdN | gltL | glnQ | yohJ | yfiH | yiaC,"mtuberculosis,styphimurium",0.0,pta | pta | pta | pta | eutD | adk | adk | adk,"abaylyi,ccrescentus,mgenitalium,mpne,mtuberculosis,saureus,styphimurium,syn3a",0.8,lspA,"mgenitalium,mpne",0.4666666666666667,0.05737835514093668,5.221816833172254e-05,-0.026330460901311695,0.01036670413598557
121,dnaA | mutS | folD | SA1336 | typA | miaA | ercc3 | rnc,"abaylyi,mgenitalium,mpne,mtuberculosis,saureus,styphimurium",0.3333333333333333,pgk | pgk | pgk | pgk | pgk | pyk | pykF | pykA,"abaylyi,ccrescentus,mgenitalium,mpne,saureus,styphimurium,syn3a",0.7333333333333333,rpiB | smc | ribF | natA,"mgenitalium,mpne,syn3a",0.9333333333333333,0.09131633059681006,0.026665643107813365,-0.09928523373497887,0.006232246656548188
118,ssaG | sseE | erfK | ssaL | ssaQ | ssaV | ssaH | ssaS,styphimurium,0.13333333333333333,gap | gap | gapA | gap | gapDH | fda | fbaA | fbaA,"abaylyi,ccrescentus,mgenitalium,mpne,mtuberculosis,saureus,styphimurium,syn3a",1.0,SA2292 | hld | SA1335 | SA1888 | SAS083 | tagA | holB,"mpne,saureus",0.4,0.15630839937617005,-0.12743035385900886,-0.015299419137093222,0.004526208793355991
75,rpsN | ygdL | yhhM | rnt | capG | pth | yibK | poxB,"abaylyi,mgenitalium,saureus,styphimurium",0.3333333333333333,pykA | pyk | pyk | pyk | pykF | prs | prsA | prs,"abaylyi,ccrescentus,mgenitalium,mpne,mtuberculosis,saureus,styphimurium,syn3a",0.8,ldpD | poxB | ftsN | sigL | rplY | pduD,"abaylyi,ccrescentus,mtuberculosis,styphimurium",0.13333333333333333,0.010793324911189088,0.0560034102469463,-0.07916718086533951,-0.004123481902401374
126,yeeF | yjbB | yodD | yfcZ | ytfH | yjgA | ygbI | ygaC,"abaylyi,styphimurium",0.0,smbA | pyrH | pyrH | pyrH | pyrH | pyrH | pyrH | prsA,"abaylyi,ccrescentus,mgenitalium,mpne,mtuberculosis,saureus,styphimurium,syn3a",1.0,pepN | dksA | pyrD | mutA | per,"abaylyi,ccrescentus,mtuberculosis",0.06666666666666667,0.024140302700426705,-0.04105863473495421,0.0013031927664328364,-0.005205046422698224
107,ycfS | yjeS | yhiR | yqgA | envE | upp | yicN | yahN,"ccrescentus,mtuberculosis,styphimurium",0.0,gmk | gmk | gmk | gmk | gmk | gmk | gmk | gmk,"abaylyi,ccrescentus,mgenitalium,mpne,mtuberculosis,saureus,styphimurium,syn3a",0.8666666666666667,SA1672 | glyA | dnaJ | glyA | yibK | glyA | ffh | dnaK,"ccrescentus,mgenitalium,mpne,saureus,styphimurium,syn3a",0.6666666666666666,0.24062703710785383,-0.1178791954259849,-0.14057979599881518,-0.005943984772315419
84,yggG | cadC | iap | pduX | safA | alkA | yihI | frr,"abaylyi,styphimurium",0.06666666666666667,gapA | gapDH | gap | gap | gap | clsA | pykF | pyk,"ccrescentus,mgenitalium,mpne,mtuberculosis,saureus,styphimurium,syn3a",0.8,fum | bioF | purN | ubiE | clpB | murI | recR | nirB,"abaylyi,ccrescentus,mtuberculosis,saureus,styphimurium,syn3a",0.6,0.032524765091045967,-0.047488989155010125,-0.030227187983721218,-0.015063804015895126
122,rluD | deoD | rfaI | tatA,"abaylyi,mgenitalium,styphimurium,syn3a",0.6,pgm | gpmI | pmgI | gpmI | pgm | pykA | pyk | pyk,"ccrescentus,mgenitalium,mpne,saureus,styphimurium,syn3a",0.8,ephA | nirD | cbiC | plsB | lpqR | nasT | ymdC | holA,"abaylyi,ccrescentus,mpne,mtuberculosis,styphimurium",0.13333333333333333,0.25180642262291675,-0.13399162644016882,-0.16492922760415551,-0.015704810473802528
18,invG | ssaU | bioD | cbiP | eutH | cbiN | btuB | pks6,"abaylyi,ccrescentus,mtuberculosis,styphimurium",0.06666666666666667,pgi | pgi | pgi | tpi | tpiA | tpiA | tpiA | tpi,"ccrescentus,mgenitalium,mpne,mtuberculosis,saureus,styphimurium,syn3a",0.9333333333333333,pckA | aroA | manA | dapE | pdxA | trpS2 | yfiO | lpxK,"abaylyi,ccrescentus,mpne,mtuberculosis,styphimurium",0.7333333333333333,0.13520374377371142,-0.021745884449534507,-0.16085168169778843,-0.015797940791203845
13,ACIAD0267 | ACIAD2500 | ACIAD2538 | CCNA_01902 | ACIAD1821 | ACIAD1058 | ACIAD1847 | CCNA_03623,"abaylyi,ccrescentus,mgenitalium,mtuberculosis",0.06666666666666667,deoD | deoD | punA | deoD | clsA | galU | galU | galU,"abaylyi,ccrescentus,mgenitalium,mpne,mtuberculosis,styphimurium,syn3a",0.8,ftsK | ribF | tatC | serC | murI | amiC | vapC10 | hsp,"abaylyi,mtuberculosis,styphimurium,syn3a",0.4,-0.06296369011983084,0.01269460683569669,-0.022879533115945434,-0.02438287213335986
27,glxK | yigG | crr | sigI | yihT | pyk | ruvA | ptsG,"abaylyi,mpne,mtuberculosis,saureus,styphimurium,syn3a",0.6666666666666666,nadK | tpi | tpiA | tpiA | tpi | tpiA | tpiA | pgi,"ccrescentus,mgenitalium,mpne,mtuberculosis,saureus,styphimurium,syn3a",0.8666666666666667,ldpD | poxB | areC | gacA | pepP,"abaylyi,ccrescentus,styphimurium",0.06666666666666667,0.20745862709230667,-0.08788095674098582,-0.20056376073275795,-0.026995363460479035
52,dnaA | ytfE | ygaM | yqeF,"abaylyi,ccrescentus,mtuberculosis,styphimurium,syn3a",0.06666666666666667,pta | eutD | pta | pta | pta | ackA | ackA | ack,"abaylyi,ccrescentus,mgenitalium,mpne,mtuberculosis,saureus,styphimurium,syn3a",0.6,SA0941 | yejK | ynfI | yrbC | manY | sapD,"abaylyi,ccrescentus,mtuberculosis,saureus,styphimurium",0.06666666666666667,0.07996789838695029,-0.07489337504216911,-0.09117693808830575,-0.02870080491450819
66,eutJ | fabZ | thiL | ispE | apaH | pduX | moxR3 | rplX,"ccrescentus,mtuberculosis,styphimurium",0.26666666666666666,galE | galE | galE | galE | galE | clsA | deoB | pmmB,"abaylyi,ccrescentus,mgenitalium,mpne,mtuberculosis,styphimurium,syn3a",0.7333333333333333,rpiB | smc | ribF | udk | natA,"mgenitalium,mpne,syn3a",0.9333333333333333,-0.04148633165782391,-0.1107022553656055,0.05912809321059497,-0.031020164604278144
114,yfgD | yjfH | ynfA | yigC | yahN | ygaM | yhiN | yebU,"ccrescentus,styphimurium",0.06666666666666667,pyrH | pyrH | pyrH | pyrH | pyrH | smbA | pyrH | ackA,"abaylyi,ccrescentus,mgenitalium,mpne,mtuberculosis,saureus,styphimurium,syn3a",0.8,SA1672 | glyA | dnaJ | glyA | ffh | dnaK | topA | glyA,"mgenitalium,mpne,saureus,syn3a",0.8666666666666667,0.1929967499215042,-0.061248039826560935,-0.2295957288981142,-0.032615672934390307
26,ygaM | yohD,"ccrescentus,styphimurium",0.0,rpe | rpe | cfxE | rpe | hptA | hpt | SA0468 | hpt,"ccrescentus,mgenitalium,mpne,mtuberculosis,saureus,styphimurium,syn3a",0.7333333333333333,lspA,"mgenitalium,mpne",0.4666666666666667,0.046790522857192984,-0.15897454329206712,0.00786984130905619,-0.03477139304193932
68,rpsN | miaA | invG | yhbV | flhA | hsdS | yggS | yrbA,"mgenitalium,mpne,saureus,styphimurium",0.4666666666666667,tdk | tdk | pta | pta | pta | pta | eutD | adk,"abaylyi,ccrescentus,mgenitalium,mpne,mtuberculosis,saureus,styphimurium,syn3a",0.8666666666666667,amiC | vapC10 | hsp | ligC | eccB3 | tmk | glpQ2,"mtuberculosis,syn3a",0.2,-0.06847037550145775,0.02140984683107356,-0.057385393340954625,-0.03481530733711294
41,rpsQ | vapC28 | pal | rplQ | bcfA | rpmB1 | rpmJ | engA,"ccrescentus,mtuberculosis,styphimurium",0.3333333333333333,pgi | pgi | pgi | ptsG | ptsG | ptsG | ptsG | pyrH,"abaylyi,ccrescentus,mgenitalium,mpne,mtuberculosis,saureus,styphimurium,syn3a",0.9333333333333333,fadE35 | pafA | canA | embC | fdxD | vapB4,"ccrescentus,mtuberculosis",0.13333333333333333,-0.3592510342163742,0.16434548544329058,0.08746829577648017,-0.03581241766553449
109,dtd | acoL | sugE | cheAI,"abaylyi,ccrescentus,mpne",0.0,nadK | punA | deoD | deoD | deoD | adk | adk | adk,"abaylyi,ccrescentus,mgenitalium,mpne,mtuberculosis,saureus,styphimurium,syn3a",0.8666666666666667,SA2292 | hld | SA1335 | SA1888 | SAS083 | tagA | holB,"mpne,saureus",0.4,0.0750068024332186,-0.034615271850153465,-0.17118436937058296,-0.04359761292917261
77,rplX | pduN | sufD | rplC | mce3B | rplW | flgC,"ccrescentus,mpne,mtuberculosis,styphimurium",0.3333333333333333,pgi | pgi | pgi | galU | galU | galU; gtaB | galU | galU,"abaylyi,ccrescentus,mgenitalium,mpne,mtuberculosis,saureus,styphimurium,syn3a",0.8666666666666667,frdA | moaE2 | devB | sigK | yidC | fzeA | hutI,"ccrescentus,mtuberculosis",0.2,0.07468313083062898,-0.022175130489844635,-0.18460888343527232,-0.04403362769816266
56,trpS2 | visC | nrdD | yedD | yihI | rpsU | yhcN | yjfQ,styphimurium,0.0,nadK | adk | adk | adk | adk | adk | adk | adk,"abaylyi,ccrescentus,mgenitalium,mpne,mtuberculosis,saureus,styphimurium,syn3a",0.8666666666666667,fruA | dusB | crcB | nth | nth | rluB | sugE | SA1459,"abaylyi,mgenitalium,mpne,mtuberculosis,saureus,syn3a",0.3333333333333333,-0.05012662034170115,-0.04787827281936099,-0.034471950665403865,-0.04415894794215534
45,parC | uvrC | fruK | parE | folD | otsB | SA0940 | SA0941,"abaylyi,mgenitalium,mpne,saureus",0.6,gapDH | gap | gap | gap | gapA | pgk | pgk | pgk,"abaylyi,mgenitalium,mpne,saureus,styphimurium,syn3a",0.8666666666666667,SA2292 | hld | SA1335 | SA1888 | SAS083 | tagA | holB,"mpne,saureus",0.4,0.10259195934033288,-0.03369930989014358,-0.20192011941187885,-0.044342489987229845
0,rpmG | rpsU | rpmB | serS | rplA | rpmB | rpmA | rpsP,"abaylyi,mpne,mtuberculosis,saureus,styphimurium",0.6666666666666666,pmmB | deoB | ppa | ppa | ppa | ppa | ppa | fba,"abaylyi,ccrescentus,mgenitalium,mpne,mtuberculosis,saureus,styphimurium,syn3a",0.8666666666666667,pdhA | cydA | yihZ | nirB | recR | lipA | ndkA | yhhW,"ccrescentus,mtuberculosis,saureus,styphimurium",0.3333333333333333,0.21765848201892463,-0.11334908690246477,-0.24222089438724104,-0.045970499756927054
57,ytfH | ysaA | cueR | cztR | ygjP | yjiE | yddE | phnA,"ccrescentus,styphimurium",0.0,adk | adk | adk | adk | adk | adk | adk | pgk,"abaylyi,ccrescentus,mgenitalium,mpne,mtuberculosis,saureus,styphimurium,syn3a",0.8666666666666667,uvrC | htrA | pta | pcd | priA | cysT | astD | ilvH,"abaylyi,ccrescentus,mtuberculosis,saureus,styphimurium",0.13333333333333333,0.19316329493216758,-0.16244588667649246,-0.1739776260012612,-0.04775340591519536
100,ispF | yycJ | dctA | relA | tyrS | trxA | thyA,"abaylyi,mgenitalium,mpne,saureus,syn3a",0.4666666666666667,adk | adk | adk | adk | adk | adk | adk | pta,"abaylyi,ccrescentus,mgenitalium,mpne,mtuberculosis,saureus,styphimurium,syn3a",0.8666666666666667,narH | ycjG | pbpG,"abaylyi,ccrescentus,mtuberculosis,styphimurium",0.06666666666666667,-0.11411500513888381,0.21485104869380986,-0.244192391904413,-0.04781878278316232
97,dnaA | ynfA | caiF | rpsN | rpmJ | araC | fdhD | rplW,"abaylyi,mgenitalium,saureus,styphimurium,syn3a",0.26666666666666666,gmk | gmk | gmk | gmk | gmk | gmk | gmk | gmk,"abaylyi,ccrescentus,mgenitalium,mpne,mtuberculosis,saureus,styphimurium,syn3a",0.8666666666666667,SA1672 | yibK | msrA | msrA | ychF | msrA | ruvB | msrA,"abaylyi,ccrescentus,mgenitalium,mpne,mtuberculosis,saureus,styphimurium,syn3a",0.26666666666666666,0.023565766591293832,0.017426992229390627,-0.18634400805604193,-0.048450416411785824
46,ynfA | yfgD | yqjH | yjjX | orf242 | yjbO | ymgE | yjiS,styphimurium,0.0,adk | adk | adk | adk | adk | adk | adk | pgm,"abaylyi,ccrescentus,mgenitalium,mpne,mtuberculosis,saureus,styphimurium,syn3a",0.8666666666666667,fpg | cysK | kdpD | ftsN | sigL | rplY | pduD | rplY,"ccrescentus,mtuberculosis,styphimurium",0.2,0.13404852561251734,-0.10987811967868805,-0.18411390138492534,-0.05331449848369868
102,yebS | yjfH | yeeI | phnR | ynfA | yfcC | yhiR | yeiE,"mtuberculosis,styphimurium",0.0,pta | pta | pta | eutD | pta | ackA | ackA | ackA,"abaylyi,ccrescentus,mgenitalium,mpne,mtuberculosis,saureus,styphimurium,syn3a",0.7333333333333333,polB | malT | fliJ | yehY | yegQ | rimM | nhaB | ssaU,styphimurium,0.0,0.18113297698207442,-0.12258218068538411,-0.22207187198348666,-0.05450702522893212
71,pduJ | flgL | rpmJ | sscB | pduK | napB | nth | bcfA,styphimurium,0.13333333333333333,gmk | gmk | gmk | gmk | gmk | gmk | gmk | gmk,"abaylyi,ccrescentus,mgenitalium,mpne,mtuberculosis,saureus,styphimurium,syn3a",0.9333333333333333,ftsK | ribF | tatC | serC | dnaQ | fpr | thiG | amiC,"abaylyi,mtuberculosis,styphimurium,syn3a",0.3333333333333333,0.07129505083514763,-0.04375685918142868,-0.1944673534808027,-0.05564305394236125
76,fdhD | yfiC | pduD | pspD | clpA | prgI | yggS | yjeE,"ccrescentus,styphimurium",0.06666666666666667,pgk | pgk | pgk | pgk | pgk | deoB | pmmB | plsC,"abaylyi,mgenitalium,mpne,mtuberculosis,saureus,styphimurium,syn3a",0.8,ftsW | lpxK | murB | lpxD | proS | moeB1 | entD | ispF,"ccrescentus,mpne,mtuberculosis,styphimurium",0.5333333333333333,-0.048964296377088226,0.13799596045009666,-0.26400445108007004,-0.058324262335687195
48,rpsN | yeeI | yfcN | bcfA | yghJ | yfcZ | yhhM | yjeS,"saureus,styphimurium",0.06666666666666667,pgi | pgi | pgi | ackA | ackA | ack | ackA | ackA,"abaylyi,ccrescentus,mgenitalium,mpne,mtuberculosis,saureus,styphimurium,syn3a",0.8,pepN | dksA | pyrD | rpoB | hrpA | pbpC | sfbC | rpoC,"abaylyi,ccrescentus,mgenitalium,mtuberculosis,styphimurium,syn3a",0.5333333333333333,0.08969923222099926,-0.07113584871115261,-0.19558256051380712,-0.05900639233465349
16,nth | lpxC | yqeF | fsr | yhhX | ynfI | ybdH | rfbU,styphimurium,0.0,prs | prsA | prs | prs | prs | prs | prs | deoB,"abaylyi,ccrescentus,mgenitalium,mpne,mtuberculosis,saureus,syn3a",0.8666666666666667,fruA | dusB | crcB | nth | nth | rluB | sugE | SA1459,"abaylyi,mgenitalium,mpne,mtuberculosis,saureus,syn3a",0.3333333333333333,0.05224577416250727,0.0645810993713865,-0.29942953382375537,-0.06086755342995387
85,rpsS | rpmJ | rpsN | pqqA | cbiN | rplW | rpmJ | trpRS,"abaylyi,ccrescentus,mpne,saureus,styphimurium,syn3a",0.4666666666666667,ackA | ackA | ack | ackA | ackA | pgi | pgi | pgi,"abaylyi,mgenitalium,mpne,mtuberculosis,saureus,styphimurium,syn3a",0.8,frdA | moaE2 | devB | sigK | yidC | fzeA | hutI,"ccrescentus,mtuberculosis",0.2,0.13963807108907067,-0.14329536405225468,-0.18033748535077426,-0.06133159277131942
103,yfiE | yhhX | dnaA | envE | yggG | yhiR | fimW | yegS,"ccrescentus,styphimurium,syn3a",0.06666666666666667,fba | fbaA | fda | fba | fbaA | rpe | rpe | cfxE,"abaylyi,ccrescentus,mgenitalium,mpne,mtuberculosis,saureus,styphimurium,syn3a",0.8,hpx | scpA | mce3C | gpm2 | vapC9 | PE_PGRS51 | mpt83 | dacB2,mtuberculosis,0.0,0.14926810464071597,-0.1932922504240291,-0.14412105645404125,-0.06271506741245146
30,ynfA | yjiS | ynfC | yhdV | yaiZ | yjjY | yiiU | safA,"abaylyi,styphimurium",0.0,fba | fbaA | fda | fbaA | fba | pgi | pgi | pgi,"abaylyi,mgenitalium,mpne,saureus,syn3a",1.0,ldpD | poxB | areC | gacA | pepP,"abaylyi,ccrescentus,styphimurium",0.06666666666666667,0.053068293231328854,-0.016707419203867598,-0.23066001802652913,-0.06476638133302264
1,trpS | gltX | rpsP | rpmA | rpsT | dnaA | lysS | xpt,"abaylyi,ccrescentus,mpne,mtuberculosis,saureus,syn3a",0.7333333333333333,fbaA | fba | fda | fbaA | fba | mgtB | mgtA | mgtA,"abaylyi,mgenitalium,mpne,mtuberculosis,saureus,styphimurium,syn3a",0.6666666666666666,pckA | aroA | manA | dapE | pdxA | trpS2 | yfiO | lpxK,"abaylyi,ccrescentus,mpne,mtuberculosis,styphimurium",0.5333333333333333,0.05559458182756409,0.0005541105252545649,-0.25259845937509373,-0.06548325567409169
82,dnaA | rpsN | rplW | dnaA | pepE | capG | capP | pqqA,"abaylyi,mpne,mtuberculosis,saureus,styphimurium,syn3a",0.4666666666666667,ackA | ackA | ackA | ack | ackA | pta | pta | pta,"abaylyi,mgenitalium,mpne,mtuberculosis,saureus,styphimurium,syn3a",0.7333333333333333,polB | malT | fliJ | yehY | yegQ | rimM | nhaB | ssaU,styphimurium,0.0,-0.26089175675491344,0.1552369040029618,-0.10319566068409605,-0.0696168378120159
90,moaC | citD2 | dcuR | tyrS | SA1325 | ptsJ | yjjG | rpmE2,"abaylyi,saureus,styphimurium",0.06666666666666667,gap | gap | gapDH | gapA | gap | pyk | pyk | pykF,"ccrescentus,mgenitalium,mpne,saureus,styphimurium,syn3a",0.8666666666666667,pckA | aroA | manA | dapE | parA | pdxA | trpS2 | hisI,"abaylyi,ccrescentus,mpne,mtuberculosis,styphimurium",0.6666666666666666,0.13853458917616376,-0.12647155840615593,-0.22275655064818448,-0.07023117329272555
43,emrR | ydcI | yqhC | ynfA | rpmE | metJ | gdhA | fnr,styphimurium,0.0,deoD | deoD | punA | deoD | mgtB | mgtA | mgtA | dctD,"abaylyi,mgenitalium,mpne,saureus,styphimurium,syn3a",0.7333333333333333,tdk,mgenitalium,0.8,-0.02558024151468302,0.011797461561048446,-0.19848041637227468,-0.07075439877530308
12,dnaA | ssaU | ugd | sicP | yieG | soxR,"abaylyi,ccrescentus,mgenitalium,mpne,styphimurium,syn3a",0.26666666666666666,pta | eutD | pta | pta | pta | pgk | pgk | pgk,"abaylyi,mgenitalium,mpne,saureus,styphimurium,syn3a",0.8,rpiB | smc | ribF | natA,"mgenitalium,mpne,syn3a",0.9333333333333333,-0.02005143122927623,0.016156423934685468,-0.21430325770779451,-0.0727327550007951
124,upp | PE_PGRS41 | ldpC | pheA | kidO,"ccrescentus,mtuberculosis,styphimurium",0.06666666666666667,tdk | tdk | cfxE | rpe | rpe | rpe | gapDH | gap,"ccrescentus,mgenitalium,mpne,saureus,styphimurium,syn3a",0.8666666666666667,amiC | vapC10 | hsp | ligC | eccB3 | tmk | glpQ2,"mtuberculosis,syn3a",0.2,0.10847089824382498,-0.0735544335765702,-0.25354939125422704,-0.07287764219565741
64,fruK | msrB | fruA,"abaylyi,mgenitalium,syn3a",0.5333333333333333,pgk | pgk | pgk | pgk | pgk | galE | galE | galE,"abaylyi,ccrescentus,mgenitalium,mpne,saureus,styphimurium,syn3a",0.7333333333333333,tdk,mgenitalium,0.8,-0.07520495966519243,0.12417209543126402,-0.26927108438512914,-0.07343464953968586
50,PE29 | mraZ | papA5 | rpsQ | rpsN | cbiA | pal | rplW,"abaylyi,ccrescentus,mtuberculosis,saureus,styphimurium",0.26666666666666666,gpmI | gpmI | pgm | pmgI | pgm | pykF | pyk | pykA,"ccrescentus,mgenitalium,mpne,saureus,styphimurium,syn3a",0.8,ldh | uppS | polC | parE | dpj | cmk | pgi | def,"mgenitalium,saureus,syn3a",0.7333333333333333,-0.06726591138354744,0.09190691509976455,-0.24644404932439715,-0.07393434853606001
44,yhjV | yjjY | ynaF | rpsP | yccX | rbfA | zur | hupB,"mgenitalium,mtuberculosis,styphimurium",0.06666666666666667,ppa | ppa | ppa | ppa | ppa | tpi | tpiA | tpiA,"abaylyi,ccrescentus,mgenitalium,mpne,mtuberculosis,saureus,styphimurium,syn3a",0.8666666666666667,ugpE | end | pilA | adeT | stpD | lysS,"abaylyi,ccrescentus,mtuberculosis",0.13333333333333333,-0.09035889413982573,-0.07531255634601114,-0.06054957383285629,-0.07540700810623106
54,dnaA | rpsN | obg | rpsT | rpsS | trpS | glnS | trpRS,"abaylyi,mgenitalium,mpne,saureus,syn3a",0.8666666666666667,fakB | tdk | tdk | ack | ackA | ackA | ackA | ackA,"abaylyi,mgenitalium,mpne,mtuberculosis,saureus,styphimurium,syn3a",0.7333333333333333,ldpD | poxB | areC | gacA | pepP,"abaylyi,ccrescentus,styphimurium",0.06666666666666667,-0.2505756833619069,-0.08511546066560738,0.09658115129914875,-0.07970333090945518
72,spdS | asnS | thiE | grcC1 | cls | fadD2 | htpX,"ccrescentus,mtuberculosis,styphimurium",0.26666666666666666,cmk | cmk | cmk | cmk | gpmI | gpmI | pmgI | pgm,"mgenitalium,mpne,saureus,styphimurium,syn3a",0.9333333333333333,parA | hisI | dnaQ | echA21 | accD5 | argC | rnhA-dnaQ | mltB,"abaylyi,ccrescentus,mpne,mtuberculosis",0.4,-0.018807417338331973,0.0064717125598072476,-0.2328301841253389,-0.08172196296795455
125,yadB | yicI | seqA | prpC | yijD | yheT | yfcF | iroD,"ccrescentus,mtuberculosis,styphimurium",0.0,tdk | tdk | gap | gap | gapDH | gap | gapA | glpK,"abaylyi,ccrescentus,mgenitalium,mpne,mtuberculosis,saureus,styphimurium,syn3a",0.7333333333333333,ftsK | ribF | tatC | serC | echA21 | accD5 | argC | mltB,"abaylyi,mtuberculosis,styphimurium",0.26666666666666666,-0.06707595762143183,0.028489103224821215,-0.20786941344199183,-0.08215208927953414
60,yfaZ | pbpC | yijO | yahO | hflX | yfaO | yjgM | ydhD,"saureus,styphimurium",0.06666666666666667,folD | folD | folD | folD | folD | folD | nadK | cdsA,"abaylyi,ccrescentus,mgenitalium,mpne,mtuberculosis,saureus,styphimurium,syn3a",0.6,SA1672 | msrA | msrA | ychF | msrA | ruvB | truB | cysE,"abaylyi,ccrescentus,mgenitalium,mpne,saureus,styphimurium,syn3a",0.4666666666666667,-0.028042141919291875,-0.020420951413230713,-0.2007396373194969,-0.0830675768840065
34,ydcX | ygaM | yedD | ycfS | ybhQ | yajD | yheS | yfhK,styphimurium,0.0,ackA | ackA | ack | ackA | ackA | pgm | pmgI | gpmI,"abaylyi,ccrescentus,mgenitalium,mpne,mtuberculosis,saureus,styphimurium,syn3a",0.7333333333333333,lspA,"mgenitalium,mpne",0.4666666666666667,-0.21701285254938504,0.027793125228983383,-0.0627846763488544,-0.084001467889752
59,pduN | ybeL | ssaM | rfbB | pduH | invA | rplI | rplX,"ccrescentus,mtuberculosis,styphimurium",0.2,tmk | tmk | tmk | tmk | tmk | adk | adk | adk,"abaylyi,ccrescentus,mgenitalium,mpne,mtuberculosis,saureus,styphimurium,syn3a",0.9333333333333333,hisI | parA | fabD | lppJ | ugpQ | cpaG,"ccrescentus,mpne,mtuberculosis,styphimurium",0.26666666666666666,0.01295971561675024,-0.1854484446035133,-0.08035960031066995,-0.08428277643247767
32,rpsN | rpsS | rplW | capG | SA1293 | capP | cbiH | ugd,"abaylyi,mgenitalium,mpne,saureus,styphimurium",0.5333333333333333,galU | galU; gtaB | galU | galU | galU | galU | pyrH | pyrH,"abaylyi,ccrescentus,mgenitalium,mpne,mtuberculosis,saureus,styphimurium,syn3a",0.8666666666666667,SA1672 | yibK | glyA | dnaJ | glyA | dlaT | glyA | dnaJ,"ccrescentus,mgenitalium,mpne,mtuberculosis,saureus,styphimurium,syn3a",0.4666666666666667,0.05773010517817627,-0.015419030184340909,-0.29567123719262345,-0.08445338739959603
104,cbiA | rpsN | rplW | rpmJ,"abaylyi,ccrescentus,mtuberculosis,saureus,styphimurium",0.13333333333333333,pta | pta | pta | pta | eutD | dctD | glpK | glpK,"abaylyi,ccrescentus,mgenitalium,mpne,mtuberculosis,saureus,styphimurium,syn3a",0.6,SA1672 | msrA | msrA | ychF | yibK | msrA | ruvB | msrA,"abaylyi,ccrescentus,mgenitalium,mpne,saureus,styphimurium,syn3a",0.3333333333333333,0.10660840917238687,-0.06663443568106824,-0.2945297082757446,-0.08485191159480865
5,dnaA | clpA | metS,"ccrescentus,mtuberculosis,styphimurium,syn3a",0.2,pgi | pgi | pgi | tdk | tdk | ack | ackA | ackA,"abaylyi,mgenitalium,mpne,mtuberculosis,saureus,styphimurium,syn3a",0.8,SA1672 | fruA | dusB | glyA | crcB | nth | nth | rluB,"abaylyi,mgenitalium,mpne,mtuberculosis,saureus,syn3a",0.4,0.04503115626471384,-0.08715972380749291,-0.21802203221791674,-0.0867168665868986
53,aphA | idi | fucI | gyrA | katE | cspD | nhaB | sopA,"styphimurium,syn3a",0.13333333333333333,tpiA | tpi | tpiA | tpiA | tpiA | tpi | pmmB | deoB,"ccrescentus,mgenitalium,mpne,mtuberculosis,saureus,styphimurium,syn3a",0.8,rpiB | smc | ribF | natA,"mgenitalium,mpne,syn3a",0.9333333333333333,-0.047093086854324055,0.009323833388080153,-0.23039029453585164,-0.08938651600069851
37,rpmD | rpsJ | nuoI | cheU | rpsS | lpxD | rplX | esxD,"ccrescentus,mtuberculosis,styphimurium",0.4,pgi | pgi | pgi | nadK | dctD | pykF | pyk | pyk,"abaylyi,ccrescentus,mgenitalium,mpne,saureus,styphimurium,syn3a",0.8,frdA | moaE2 | devB | sigK | yidC | fzeA | hutI,"ccrescentus,mtuberculosis",0.2,0.015082378145890266,-0.03824709754093168,-0.2464376170268049,-0.08986744547394876
10,rimM | pbp2 | SA1523 | msrB | pbpA,"abaylyi,mgenitalium,mpne,saureus,syn3a",0.6,glpK | glpK | glpK | glpK | glpK | glpK | glpK | nadK,"abaylyi,ccrescentus,mgenitalium,mpne,mtuberculosis,saureus,styphimurium,syn3a",0.6666666666666666,hemG | socA | ygdR | aadA | yijP | phaF | citG2,"abaylyi,ccrescentus,mtuberculosis,styphimurium",0.13333333333333333,-0.08626311508121999,0.12099388853089334,-0.3120813766890724,-0.09245020107979968
40,polC | SA1100 | SA0379 | czcD | metY | dsbA | greA,"abaylyi,mgenitalium,mpne,saureus,syn3a",0.5333333333333333,pmmB | deoB | pyrH | pyrH | smbA | pyrH | pyrH | pyrH,"abaylyi,ccrescentus,mgenitalium,mpne,mtuberculosis,saureus,styphimurium,syn3a",0.8666666666666667,yieF | mdcB | livF | gltL | ychE | hmpA | sugI,"abaylyi,ccrescentus,mpne,mtuberculosis,styphimurium",0.0,-0.08385692340328527,0.13474438299589978,-0.33119923958061764,-0.09343725999600105
36,dnaA | valRS | yycJ | ompN | rpmB,"abaylyi,ccrescentus,mgenitalium,mpne,mtuberculosis,styphimurium,syn3a",0.4,deoD | punA | deoD | deoD | pgk | pgk | pgk | pgk,"abaylyi,mgenitalium,mpne,saureus,styphimurium,syn3a",0.8,yibK | SA1672 | dlaT | map | glpK | dnaK | rpoC | msrA,"ccrescentus,mgenitalium,mpne,mtuberculosis,saureus,styphimurium,syn3a",0.4666666666666667,0.08340949921798697,-0.043640057911820546,-0.3333816859534851,-0.0978707482157729
92,dnaA | rpsN | argG | fbp | yafB | rfbI | yfhP | glpD,"abaylyi,mgenitalium,mpne,saureus,styphimurium,syn3a",0.3333333333333333,pgk | pgk | pgk | pgk | pgk | pta | pta | pta,"abaylyi,mgenitalium,mpne,saureus,styphimurium,syn3a",0.8,yibK | SA1672 | rimI | lpqI | fadE17 | yaiI | gidB | ydiA,"abaylyi,ccrescentus,mgenitalium,mtuberculosis,saureus,styphimurium",0.06666666666666667,-0.1491265331898002,0.022277923510034173,-0.18069970234873317,-0.10251610400949973
15,dnaA | rpsN | yjfQ | mmcB | ygiD | dnaA | orf242 | yieG,"ccrescentus,mtuberculosis,saureus,styphimurium,syn3a",0.2,adk | adk | adk | adk | adk | adk | adk | rpe,"abaylyi,ccrescentus,mgenitalium,mpne,mtuberculosis,saureus,styphimurium,syn3a",0.8,pyrD | dksA | pepN | map | metX | rlmN | fadB | mmsA,"abaylyi,ccrescentus,mtuberculosis,styphimurium",0.13333333333333333,-0.05123920805413338,-0.10884434226873894,-0.1483155031429702,-0.10279968448861417
42,dnaA | rplQ | yaoF | ysaA | yccX | hupB | ybeL | ydaL,"ccrescentus,mtuberculosis,saureus,styphimurium,syn3a",0.2,adk | adk | adk | adk | adk | adk | adk | folD,"abaylyi,ccrescentus,mgenitalium,mpne,mtuberculosis,saureus,styphimurium,syn3a",0.7333333333333333,amiC | vapC10 | hsp | ligC | eccB3 | tmk | glpQ2,"mtuberculosis,syn3a",0.2,0.047760919720000405,-0.09523923045127412,-0.26947927609537814,-0.10565252894221729
47,SAS083,"abaylyi,mtuberculosis,saureus",0.06666666666666667,gmk | gmk | gmk | gmk | gmk | gmk | gmk | gmk,"abaylyi,ccrescentus,mgenitalium,mpne,mtuberculosis,saureus,styphimurium,syn3a",0.8666666666666667,pepN | map | metX | dksA | pyrD | ftsW | gltD | metZ,"abaylyi,ccrescentus,mtuberculosis,saureus,styphimurium",0.26666666666666666,-0.18148341203441257,0.06387398357035612,-0.2072135327275689,-0.10827432039720845
21,dnaA | rpsN | rpsS | capG | pqqA | SAS051 | obg | murC,"abaylyi,mgenitalium,mpne,saureus,syn3a",0.7333333333333333,plsC | fakB | ackA | ackA | ackA | ack | ackA | rpe,"abaylyi,ccrescentus,mgenitalium,mpne,mtuberculosis,saureus,styphimurium,syn3a",0.6666666666666666,gatB | galE | galU | infA | ftsH | gltX | nusA | atpA,"abaylyi,ccrescentus,mgenitalium,mtuberculosis,saureus,styphimurium,syn3a",0.7333333333333333,-0.057827826127774,-0.061326318047636615,-0.21901409057597876,-0.11272274491712979
17,dnaA | msrA | smc | punA | def | bcsB; cps | SA0379 | SA2096,"abaylyi,mgenitalium,saureus,syn3a",0.8,ppa | ppa | ppa | ppa | ppa | pta | pta | pta,"abaylyi,ccrescentus,mgenitalium,mpne,mtuberculosis,saureus,styphimurium,syn3a",0.8666666666666667,lspA,"mgenitalium,mpne",0.4666666666666667,-0.3343060221303387,0.17977066530847885,-0.19061465623257615,-0.11505000435147868
63,rpsN | SA1415 | SA0003 | dnaA | greA | SAS051 | rplW | capG,"abaylyi,mgenitalium,saureus,styphimurium,syn3a",0.7333333333333333,galU | galU | galU | galU | galU | galU; gtaB | pta | pta,"abaylyi,ccrescentus,mgenitalium,mpne,mtuberculosis,saureus,styphimurium,syn3a",0.7333333333333333,prfB | glmM | infC | valS | prfA | rpoC | mnmE | pheS,"abaylyi,ccrescentus,mtuberculosis,styphimurium",0.8666666666666667,-0.10914946846856105,0.007952238776048011,-0.24588197586685281,-0.11569306851978862
31,dnaA | rpsU | rpsN | rpsO | greA | relA | rpsT,"mgenitalium,saureus,syn3a",0.8,ackA | ackA | ack | ackA | ackA | tmk | tmk | tmk,"abaylyi,ccrescentus,mgenitalium,mpne,mtuberculosis,saureus,styphimurium,syn3a",0.8,fruA | dusB | crcB | nth | nth | rluB | sugE | SA1459,"abaylyi,mgenitalium,mpne,mtuberculosis,saureus,syn3a",0.3333333333333333,-0.1100677529054903,-0.009647641345694619,-0.2380947859402505,-0.1192700600638118
110,rfbB | ftsI | nth | bcfA | ybhF | aarF | sitB | infA,"saureus,styphimurium",0.3333333333333333,pyrH | pyrH | smbA | pyrH | pyrH | pyrH | pyrH | pgk,"abaylyi,ccrescentus,mgenitalium,mpne,mtuberculosis,saureus,styphimurium,syn3a",0.8666666666666667,ldpD | poxB | areC | gacA | pepP,"abaylyi,ccrescentus,styphimurium",0.06666666666666667,-0.08479772769758943,-0.00019080281639688372,-0.28504542272142225,-0.12334465107846952
79,cbiF | citD | gltL | cbiG | proV | rbfA | pduK | ftsI,"ccrescentus,styphimurium",0.06666666666666667,pgi | pgi | pgi | gmk | gmk | gmk | gmk | gmk,"abaylyi,ccrescentus,mgenitalium,mpne,mtuberculosis,saureus,styphimurium,syn3a",0.9333333333333333,ldpD | poxB | areC | gacA | pepP,"abaylyi,ccrescentus,styphimurium",0.06666666666666667,-0.20213064113799456,0.13994725315705223,-0.31247968281675775,-0.12488769026590003
61,dnaA | rpsI | yjjV | tsf | rimM | ribF | sbcC | ysxC; yihA,"mgenitalium,saureus,styphimurium,syn3a",0.5333333333333333,pmmB | deoB | rpe | rpe | cfxE | rpe | nadK | pgpA,"ccrescentus,mgenitalium,mpne,mtuberculosis,saureus,styphimurium,syn3a",0.7333333333333333,ftsN | sigL | rplY | pduD | rplY | rpmD | pduP | citE,"ccrescentus,mtuberculosis,styphimurium",0.26666666666666666,-0.29606181475705867,0.14000509227224847,-0.22255418706063698,-0.12620363651514907
94,yaaA | yaeJ | yciH | vapB32 | ydiZ | nagD | vapB30 | gutQ,"abaylyi,mtuberculosis,styphimurium",0.0,pgi | pgi | pgi | prs | prs | prs | prs | prs,"abaylyi,ccrescentus,mgenitalium,mpne,mtuberculosis,saureus,styphimurium,syn3a",0.9333333333333333,tdk,mgenitalium,0.8,-0.17086925002245656,-0.059107148583406516,-0.1535459737509312,-0.1278407907855981
35,yicN | yqiK | ycfS | yjjY | yqgA | yjeH | yahN | yfiE,"abaylyi,ccrescentus,styphimurium,syn3a",0.06666666666666667,fba | fda | fbaA | fbaA | fba | nadD | dut | glf,"abaylyi,ccrescentus,mgenitalium,mpne,mtuberculosis,saureus,syn3a",1.0,ffh | SA1100 | gltX | adk | galU | trmU | tpi | clpB,"abaylyi,ccrescentus,mtuberculosis,saureus,styphimurium,syn3a",0.8,-0.025255666671281776,-0.09171918507121139,-0.27732593864873833,-0.13143359679707717
78,cbiL | hycI | rplO | rnc | ssaP | hemC | hybE | pduL,styphimurium,0.06666666666666667,galE | galE | galE | galE | galE | gapA | gap | gap,"abaylyi,ccrescentus,mgenitalium,mpne,mtuberculosis,saureus,styphimurium,syn3a",0.7333333333333333,fpr | dnaQ | serC | tatC | ribF | parA | hisI | ftsK,"abaylyi,ccrescentus,mpne,mtuberculosis,styphimurium",0.4666666666666667,-0.24677949845723038,0.024058987941823394,-0.18966086156795292,-0.13746045736111998
112,mtaB | ctpH | gcpE | moeA2 | vapB10 | argS | dosT,"ccrescentus,mpne,mtuberculosis",0.2,folD | folD | folD | folD | folD | folD | nadK | tmk,"abaylyi,ccrescentus,mgenitalium,mpne,mtuberculosis,saureus,styphimurium,syn3a",0.8,hpx | scpA | mce3C | gpm2 | vapC9 | PE_PGRS51 | mpt83 | dacB2,mtuberculosis,0.0,-0.17764054930326645,0.04809268161455448,-0.28526251622814613,-0.13827012797228602
22,dnaA | dnaA | visC | hdaA | hmgA,"ccrescentus,mtuberculosis,styphimurium,syn3a",0.2,gmk | gmk | gmk | gmk | gmk | gmk | gmk | gmk,"abaylyi,ccrescentus,mgenitalium,mpne,mtuberculosis,saureus,styphimurium,syn3a",0.9333333333333333,pyrH | pheS | gmk | pyrH | gmk | valS | smbA | leuS,"mgenitalium,mpne,saureus,syn3a",1.0,0.0774029941850797,-0.17667763262783032,-0.3195997712698966,-0.13962480323754908
108,rimM | moxR3 | yhbH | qseB | kdsA | nrdR | rpmE2 | nusA,"abaylyi,ccrescentus,mtuberculosis,styphimurium",0.13333333333333333,ptsG | ptsG | ptsG | ptsG | pgi | pgi | pgi | pyrG,"abaylyi,mgenitalium,mpne,mtuberculosis,saureus,styphimurium,syn3a",0.9333333333333333,gcd | yiiM | tcrY | corA | aroP | ybdF | idi | yceG,"abaylyi,ccrescentus,mtuberculosis,styphimurium",0.0,-0.0005078775156311498,-0.08689822583159353,-0.3419136409959717,-0.14310658144773214
86,dnaA | dnaA | rpsT | greA | chaA | lysR,"ccrescentus,mtuberculosis,styphimurium,syn3a",0.26666666666666666,pgpA | galU | galU; gtaB | galU | galU | galU | galU | pfkA,"abaylyi,ccrescentus,mgenitalium,mpne,mtuberculosis,saureus,styphimurium,syn3a",0.7333333333333333,amiC | vapC10 | hsp | ligC | eccB3 | tmk | glpQ2,"mtuberculosis,syn3a",0.2,-0.0765499824898121,-0.15279209572083405,-0.21649158038664412,-0.1486112195324301
9,dnaA | rpsN | thrS,"ccrescentus,mgenitalium,mtuberculosis,saureus,syn3a",0.2,fbaA | fba | fda | fbaA | fba | tdk | tdk | nadD,"abaylyi,mgenitalium,mpne,saureus,styphimurium,syn3a",0.9333333333333333,ldh | uppS | polC | parE | dpj | cmk | pgi | def,"mgenitalium,saureus,syn3a",0.7333333333333333,-0.14205930832290506,-0.0646367479504801,-0.2508218703085864,-0.15250597552732384
6,rpsN | rpmJ | rpsS | rplW | rpsS | capG | rplF | rplR,"abaylyi,mgenitalium,mpne,saureus",0.7333333333333333,rpe | rpe | rpe | cfxE | pgm | gpmI | gpmI | pgm,"ccrescentus,mgenitalium,mpne,mtuberculosis,saureus,styphimurium,syn3a",0.7333333333333333,pyrH | pheS | gmk | pyrH | gmk | valS | smbA | leuS,"ccrescentus,mgenitalium,saureus,syn3a",1.0,-0.37142802541646913,0.19439140468619223,-0.2813668664231864,-0.1528011623844878
24,ygiR | yeaL | yfcZ | yhdV | yjcB | yaiZ | yjbO | yjbA,"abaylyi,styphimurium",0.0,adk | adk | adk | adk | adk | adk | adk | ackA,"abaylyi,ccrescentus,mgenitalium,mpne,mtuberculosis,saureus,styphimurium,syn3a",0.7333333333333333,murI | msbA | murC | purN | bioF | murD | glmM | fum,"abaylyi,ccrescentus,mtuberculosis,styphimurium,syn3a",0.8666666666666667,0.015286704535540168,-0.18235304722022636,-0.29852622638363024,-0.15519752302277215
119,yedF | yciK | yfiH | yjgP | ybbJ | yohK | yidG | yedE,styphimurium,0.06666666666666667,tpiA | tpiA | tpiA | tpiA | tpi | tpi | deoB | pmmB,"ccrescentus,mgenitalium,mpne,mtuberculosis,saureus,styphimurium,syn3a",0.8666666666666667,tdk,mgenitalium,0.8,-0.36599988377963216,-0.11242831082643977,0.008649930842933926,-0.15659275458771268
127,holA | xseB | secE | adk | recO | rimM,"abaylyi,mgenitalium,syn3a",0.7333333333333333,fba | fba | fbaA | fbaA | fda | pgi | pgi | pgi,"abaylyi,mgenitalium,mpne,mtuberculosis,saureus,syn3a",0.9333333333333333,rpiB | smc | ribF | natA,"mgenitalium,mpne,syn3a",0.9333333333333333,-0.2778002559938298,0.13559281000730206,-0.32985359049046187,-0.1573536788256632
105,dnaA | rpsN | rpsS | dnaA | pth | tyrS | rpmJ | pqqA,"abaylyi,mgenitalium,mpne,mtuberculosis,saureus,syn3a",0.8666666666666667,ack | ackA | ackA | ackA | ackA | gltP | gpmI | pgm,"abaylyi,mgenitalium,mpne,mtuberculosis,saureus,styphimurium,syn3a",0.7333333333333333,SA1100 | adk | dnaG | trmU | tmk | tpi | ffh | hisS,"abaylyi,ccrescentus,mgenitalium,mtuberculosis,saureus,styphimurium,syn3a",0.8666666666666667,-0.28263085685683553,0.16928044120923924,-0.3955758335528636,-0.16964208306681994
87,invA | pduN | rpsH | pduH | cbiG | rpmH | tus | cbiF,"ccrescentus,mtuberculosis,styphimurium",0.13333333333333333,galU | galU | galU; gtaB | galU | galU | galU | pgk | pgk,"abaylyi,ccrescentus,mgenitalium,mpne,mtuberculosis,saureus,styphimurium,syn3a",0.8,ldpD | poxB | areC | gacA | pepP,"abaylyi,ccrescentus,styphimurium",0.06666666666666667,-0.11778926290679258,-0.0027757541560857455,-0.3913321473761138,-0.17063238814633072
28,ygdB | ttrB | ybbA | usg | sdhC | sigF | ybdB | entA,"ccrescentus,styphimurium",0.06666666666666667,fda | fbaA | fba | fba | fbaA | gap | gapDH | gap,"abaylyi,mgenitalium,mpne,saureus,styphimurium,syn3a",1.0,tbpA | trg | ppk2 | livJ | yjjX | rseC | sitA,"ccrescentus,styphimurium",0.0,-0.48564477236018805,0.12468977048664187,-0.15970756963958826,-0.17355419050437815
29,dnaA | rpsN | rpsS | rpmC | SA1415 | rpsS | rpmC | dnaA,"abaylyi,mgenitalium,mpne,mtuberculosis,saureus,syn3a",0.8666666666666667,gmk | gmk | gmk | gmk | gmk | gmk | gmk | gmk,"abaylyi,ccrescentus,mgenitalium,mpne,mtuberculosis,saureus,styphimurium,syn3a",0.9333333333333333,SA1672 | glyA | dnaJ | pyrH | pheS | ffh | gmk | pyrH,"mgenitalium,mpne,saureus,syn3a",0.8666666666666667,-0.3440588310193798,0.14563452442295524,-0.342630617488802,-0.1803516413617422
99,rpsN | rpmJ | rplW | rpsS | rpsD | metS | thrRS | trpRS,"abaylyi,mgenitalium,saureus,syn3a",0.8666666666666667,pgi | pgi | pgi | fbaA | fba | fda | fba | fbaA,"abaylyi,mgenitalium,mpne,saureus,syn3a",1.0,prfB | glmM | mnmE | glmS | accD | guaA | dxs | dxr,"abaylyi,ccrescentus,mtuberculosis,styphimurium",0.6666666666666666,-0.3465413591352252,0.1306516105146652,-0.3318747291639138,-0.18258815926149127
93,rfbB | pduN | mrdA | nasE | uhpA | modA | ptsA | yiaC,"ccrescentus,mtuberculosis,styphimurium",0.06666666666666667,pmmB | deoB | ldh | ldh | folD | folD | folD | folD,"abaylyi,ccrescentus,mgenitalium,mpne,mtuberculosis,saureus,styphimurium,syn3a",0.6666666666666666,ldpD | poxB | areC | gacA | pepP,"abaylyi,ccrescentus,styphimurium",0.06666666666666667,-0.21355619845617332,0.05376247765207194,-0.40693198324142893,-0.18890856801517675
49,yhhX | ydgE | ycjF | yjbR | yheU | ydhI | yjgM | yjdB,styphimurium,0.0,pgk | pgk | pgk | pgk | pgk | pfkA | pfk | pfkA,"abaylyi,mgenitalium,mpne,mtuberculosis,saureus,styphimurium,syn3a",0.7333333333333333,frdA | moaE2 | devB | sigK | yidC | fzeA | hutI,"ccrescentus,mtuberculosis",0.2,-0.4296692110423669,0.2775560732460134,-0.42338072540585103,-0.19183128773406818
73,ygaM | yohD | yjjY | ybhQ | yfiE | yhhA | yqgA | ybdH,styphimurium,0.0,adk | adk | adk | adk | adk | adk | adk | gltP,"abaylyi,ccrescentus,mgenitalium,mpne,mtuberculosis,saureus,styphimurium,syn3a",0.8,SA2292 | hld | SA1335 | SA1888 | SAS083 | tagA | holB,"mpne,saureus",0.4,-0.44140106813808583,0.14359501444465356,-0.2777349678381977,-0.19184700717720995
38,dnaA | rpsN | rpsD | pth | proS | capG | rpsO | tyrS,"abaylyi,mgenitalium,saureus,syn3a",0.8666666666666667,eutD | pta | pta | pta | pta | fda | fba | fbaA,"abaylyi,ccrescentus,mgenitalium,mpne,saureus,styphimurium,syn3a",0.7333333333333333,SA1672 | glyA | dnaJ | ffh | glyA | pyrH | pheS | topA,"mgenitalium,mpne,saureus,syn3a",0.8666666666666667,-0.23607018947513522,0.06747568610725603,-0.41316501042827375,-0.19391983793205095
95,prgJ | stfG | rimI | hisS | citG | tehA | hemG | yheR,styphimurium,0.06666666666666667,adk | adk | adk | adk | adk | adk | adk | pgk,"abaylyi,ccrescentus,mgenitalium,mpne,mtuberculosis,saureus,styphimurium,syn3a",0.8666666666666667,SA2292 | hld | SA1335 | SA1888 | SAS083 | tagA | holB,"mpne,saureus",0.4,-0.28459610415736514,-0.12516215974648476,-0.18730262013483293,-0.19902029467956095
74,yecS | gapA | pduL | yigA | yrbB | ugpQ | ilvG | ttrB,styphimurium,0.06666666666666667,pmmB | deoB | pgk | pgk | pgk | pgk | pgk | tpi,"abaylyi,ccrescentus,mgenitalium,mpne,mtuberculosis,saureus,styphimurium,syn3a",0.8666666666666667,polB | malT | fliJ | yehY | yegQ | rimM | nhaB | ssaU,styphimurium,0.0,-0.2967280234833953,0.07449292605227176,-0.3874896640229102,-0.20324158715134458
117,dnaA | rpsN | yycJ | tyrS | rpmC | bcsB; cps | rpmC,"abaylyi,mgenitalium,saureus,syn3a",0.8,galE | galE | galE | galE | galE | deoB | pmmB | deoD,"abaylyi,ccrescentus,mgenitalium,mpne,mtuberculosis,styphimurium,syn3a",0.6666666666666666,prfB | glmM | mnmE | glmS | accD | guaA | dxs | dxr,"abaylyi,ccrescentus,mtuberculosis,styphimurium",0.6666666666666666,-0.30650373079329923,-0.10830117299273613,-0.22506806807438917,-0.21329099062014154
91,yhhN | acpT,"ccrescentus,styphimurium",0.06666666666666667,deoB | pmmB | tdk | tdk | pgk | pgk | pgk | pgk,"abaylyi,mgenitalium,mpne,mtuberculosis,saureus,styphimurium,syn3a",0.8666666666666667,hpaA | fmu | recF | manA | fadE24,"abaylyi,ccrescentus,mtuberculosis,styphimurium",0.2,-0.44277646678085125,0.11518222296504113,-0.39900440213666716,-0.2421995486508258
